event_id,data_status,season,team,competition,match_id,match_no,date_proxy,opponent_proxy,venue_proxy,minute,second,game_state_proxy,player_name,position_group,x_120,y_80,x_m,y_m,zone_id,distance_to_goal_m,open_goal_angle_deg,in_penalty_area,in_six_yard_box,field_side,field_depth,body_part,shot_technique,play_pattern,under_pressure,one_v_one,keeper_distance_m,defender_count_in_shot_cone,big_chance_proxy,model_probability_goal,is_shot_on_target,is_goal,target_for_model
SYN_SHOT_000001,synthetic_modelled_not_official_event_data,2024-25,Liverpool,Premier League,LIV_PL_2024_25_04,4,2024-09-14,Brentford,away,42,51,drawing,Mohamed Salah,FW,93.15,33.36,81.51,28.36,Z076,24.16,16.78,0,0,central,final_third_outside_box,left_foot,normal,open_play,1,0,4.2,3,0,0.0102,1,0,0
SYN_SHOT_000002,synthetic_modelled_not_official_event_data,2024-25,Liverpool,Premier League,LIV_PL_2024_25_33,33,2025-04-06,Newcastle United,home,16,45,winning,Cody Gakpo,FW,88.15,32.61,77.13,27.71,Z068,28.57,14.26,0,0,central,final_third_outside_box,right_foot,normal,high_press_recovery,1,0,6.65,3,0,0.0055,1,0,0
SYN_SHOT_000003,synthetic_modelled_not_official_event_data,2024-25,Liverpool,Premier League,LIV_PL_2024_25_27,27,2025-02-21,Everton,home,54,40,drawing,Mohamed Salah,FW,90.14,47.06,78.88,40.0,Z077,26.8,15.17,0,0,central,final_third_outside_box,right_foot,chip,direct_free_kick,0,0,3.19,1,0,0.0123,1,0,0
SYN_SHOT_000004,synthetic_modelled_not_official_event_data,2024-25,Liverpool,Premier League,LIV_PL_2024_25_31,31,2025-03-22,Manchester City,home,45,42,drawing,Cody Gakpo,FW,105.94,63.92,92.69,54.33,Z087,23.77,9.28,0,0,right_wing,wide_final_third,right_foot,normal,open_play,0,0,2.2,3,0,0.0057,0,0,0
SYN_SHOT_000005,synthetic_modelled_not_official_event_data,2024-25,Liverpool,Premier League,LIV_PL_2024_25_38,38,2025-05-08,Wolverhampton Wanderers,away,95,51,winning,Mohamed Salah,FW,109.07,51.05,95.43,43.39,Z086,13.4,22.83,1,0,right_half_space,penalty_area,left_foot,first_time,open_play,0,0,3.62,0,0,0.1833,1,1,1
SYN_SHOT_000006,synthetic_modelled_not_official_event_data,2024-25,Liverpool,Premier League,LIV_PL_2024_25_05,5,2024-09-18,Brighton,home,67,27,winning,Cody Gakpo,FW,111.35,50.65,97.43,43.05,Z094,11.8,23.77,1,0,right_half_space,penalty_area,right_foot,normal,open_play,0,0,0.5,0,0,0.1469,0,0,0
SYN_SHOT_000007,synthetic_modelled_not_official_event_data,2024-25,Liverpool,Premier League,LIV_PL_2024_25_19,19,2024-12-28,Wolverhampton Wanderers,home,73,58,drawing,Mohamed Salah,FW,106.33,36.92,93.04,31.38,Z084,12.24,32.67,1,0,central,penalty_area,head,power,corner,0,0,3.58,1,0,0.1372,0,0,0
SYN_SHOT_000008,synthetic_modelled_not_official_event_data,2024-25,Liverpool,Premier League,LIV_PL_2024_25_19,19,2024-12-28,Wolverhampton Wanderers,home,30,37,drawing,Mohamed Salah,FW,109.34,43.52,95.68,36.99,Z085,9.79,39.6,1,0,central,penalty_area,left_foot,normal,counter_attack,1,1,3.36,0,1,0.735,1,0,0
SYN_SHOT_000009,synthetic_modelled_not_official_event_data,2024-25,Liverpool,Premier League,LIV_PL_2024_25_17,17,2024-12-12,Tottenham Hotspur,home,29,1,losing,Luis Díaz,FW,99.54,79.0,87.1,67.15,Z080,37.67,5.32,0,0,right_wing,final_third_outside_box,right_foot,power,open_play,0,0,0.5,1,0,0.0015,0,0,0
SYN_SHOT_000010,synthetic_modelled_not_official_event_data,2024-25,Liverpool,Premier League,LIV_PL_2024_25_11,11,2024-10-30,Leicester City,home,1,53,winning,Diogo Jota,FW,104.35,39.14,91.31,33.27,Z084,13.71,29.86,1,0,central,penalty_area,right_foot,first_time,open_play,1,0,0.67,0,0,0.1468,1,0,0
SYN_SHOT_000011,synthetic_modelled_not_official_event_data,2024-25,Liverpool,Premier League,LIV_PL_2024_25_12,12,2024-11-10,Manchester City,away,92,19,losing,Diogo Jota,FW,107.69,29.52,94.23,25.09,Z083,13.97,23.43,1,0,left_half_space,penalty_area,left_foot,normal,open_play,0,0,3.11,4,0,0.0911,0,0,0
SYN_SHOT_000012,synthetic_modelled_not_official_event_data,2024-25,Liverpool,Premier League,LIV_PL_2024_25_16,16,2024-12-05,Southampton,away,70,44,winning,Dominik Szoboszlai,MF,119.5,67.58,104.56,57.44,Z095,23.45,0.34,0,0,right_wing,wide_final_third,left_foot,normal,high_press_recovery,0,0,5.33,4,0,0.0065,0,0,0
SYN_SHOT_000013,synthetic_modelled_not_official_event_data,2024-25,Liverpool,Premier League,LIV_PL_2024_25_11,11,2024-10-30,Leicester City,home,93,7,drawing,Cody Gakpo,FW,101.41,34.65,88.74,29.46,Z084,16.89,23.66,1,0,central,penalty_area,right_foot,first_time,counter_attack,1,1,6.38,1,1,0.3213,1,0,0
SYN_SHOT_000014,synthetic_modelled_not_official_event_data,2024-25,Liverpool,Premier League,LIV_PL_2024_25_12,12,2024-11-10,Manchester City,away,92,55,winning,Mohamed Salah,FW,99.87,41.45,87.38,35.23,Z077,17.66,23.37,0,0,central,final_third_outside_box,left_foot,placed,open_play,0,0,1.26,3,0,0.0275,0,0,0
SYN_SHOT_000015,synthetic_modelled_not_official_event_data,2024-25,Liverpool,Premier League,LIV_PL_2024_25_10,10,2024-10-26,Ipswich Town,away,32,31,drawing,Mohamed Salah,FW,107.06,33.12,93.67,28.15,Z084,12.75,29.07,1,0,central,penalty_area,left_foot,normal,direct_free_kick,0,0,0.5,1,0,0.1462,0,0,0
SYN_SHOT_000016,synthetic_modelled_not_official_event_data,2024-25,Liverpool,Premier League,LIV_PL_2024_25_37,37,2025-04-30,West Ham United,home,46,35,winning,Alexis Mac Allister,MF,91.07,36.81,79.68,31.29,Z076,25.46,16.27,0,0,central,final_third_outside_box,head,normal,direct_free_kick,1,0,2.56,1,0,0.0038,1,0,0
SYN_SHOT_000017,synthetic_modelled_not_official_event_data,2024-25,Liverpool,Premier League,LIV_PL_2024_25_32,32,2025-03-26,Manchester United,away,50,40,winning,Luis Díaz,FW,108.0,28.46,94.5,24.19,Z083,14.37,21.7,1,0,left_half_space,penalty_area,left_foot,normal,open_play,1,0,5.63,1,0,0.0785,0,0,0
SYN_SHOT_000018,synthetic_modelled_not_official_event_data,2024-25,Liverpool,Premier League,LIV_PL_2024_25_34,34,2025-04-09,Nottingham Forest,away,11,3,losing,Diogo Jota,FW,96.09,16.68,84.08,14.18,Z074,28.82,10.61,0,0,left_wing,final_third_outside_box,right_foot,first_time,open_play,0,0,2.27,1,0,0.0059,0,0,0
SYN_SHOT_000019,synthetic_modelled_not_official_event_data,2024-25,Liverpool,Premier League,LIV_PL_2024_25_32,32,2025-03-28,Manchester United,away,66,38,winning,Mohamed Salah,FW,110.46,67.64,96.65,57.49,Z095,24.93,5.74,0,0,right_wing,wide_final_third,left_foot,normal,open_play,1,0,2.69,4,0,0.0038,0,0,0
SYN_SHOT_000020,synthetic_modelled_not_official_event_data,2024-25,Liverpool,Premier League,LIV_PL_2024_25_37,37,2025-05-04,West Ham United,home,20,48,drawing,Cody Gakpo,FW,115.42,21.15,100.99,17.98,Z091,16.52,6.45,1,0,left_half_space,penalty_area,right_foot,curled,open_play,1,0,4.15,1,0,0.0404,1,0,0
SYN_SHOT_000021,synthetic_modelled_not_official_event_data,2024-25,Liverpool,Premier League,LIV_PL_2024_25_37,37,2025-05-04,West Ham United,home,39,35,drawing,Diogo Jota,FW,92.3,14.45,80.76,12.28,Z074,32.55,9.63,0,0,left_wing,final_third_outside_box,left_foot,volley,counter_attack,1,0,3.9,4,0,0.0029,0,0,0
SYN_SHOT_000022,synthetic_modelled_not_official_event_data,2024-25,Liverpool,Premier League,LIV_PL_2024_25_33,33,2025-04-02,Newcastle United,home,69,5,drawing,Dominik Szoboszlai,MF,99.32,62.44,86.91,53.07,Z079,26.29,11.06,0,0,right_wing,final_third_outside_box,head,first_time,open_play,1,0,1.25,1,0,0.003,0,0,0
SYN_SHOT_000023,synthetic_modelled_not_official_event_data,2024-25,Liverpool,Premier League,LIV_PL_2024_25_22,22,2025-01-17,Bournemouth,away,13,43,drawing,Mohamed Salah,FW,99.6,40.24,87.15,34.2,Z077,17.85,23.17,0,0,central,final_third_outside_box,other,first_time,high_press_recovery,0,1,9.69,1,1,0.1048,0,0,0
SYN_SHOT_000024,synthetic_modelled_not_official_event_data,2024-25,Liverpool,Premier League,LIV_PL_2024_25_21,21,2025-01-08,Aston Villa,home,69,49,winning,Mohamed Salah,FW,111.3,48.39,97.39,41.13,Z093,10.43,30.29,1,0,central,six_yard_box,right_foot,normal,open_play,0,0,1.95,1,0,0.1888,0,0,0
SYN_SHOT_000025,synthetic_modelled_not_official_event_data,2024-25,Liverpool,Premier League,LIV_PL_2024_25_06,6,2024-09-28,Chelsea,away,65,53,winning,Dominik Szoboszlai,MF,109.48,53.13,95.79,45.16,Z086,14.47,18.99,1,0,right_half_space,penalty_area,head,half_volley,open_play,1,1,6.99,2,1,0.1554,1,0,0
SYN_SHOT_000026,synthetic_modelled_not_official_event_data,2024-25,Liverpool,Premier League,LIV_PL_2024_25_26,26,2025-02-16,Crystal Palace,away,12,46,drawing,Conor Bradley,DF,102.23,61.66,89.45,52.41,Z087,24.1,11.35,1,0,right_wing,wide_final_third,right_foot,curled,free_kick_indirect,1,0,1.2,1,0,0.0121,0,0,0
SYN_SHOT_000027,synthetic_modelled_not_official_event_data,2024-25,Liverpool,Premier League,LIV_PL_2024_25_20,20,2025-01-01,Arsenal,away,1,2,losing,Luis Díaz,FW,103.46,31.46,90.53,26.74,Z084,16.19,23.07,1,0,central,penalty_area,other,normal,counter_attack,0,0,3.45,2,0,0.0533,0,0,0
SYN_SHOT_000028,synthetic_modelled_not_official_event_data,2024-25,Liverpool,Premier League,LIV_PL_2024_25_17,17,2024-12-15,Tottenham Hotspur,home,44,30,winning,Mohamed Salah,FW,108.52,42.56,94.96,36.18,Z085,10.28,38.56,1,0,central,penalty_area,left_foot,normal,open_play,0,0,3.37,1,0,0.3498,1,0,0
SYN_SHOT_000029,synthetic_modelled_not_official_event_data,2024-25,Liverpool,Premier League,LIV_PL_2024_25_35,35,2025-04-16,Southampton,home,46,28,winning,Mohamed Salah,FW,104.95,35.45,91.83,30.13,Z084,13.73,28.85,1,0,central,penalty_area,right_foot,normal,open_play,0,0,0.74,2,0,0.1632,0,0,0
SYN_SHOT_000030,synthetic_modelled_not_official_event_data,2024-25,Liverpool,Premier League,LIV_PL_2024_25_05,5,2024-09-22,Brighton,home,70,31,drawing,Luis Díaz,FW,97.99,62.79,85.74,53.37,Z079,27.32,10.89,0,0,right_wing,final_third_outside_box,left_foot,normal,open_play,1,0,2.24,2,0,0.0043,0,0,0
SYN_SHOT_000031,synthetic_modelled_not_official_event_data,2024-25,Liverpool,Premier League,LIV_PL_2024_25_16,16,2024-12-05,Southampton,away,23,36,winning,Mohamed Salah,FW,113.78,49.13,99.56,41.76,Z093,9.48,27.51,1,1,central,six_yard_box,left_foot,first_time,open_play,0,0,2.98,0,1,0.6705,1,1,1
SYN_SHOT_000032,synthetic_modelled_not_official_event_data,2024-25,Liverpool,Premier League,LIV_PL_2024_25_29,29,2025-03-07,Ipswich Town,home,68,9,losing,Mohamed Salah,FW,101.34,61.37,88.67,52.17,Z087,24.42,11.58,1,0,right_wing,wide_final_third,left_foot,normal,high_press_recovery,0,1,5.74,2,1,0.1383,0,0,0
SYN_SHOT_000033,synthetic_modelled_not_official_event_data,2024-25,Liverpool,Premier League,LIV_PL_2024_25_36,36,2025-04-23,Tottenham Hotspur,away,19,17,drawing,Mohamed Salah,FW,102.1,13.02,89.34,11.06,Z082,27.77,8.6,0,0,left_wing,wide_final_third,head,half_volley,open_play,0,0,2.34,1,0,0.0042,0,0,0
SYN_SHOT_000034,synthetic_modelled_not_official_event_data,2024-25,Liverpool,Premier League,LIV_PL_2024_25_34,34,2025-04-10,Nottingham Forest,away,32,28,drawing,Diogo Jota,FW,110.56,35.39,96.74,30.08,Z092,9.14,40.77,1,0,central,six_yard_box,head,normal,corner,0,0,1.2,3,0,0.1164,1,0,0
SYN_SHOT_000035,synthetic_modelled_not_official_event_data,2024-25,Liverpool,Premier League,LIV_PL_2024_25_10,10,2024-10-23,Ipswich Town,away,66,26,winning,Conor Bradley,DF,110.66,43.93,96.83,37.34,Z093,8.83,42.82,1,0,central,six_yard_box,right_foot,placed,corner,0,0,2.35,5,0,0.1402,0,0,0
SYN_SHOT_000036,synthetic_modelled_not_official_event_data,2024-25,Liverpool,Premier League,LIV_PL_2024_25_25,25,2025-02-07,Chelsea,home,40,58,losing,Cody Gakpo,FW,77.13,13.1,67.49,11.13,Z058,43.93,8.15,0,0,left_wing,middle_third,right_foot,normal,open_play,0,0,3.23,3,0,0.0007,0,0,0
SYN_SHOT_000037,synthetic_modelled_not_official_event_data,2024-25,Liverpool,Premier League,LIV_PL_2024_25_11,11,2024-11-03,Leicester City,home,23,2,winning,Diogo Jota,FW,109.76,17.22,96.04,14.64,Z082,21.33,8.44,1,0,left_wing,wide_final_third,right_foot,curled,open_play,0,0,3.23,1,0,0.0397,1,0,0
SYN_SHOT_000038,synthetic_modelled_not_official_event_data,2024-25,Liverpool,Premier League,LIV_PL_2024_25_37,37,2025-05-02,West Ham United,home,51,1,winning,Cody Gakpo,FW,100.2,1.4,87.67,1.19,Z081,37.11,5.31,0,0,left_wing,wide_final_third,right_foot,curled,free_kick_indirect,1,0,0.5,2,0,0.0012,1,0,0
SYN_SHOT_000039,synthetic_modelled_not_official_event_data,2024-25,Liverpool,Premier League,LIV_PL_2024_25_26,26,2025-02-13,Crystal Palace,away,41,48,losing,Cody Gakpo,FW,106.93,49.84,93.57,42.37,Z085,14.17,24.07,1,0,central,penalty_area,other,first_time,open_play,0,0,2.1,1,0,0.0422,1,0,0
SYN_SHOT_000040,synthetic_modelled_not_official_event_data,2024-25,Liverpool,Premier League,LIV_PL_2024_25_14,14,2024-11-21,Newcastle United,away,29,27,drawing,Virgil van Dijk,DF,95.31,39.72,83.4,33.76,Z076,21.6,19.23,0,0,central,final_third_outside_box,right_foot,normal,open_play,0,0,0.5,4,0,0.007,0,0,0
SYN_SHOT_000041,synthetic_modelled_not_official_event_data,2024-25,Liverpool,Premier League,LIV_PL_2024_25_33,33,2025-04-03,Newcastle United,home,17,9,losing,Mohamed Salah,FW,110.91,37.33,97.04,31.73,Z092,8.27,46.61,1,0,central,six_yard_box,left_foot,normal,open_play,0,0,2.02,0,0,0.4561,1,0,0
SYN_SHOT_000042,synthetic_modelled_not_official_event_data,2024-25,Liverpool,Premier League,LIV_PL_2024_25_17,17,2024-12-14,Tottenham Hotspur,home,75,30,drawing,Federico Chiesa,FW,84.56,23.57,73.99,20.03,Z067,34.01,11.23,0,0,left_half_space,final_third_outside_box,right_foot,normal,open_play,0,0,2.44,1,0,0.0026,0,0,0
SYN_SHOT_000043,synthetic_modelled_not_official_event_data,2024-25,Liverpool,Premier League,LIV_PL_2024_25_30,30,2025-03-12,Leicester City,away,43,12,winning,Cody Gakpo,FW,107.9,51.23,94.41,43.54,Z086,14.25,22.21,1,0,right_half_space,penalty_area,head,normal,open_play,0,0,0.5,3,0,0.0376,1,0,0
SYN_SHOT_000044,synthetic_modelled_not_official_event_data,2024-25,Liverpool,Premier League,LIV_PL_2024_25_35,35,2025-04-18,Southampton,home,32,13,winning,Cody Gakpo,FW,99.6,47.17,87.15,40.09,Z077,18.86,20.89,0,0,central,final_third_outside_box,left_foot,normal,throw_in,1,0,3.3,0,0,0.0351,1,0,0
SYN_SHOT_000045,synthetic_modelled_not_official_event_data,2024-25,Liverpool,Premier League,LIV_PL_2024_25_06,6,2024-09-25,Chelsea,away,46,14,drawing,Cody Gakpo,FW,92.89,59.55,81.28,50.62,Z078,28.96,11.88,0,0,right_half_space,final_third_outside_box,right_foot,normal,open_play,0,0,1.19,3,0,0.0034,0,0,0
SYN_SHOT_000046,synthetic_modelled_not_official_event_data,2024-25,Liverpool,Premier League,LIV_PL_2024_25_28,28,2025-03-02,Fulham,away,53,47,drawing,Mohamed Salah,FW,113.55,50.19,99.36,42.66,Z094,10.34,23.84,1,0,right_half_space,penalty_area,left_foot,normal,open_play,1,0,0.5,2,0,0.1183,0,0,0
SYN_SHOT_000047,synthetic_modelled_not_official_event_data,2024-25,Liverpool,Premier League,LIV_PL_2024_25_09,9,2024-10-16,Fulham,home,64,41,winning,Mohamed Salah,FW,91.54,38.33,80.1,32.58,Z076,24.94,16.67,0,0,central,final_third_outside_box,other,volley,open_play,1,0,3.25,3,0,0.004,0,0,0
SYN_SHOT_000048,synthetic_modelled_not_official_event_data,2024-25,Liverpool,Premier League,LIV_PL_2024_25_06,6,2024-09-26,Chelsea,away,93,50,winning,Cody Gakpo,FW,115.69,40.62,101.23,34.53,Z093,3.8,87.75,1,1,central,six_yard_box,right_foot,volley,open_play,0,0,5.12,3,0,0.8238,1,1,1
SYN_SHOT_000049,synthetic_modelled_not_official_event_data,2024-25,Liverpool,Premier League,LIV_PL_2024_25_36,36,2025-04-23,Tottenham Hotspur,away,35,31,winning,Diogo Jota,FW,88.38,45.13,77.33,38.36,Z069,28.01,14.72,0,0,central,final_third_outside_box,left_foot,placed,open_play,1,0,5.39,3,0,0.0058,0,0,0
SYN_SHOT_000050,synthetic_modelled_not_official_event_data,2024-25,Liverpool,Premier League,LIV_PL_2024_25_25,25,2025-02-06,Chelsea,home,9,44,drawing,Luis Díaz,FW,99.54,33.92,87.1,28.83,Z076,18.63,21.44,0,0,central,final_third_outside_box,head,chip,counter_attack,1,0,6.11,0,0,0.029,0,0,0
SYN_SHOT_000051,synthetic_modelled_not_official_event_data,2024-25,Liverpool,Premier League,LIV_PL_2024_25_31,31,2025-03-22,Manchester City,home,60,23,winning,Darwin Núñez,FW,102.7,55.5,89.86,47.18,Z086,20.07,15.88,1,0,right_half_space,penalty_area,head,normal,open_play,1,0,3.3,0,0,0.0274,0,0,0
SYN_SHOT_000052,synthetic_modelled_not_official_event_data,2024-25,Liverpool,Premier League,LIV_PL_2024_25_02,2,2024-08-29,Aston Villa,away,70,14,winning,Federico Chiesa,FW,85.76,57.45,75.04,48.83,Z070,33.43,11.23,0,0,right_half_space,final_third_outside_box,left_foot,normal,counter_attack,0,0,3.3,4,0,0.0031,0,0,0
SYN_SHOT_000053,synthetic_modelled_not_official_event_data,2024-25,Liverpool,Premier League,LIV_PL_2024_25_12,12,2024-11-09,Manchester City,away,74,54,losing,Darwin Núñez,FW,82.16,46.07,71.89,39.16,Z069,33.51,12.32,0,0,central,final_third_outside_box,right_foot,volley,high_press_recovery,1,0,1.3,1,0,0.0031,1,0,0
SYN_SHOT_000054,synthetic_modelled_not_official_event_data,2024-25,Liverpool,Premier League,LIV_PL_2024_25_05,5,2024-09-22,Brighton,home,50,44,winning,Luis Díaz,FW,108.77,37.64,95.17,31.99,Z084,10.03,39.52,1,0,central,penalty_area,left_foot,power,open_play,1,0,0.5,2,0,0.1931,1,0,0
SYN_SHOT_000055,synthetic_modelled_not_official_event_data,2024-25,Liverpool,Premier League,LIV_PL_2024_25_08,8,2024-10-10,Everton,away,13,51,losing,Cody Gakpo,FW,118.23,9.91,103.45,8.42,Z089,25.63,1.01,0,0,left_wing,wide_final_third,left_foot,power,open_play,0,0,1.77,3,0,0.0035,1,0,0
SYN_SHOT_000056,synthetic_modelled_not_official_event_data,2024-25,Liverpool,Premier League,LIV_PL_2024_25_14,14,2024-11-20,Newcastle United,away,9,28,losing,Federico Chiesa,FW,99.37,38.59,86.95,32.8,Z076,18.09,22.83,0,0,central,final_third_outside_box,left_foot,normal,open_play,0,0,4.4,3,0,0.0257,0,0,0
SYN_SHOT_000057,synthetic_modelled_not_official_event_data,2024-25,Liverpool,Premier League,LIV_PL_2024_25_06,6,2024-09-29,Chelsea,away,36,28,winning,Cody Gakpo,FW,102.66,61.93,89.83,52.64,Z087,24.03,11.14,1,0,right_wing,wide_final_third,right_foot,volley,throw_in,0,0,5.71,3,0,0.0184,0,0,0
SYN_SHOT_000058,synthetic_modelled_not_official_event_data,2024-25,Liverpool,Premier League,LIV_PL_2024_25_34,34,2025-04-09,Nottingham Forest,away,76,7,winning,Luis Díaz,FW,112.63,24.0,98.55,20.4,Z091,15.05,12.5,1,0,left_half_space,penalty_area,right_foot,normal,open_play,0,0,3.6,2,0,0.0764,0,0,0
SYN_SHOT_000059,synthetic_modelled_not_official_event_data,2024-25,Liverpool,Premier League,LIV_PL_2024_25_23,23,2025-01-22,Brentford,home,28,53,drawing,Mohamed Salah,FW,104.38,53.93,91.33,45.84,Z086,18.08,17.69,1,0,right_half_space,penalty_area,head,normal,high_press_recovery,0,0,4.18,2,0,0.0601,0,0,0
SYN_SHOT_000060,synthetic_modelled_not_official_event_data,2024-25,Liverpool,Premier League,LIV_PL_2024_25_27,27,2025-02-21,Everton,home,25,7,winning,Mohamed Salah,FW,113.67,46.06,99.46,39.15,Z093,7.56,42.77,1,0,central,six_yard_box,left_foot,normal,counter_attack,0,0,0.96,0,0,0.5075,1,1,1
SYN_SHOT_000061,synthetic_modelled_not_official_event_data,2024-25,Liverpool,Premier League,LIV_PL_2024_25_30,30,2025-03-12,Leicester City,away,27,40,losing,Mohamed Salah,FW,92.19,34.17,80.67,29.04,Z076,24.83,16.45,0,0,central,final_third_outside_box,right_foot,normal,open_play,0,0,4.68,3,0,0.0132,0,0,0
SYN_SHOT_000062,synthetic_modelled_not_official_event_data,2024-25,Liverpool,Premier League,LIV_PL_2024_25_37,37,2025-05-03,West Ham United,home,17,56,losing,Mohamed Salah,FW,113.24,41.63,99.08,35.39,Z093,6.08,61.49,1,0,central,six_yard_box,left_foot,normal,open_play,0,0,1.08,5,0,0.466,1,1,1
SYN_SHOT_000063,synthetic_modelled_not_official_event_data,2024-25,Liverpool,Premier League,LIV_PL_2024_25_24,24,2025-02-01,Brighton,away,30,15,drawing,Mohamed Salah,FW,104.58,58.12,91.5,49.4,Z086,20.48,13.68,1,0,right_half_space,penalty_area,left_foot,normal,open_play,1,0,5.4,0,0,0.0494,1,0,0
SYN_SHOT_000064,synthetic_modelled_not_official_event_data,2024-25,Liverpool,Premier League,LIV_PL_2024_25_05,5,2024-09-19,Brighton,home,28,11,winning,Trent Kone-Doherty,FW,103.6,62.96,90.65,53.52,Z087,24.23,10.38,1,0,right_wing,wide_final_third,left_foot,normal,open_play,0,0,3.0,1,0,0.0164,1,0,0
SYN_SHOT_000065,synthetic_modelled_not_official_event_data,2024-25,Liverpool,Premier League,LIV_PL_2024_25_06,6,2024-09-27,Chelsea,away,24,30,drawing,Luis Díaz,FW,103.04,73.16,90.16,62.19,Z088,31.86,6.19,0,0,right_wing,wide_final_third,right_foot,placed,open_play,1,0,4.83,1,0,0.0029,0,0,0
SYN_SHOT_000066,synthetic_modelled_not_official_event_data,2024-25,Liverpool,Premier League,LIV_PL_2024_25_13,13,2024-11-16,Manchester United,home,87,49,winning,Diogo Jota,FW,89.55,15.8,78.36,13.43,Z066,33.66,9.88,0,0,left_wing,final_third_outside_box,head,normal,open_play,0,0,4.84,1,0,0.0029,1,0,0
SYN_SHOT_000067,synthetic_modelled_not_official_event_data,2024-25,Liverpool,Premier League,LIV_PL_2024_25_09,9,2024-10-16,Fulham,home,81,46,winning,Mohamed Salah,FW,91.11,34.88,79.72,29.65,Z076,25.65,16.02,0,0,central,final_third_outside_box,head,curled,counter_attack,0,0,5.29,2,0,0.0151,0,0,0
SYN_SHOT_000068,synthetic_modelled_not_official_event_data,2024-25,Liverpool,Premier League,LIV_PL_2024_25_21,21,2025-01-11,Aston Villa,home,30,22,winning,Luis Díaz,FW,98.21,49.93,85.93,42.44,Z077,20.85,18.32,0,0,central,final_third_outside_box,left_foot,normal,open_play,0,0,3.13,2,0,0.0215,0,0,0
SYN_SHOT_000069,synthetic_modelled_not_official_event_data,2024-25,Liverpool,Premier League,LIV_PL_2024_25_07,7,2024-10-06,Crystal Palace,home,91,52,winning,James McConnell,MF,106.09,15.88,92.83,13.5,Z082,23.84,9.12,0,0,left_wing,wide_final_third,right_foot,volley,open_play,0,0,6.04,0,0,0.0128,0,0,0
SYN_SHOT_000070,synthetic_modelled_not_official_event_data,2024-25,Liverpool,Premier League,LIV_PL_2024_25_15,15,2024-11-29,Nottingham Forest,home,28,25,drawing,Mohamed Salah,FW,92.19,41.93,80.67,35.64,Z077,24.39,17.03,0,0,central,final_third_outside_box,left_foot,normal,direct_free_kick,1,0,4.34,1,0,0.0122,1,1,1
SYN_SHOT_000071,synthetic_modelled_not_official_event_data,2024-25,Liverpool,Premier League,LIV_PL_2024_25_01,1,2024-08-22,Arsenal,home,74,38,winning,Darwin Núñez,FW,115.56,35.89,101.11,30.51,Z092,5.23,63.96,1,1,central,six_yard_box,left_foot,normal,free_kick_indirect,0,0,1.13,1,1,0.8921,1,1,1
SYN_SHOT_000072,synthetic_modelled_not_official_event_data,2024-25,Liverpool,Premier League,LIV_PL_2024_25_04,4,2024-09-13,Brentford,away,8,8,losing,Mohamed Salah,FW,101.4,76.51,88.73,65.03,Z088,35.04,5.6,0,0,right_wing,wide_final_third,left_foot,volley,open_play,1,0,2.47,1,0,0.0018,1,0,0
SYN_SHOT_000073,synthetic_modelled_not_official_event_data,2024-25,Liverpool,Premier League,LIV_PL_2024_25_18,18,2024-12-21,West Ham United,away,19,51,drawing,Dominik Szoboszlai,MF,113.87,25.59,99.64,21.75,Z091,13.38,13.35,1,0,left_half_space,penalty_area,right_foot,normal,free_kick_indirect,0,0,3.82,0,0,0.109,0,0,0
SYN_SHOT_000074,synthetic_modelled_not_official_event_data,2024-25,Liverpool,Premier League,LIV_PL_2024_25_21,21,2025-01-10,Aston Villa,home,91,22,winning,Jayden Danns,FW,112.28,49.89,98.24,42.41,Z093,10.79,25.66,1,0,central,six_yard_box,left_foot,curled,open_play,0,0,1.84,4,0,0.0758,0,0,0
SYN_SHOT_000075,synthetic_modelled_not_official_event_data,2024-25,Liverpool,Premier League,LIV_PL_2024_25_37,37,2025-05-02,West Ham United,home,28,39,drawing,Luis Díaz,FW,107.71,67.83,94.25,57.66,Z087,25.99,6.78,0,0,right_wing,wide_final_third,left_foot,first_time,open_play,0,0,4.23,3,0,0.0053,0,0,0
SYN_SHOT_000076,synthetic_modelled_not_official_event_data,2024-25,Liverpool,Premier League,LIV_PL_2024_25_04,4,2024-09-14,Brentford,away,63,56,winning,Alexis Mac Allister,MF,108.18,30.4,94.65,25.84,Z084,13.18,25.3,1,0,central,penalty_area,right_foot,volley,high_press_recovery,1,0,0.5,1,0,0.0789,0,0,0
SYN_SHOT_000077,synthetic_modelled_not_official_event_data,2024-25,Liverpool,Premier League,LIV_PL_2024_25_34,34,2025-04-13,Nottingham Forest,away,81,33,winning,Mohamed Salah,FW,72.84,45.41,63.73,38.6,Z061,41.52,10.01,0,0,central,middle_third,head,placed,open_play,0,0,0.72,3,0,0.0007,0,0,0
SYN_SHOT_000078,synthetic_modelled_not_official_event_data,2024-25,Liverpool,Premier League,LIV_PL_2024_25_10,10,2024-10-25,Ipswich Town,away,70,36,drawing,Trey Nyoni,MF,99.15,52.87,86.76,44.94,Z078,21.27,16.91,0,0,right_half_space,final_third_outside_box,right_foot,normal,open_play,1,0,6.11,0,0,0.0156,0,0,0
SYN_SHOT_000079,synthetic_modelled_not_official_event_data,2024-25,Liverpool,Premier League,LIV_PL_2024_25_17,17,2024-12-14,Tottenham Hotspur,home,60,40,winning,Mohamed Salah,FW,115.26,44.69,100.85,37.98,Z093,5.75,57.03,1,1,central,six_yard_box,left_foot,normal,counter_attack,1,0,4.38,3,0,0.7512,1,1,1
SYN_SHOT_000080,synthetic_modelled_not_official_event_data,2024-25,Liverpool,Premier League,LIV_PL_2024_25_38,38,2025-05-11,Wolverhampton Wanderers,away,35,25,drawing,Cody Gakpo,FW,100.26,76.96,87.72,65.41,Z088,35.85,5.68,0,0,right_wing,wide_final_third,left_foot,first_time,open_play,1,0,2.6,0,0,0.0018,0,0,0
SYN_SHOT_000081,synthetic_modelled_not_official_event_data,2024-25,Liverpool,Premier League,LIV_PL_2024_25_35,35,2025-04-16,Southampton,home,1,50,winning,Alexis Mac Allister,MF,88.31,34.67,77.27,29.47,Z068,28.1,14.66,0,0,central,final_third_outside_box,right_foot,normal,open_play,0,0,4.35,1,0,0.0102,1,0,0
SYN_SHOT_000082,synthetic_modelled_not_official_event_data,2024-25,Liverpool,Premier League,LIV_PL_2024_25_26,26,2025-02-16,Crystal Palace,away,52,49,losing,Cody Gakpo,FW,102.97,39.64,90.1,33.69,Z084,14.9,27.59,1,0,central,penalty_area,right_foot,normal,corner,0,0,5.01,2,0,0.115,0,0,0
SYN_SHOT_000083,synthetic_modelled_not_official_event_data,2024-25,Liverpool,Premier League,LIV_PL_2024_25_05,5,2024-09-18,Brighton,home,54,46,drawing,Alexis Mac Allister,MF,103.93,47.4,90.94,40.29,Z085,15.4,24.7,1,0,central,penalty_area,left_foot,placed,high_press_recovery,1,0,0.5,1,0,0.0771,1,0,0
SYN_SHOT_000084,synthetic_modelled_not_official_event_data,2024-25,Liverpool,Premier League,LIV_PL_2024_25_06,6,2024-09-25,Chelsea,away,35,54,drawing,Luis Díaz,FW,104.86,75.68,91.75,64.32,Z088,33.09,5.12,0,0,right_wing,wide_final_third,head,power,open_play,1,0,1.27,1,0,0.0012,0,0,0
SYN_SHOT_000085,synthetic_modelled_not_official_event_data,2024-25,Liverpool,Premier League,LIV_PL_2024_25_13,13,2024-11-16,Manchester United,home,41,10,winning,Luis Díaz,FW,114.18,54.74,99.91,46.53,Z094,13.52,12.4,1,0,right_half_space,penalty_area,right_foot,normal,open_play,0,0,1.24,2,0,0.0679,0,0,0
SYN_SHOT_000086,synthetic_modelled_not_official_event_data,2024-25,Liverpool,Premier League,LIV_PL_2024_25_04,4,2024-09-13,Brentford,away,88,25,winning,Luis Díaz,FW,106.92,44.64,93.55,37.94,Z085,12.11,32.18,1,0,central,penalty_area,other,normal,open_play,0,0,2.21,3,0,0.0542,0,0,0
SYN_SHOT_000087,synthetic_modelled_not_official_event_data,2024-25,Liverpool,Premier League,LIV_PL_2024_25_30,30,2025-03-15,Leicester City,away,42,39,drawing,Mohamed Salah,FW,111.45,55.82,97.52,47.44,Z094,15.39,13.78,1,0,right_half_space,penalty_area,left_foot,first_time,high_press_recovery,0,0,3.0,0,0,0.1026,0,0,0
SYN_SHOT_000088,synthetic_modelled_not_official_event_data,2024-25,Liverpool,Premier League,LIV_PL_2024_25_09,9,2024-10-20,Fulham,home,54,6,losing,Mohamed Salah,FW,111.37,49.01,97.45,41.66,Z093,10.75,28.38,1,0,central,six_yard_box,head,first_time,open_play,0,0,4.38,1,0,0.1534,1,0,0
SYN_SHOT_000089,synthetic_modelled_not_official_event_data,2024-25,Liverpool,Premier League,LIV_PL_2024_25_15,15,2024-11-27,Nottingham Forest,home,79,42,winning,Luis Díaz,FW,81.65,54.95,71.44,46.71,Z070,35.88,10.91,0,0,right_half_space,final_third_outside_box,right_foot,curled,open_play,1,0,5.19,1,0,0.0022,0,0,0
SYN_SHOT_000090,synthetic_modelled_not_official_event_data,2024-25,Liverpool,Premier League,LIV_PL_2024_25_35,35,2025-04-19,Southampton,home,18,16,winning,Mohamed Salah,FW,93.02,13.08,81.39,11.12,Z074,32.88,9.2,0,0,left_wing,final_third_outside_box,right_foot,power,open_play,0,0,2.23,6,0,0.0024,0,0,0
SYN_SHOT_000091,synthetic_modelled_not_official_event_data,2024-25,Liverpool,Premier League,LIV_PL_2024_25_18,18,2024-12-20,West Ham United,away,43,34,drawing,Mohamed Salah,FW,106.04,27.53,92.79,23.4,Z083,16.17,19.81,1,0,left_half_space,penalty_area,right_foot,curled,direct_free_kick,0,0,2.33,1,0,0.0623,0,0,0
SYN_SHOT_000092,synthetic_modelled_not_official_event_data,2024-25,Liverpool,Premier League,LIV_PL_2024_25_24,24,2025-02-02,Brighton,away,95,33,winning,Mohamed Salah,FW,102.57,30.69,89.75,26.09,Z084,17.18,21.61,1,0,central,penalty_area,left_foot,curled,open_play,0,0,4.19,2,0,0.0981,0,0,0
SYN_SHOT_000093,synthetic_modelled_not_official_event_data,2024-25,Liverpool,Premier League,LIV_PL_2024_25_38,38,2025-05-11,Wolverhampton Wanderers,away,92,16,losing,Mohamed Salah,FW,96.1,40.4,84.08,34.34,Z077,20.92,19.85,0,0,central,final_third_outside_box,right_foot,first_time,open_play,1,0,0.5,1,0,0.0188,0,0,0
SYN_SHOT_000094,synthetic_modelled_not_official_event_data,2024-25,Liverpool,Premier League,LIV_PL_2024_25_34,34,2025-04-09,Nottingham Forest,away,86,31,drawing,Mohamed Salah,FW,95.84,2.49,83.86,2.12,Z073,38.25,6.09,0,0,left_wing,final_third_outside_box,left_foot,normal,open_play,0,0,0.5,5,0,0.0012,0,0,0
SYN_SHOT_000095,synthetic_modelled_not_official_event_data,2024-25,Liverpool,Premier League,LIV_PL_2024_25_38,38,2025-05-10,Wolverhampton Wanderers,away,93,5,drawing,Curtis Jones,MF,118.19,48.13,103.41,40.91,Z093,7.09,17.49,1,1,central,six_yard_box,right_foot,power,open_play,0,0,2.35,1,1,0.5018,1,0,0
SYN_SHOT_000096,synthetic_modelled_not_official_event_data,2024-25,Liverpool,Premier League,LIV_PL_2024_25_36,36,2025-04-24,Tottenham Hotspur,away,61,23,winning,Diogo Jota,FW,113.71,58.81,99.5,49.99,Z094,16.91,8.41,1,0,right_half_space,penalty_area,head,curled,open_play,0,0,3.48,2,0,0.0419,1,0,0
SYN_SHOT_000097,synthetic_modelled_not_official_event_data,2024-25,Liverpool,Premier League,LIV_PL_2024_25_05,5,2024-09-21,Brighton,home,11,43,drawing,Harvey Elliott,MF,96.97,48.05,84.85,40.84,Z077,21.28,18.55,0,0,central,final_third_outside_box,right_foot,normal,free_kick_indirect,1,0,0.5,3,0,0.0061,0,0,0
SYN_SHOT_000098,synthetic_modelled_not_official_event_data,2024-25,Liverpool,Premier League,LIV_PL_2024_25_31,31,2025-03-20,Manchester City,home,28,40,drawing,Cody Gakpo,FW,76.16,55.79,66.64,47.42,Z062,40.64,9.73,0,0,right_half_space,middle_third,head,placed,open_play,1,0,2.62,2,0,0.0006,0,0,0
SYN_SHOT_000099,synthetic_modelled_not_official_event_data,2024-25,Liverpool,Premier League,LIV_PL_2024_25_04,4,2024-09-12,Brentford,away,58,22,losing,Diogo Jota,FW,106.29,14.16,93.01,12.04,Z082,25.03,8.15,0,0,left_wing,wide_final_third,right_foot,half_volley,free_kick_indirect,0,0,2.29,2,0,0.0084,1,0,0
SYN_SHOT_000100,synthetic_modelled_not_official_event_data,2024-25,Liverpool,Premier League,LIV_PL_2024_25_18,18,2024-12-19,West Ham United,away,72,1,winning,Darwin Núñez,FW,96.21,17.89,84.18,15.21,Z074,28.05,11.15,0,0,left_wing,final_third_outside_box,right_foot,curled,throw_in,1,0,3.54,2,0,0.005,0,0,0
SYN_SHOT_000101,synthetic_modelled_not_official_event_data,2024-25,Liverpool,Premier League,LIV_PL_2024_25_17,17,2024-12-14,Tottenham Hotspur,home,36,44,drawing,Cody Gakpo,FW,109.95,56.4,96.2,47.94,Z086,16.48,14.0,1,0,right_half_space,penalty_area,head,chip,open_play,1,0,2.6,4,0,0.016,1,0,0
SYN_SHOT_000102,synthetic_modelled_not_official_event_data,2024-25,Liverpool,Premier League,LIV_PL_2024_25_08,8,2024-10-09,Everton,away,6,59,winning,Alexis Mac Allister,MF,87.24,41.54,76.33,35.31,Z069,28.7,14.52,0,0,central,final_third_outside_box,right_foot,curled,open_play,0,0,2.41,3,0,0.0045,0,0,0
SYN_SHOT_000103,synthetic_modelled_not_official_event_data,2024-25,Liverpool,Premier League,LIV_PL_2024_25_30,30,2025-03-13,Leicester City,away,72,14,losing,Mohamed Salah,FW,85.03,27.88,74.4,23.7,Z067,32.29,12.28,0,0,left_half_space,final_third_outside_box,right_foot,normal,open_play,1,0,1.41,3,0,0.002,0,0,0
SYN_SHOT_000104,synthetic_modelled_not_official_event_data,2024-25,Liverpool,Premier League,LIV_PL_2024_25_17,17,2024-12-14,Tottenham Hotspur,home,88,8,drawing,Cody Gakpo,FW,82.49,17.91,72.17,15.22,Z066,37.82,9.63,0,0,left_wing,final_third_outside_box,right_foot,normal,open_play,1,0,1.15,3,0,0.0008,0,0,0
SYN_SHOT_000105,synthetic_modelled_not_official_event_data,2024-25,Liverpool,Premier League,LIV_PL_2024_25_21,21,2025-01-10,Aston Villa,home,69,55,drawing,Cody Gakpo,FW,118.97,52.95,104.1,45.01,Z094,11.04,3.49,1,0,right_half_space,penalty_area,right_foot,normal,open_play,0,0,4.98,2,0,0.0923,1,0,0
SYN_SHOT_000106,synthetic_modelled_not_official_event_data,2024-25,Liverpool,Premier League,LIV_PL_2024_25_23,23,2025-01-22,Brentford,home,35,46,drawing,Mohamed Salah,FW,106.89,30.98,93.53,26.34,Z084,13.8,25.39,1,0,central,penalty_area,left_foot,volley,open_play,1,0,2.06,1,0,0.0866,0,0,0
SYN_SHOT_000107,synthetic_modelled_not_official_event_data,2024-25,Liverpool,Premier League,LIV_PL_2024_25_06,6,2024-09-28,Chelsea,away,35,59,winning,Diogo Jota,FW,109.28,32.61,95.62,27.72,Z084,11.29,31.04,1,0,central,penalty_area,other,placed,open_play,0,0,0.5,1,0,0.1004,0,0,0
SYN_SHOT_000108,synthetic_modelled_not_official_event_data,2024-25,Liverpool,Premier League,LIV_PL_2024_25_09,9,2024-10-17,Fulham,home,23,59,losing,Mohamed Salah,FW,92.52,16.54,80.95,14.06,Z074,31.24,10.36,0,0,left_wing,final_third_outside_box,left_foot,volley,throw_in,0,0,3.2,3,0,0.0041,0,0,0
SYN_SHOT_000109,synthetic_modelled_not_official_event_data,2024-25,Liverpool,Premier League,LIV_PL_2024_25_21,21,2025-01-12,Aston Villa,home,6,13,drawing,Mohamed Salah,FW,112.96,29.74,98.84,25.28,Z091,10.68,24.13,1,0,left_half_space,penalty_area,right_foot,normal,open_play,1,1,4.25,0,1,0.4779,1,0,0
SYN_SHOT_000110,synthetic_modelled_not_official_event_data,2024-25,Liverpool,Premier League,LIV_PL_2024_25_20,20,2025-01-04,Arsenal,away,65,26,winning,Mohamed Salah,FW,93.42,35.61,81.74,30.27,Z076,23.56,17.45,0,0,central,final_third_outside_box,head,normal,free_kick_indirect,1,0,4.37,5,0,0.0071,0,0,0
SYN_SHOT_000111,synthetic_modelled_not_official_event_data,2024-25,Liverpool,Premier League,LIV_PL_2024_25_29,29,2025-03-06,Ipswich Town,home,10,21,drawing,Ryan Gravenberch,MF,110.0,22.98,96.25,19.54,Z091,16.9,13.23,1,0,left_half_space,penalty_area,right_foot,chip,open_play,0,0,1.39,1,0,0.0407,1,0,0
SYN_SHOT_000112,synthetic_modelled_not_official_event_data,2024-25,Liverpool,Premier League,LIV_PL_2024_25_22,22,2025-01-17,Bournemouth,away,8,10,losing,Mohamed Salah,FW,112.52,37.92,98.46,32.23,Z092,6.78,55.8,1,0,central,six_yard_box,head,power,high_press_recovery,1,0,3.58,2,0,0.4248,1,0,0
SYN_SHOT_000113,synthetic_modelled_not_official_event_data,2024-25,Liverpool,Premier League,LIV_PL_2024_25_36,36,2025-04-26,Tottenham Hotspur,away,61,34,winning,Mohamed Salah,FW,105.53,55.4,92.34,47.09,Z086,18.21,16.23,1,0,right_half_space,penalty_area,left_foot,normal,corner,1,0,0.97,1,0,0.0289,0,0,0
SYN_SHOT_000114,synthetic_modelled_not_official_event_data,2024-25,Liverpool,Premier League,LIV_PL_2024_25_23,23,2025-01-26,Brentford,home,10,12,losing,Cody Gakpo,FW,85.9,23.17,75.17,19.69,Z067,33.09,11.42,0,0,left_half_space,final_third_outside_box,head,normal,open_play,0,0,0.5,1,0,0.0021,0,0,0
SYN_SHOT_000115,synthetic_modelled_not_official_event_data,2024-25,Liverpool,Premier League,LIV_PL_2024_25_12,12,2024-11-06,Manchester City,away,72,45,winning,Luis Díaz,FW,93.94,18.48,82.2,15.71,Z074,29.23,11.23,0,0,left_wing,final_third_outside_box,right_foot,power,open_play,0,0,1.75,2,0,0.0049,0,0,0
SYN_SHOT_000116,synthetic_modelled_not_official_event_data,2024-25,Liverpool,Premier League,LIV_PL_2024_25_06,6,2024-09-25,Chelsea,away,44,8,drawing,Mohamed Salah,FW,105.7,41.68,92.49,35.42,Z085,12.59,32.24,1,0,central,penalty_area,right_foot,normal,open_play,0,0,3.19,1,0,0.2511,0,0,0
SYN_SHOT_000117,synthetic_modelled_not_official_event_data,2024-25,Liverpool,Premier League,LIV_PL_2024_25_01,1,2024-08-22,Arsenal,home,20,35,winning,Luis Díaz,FW,101.95,18.24,89.21,15.5,Z082,24.32,11.31,1,0,left_wing,wide_final_third,right_foot,power,open_play,1,0,2.96,2,0,0.0141,0,0,0
SYN_SHOT_000118,synthetic_modelled_not_official_event_data,2024-25,Liverpool,Premier League,LIV_PL_2024_25_29,29,2025-03-05,Ipswich Town,home,92,32,winning,Mohamed Salah,FW,91.15,16.67,79.76,14.17,Z074,32.1,10.3,0,0,left_wing,final_third_outside_box,head,normal,open_play,0,0,6.0,1,0,0.0037,0,0,0
SYN_SHOT_000119,synthetic_modelled_not_official_event_data,2024-25,Liverpool,Premier League,LIV_PL_2024_25_38,38,2025-05-08,Wolverhampton Wanderers,away,5,5,drawing,Luis Díaz,FW,102.08,42.08,89.32,35.77,Z085,15.78,25.97,1,0,central,penalty_area,right_foot,curled,throw_in,0,0,0.5,3,0,0.0669,1,0,0
SYN_SHOT_000120,synthetic_modelled_not_official_event_data,2024-25,Liverpool,Premier League,LIV_PL_2024_25_16,16,2024-12-05,Southampton,away,68,40,winning,Mohamed Salah,FW,114.92,50.56,100.55,42.98,Z094,10.02,20.52,1,1,right_half_space,penalty_area,right_foot,normal,counter_attack,1,0,3.7,2,0,0.406,1,0,0
SYN_SHOT_000121,synthetic_modelled_not_official_event_data,2024-25,Liverpool,Premier League,LIV_PL_2024_25_37,37,2025-05-01,West Ham United,home,33,7,drawing,Curtis Jones,MF,103.48,22.51,90.54,19.14,Z083,20.73,14.26,1,0,left_half_space,penalty_area,other,normal,throw_in,1,0,2.24,0,0,0.0108,1,0,0
SYN_SHOT_000122,synthetic_modelled_not_official_event_data,2024-25,Liverpool,Premier League,LIV_PL_2024_25_03,3,2024-09-08,Bournemouth,home,25,2,winning,Mohamed Salah,FW,108.42,19.42,94.87,16.51,Z082,20.21,10.63,1,0,left_wing,wide_final_third,left_foot,normal,open_play,1,0,3.53,0,0,0.0462,0,0,0
SYN_SHOT_000123,synthetic_modelled_not_official_event_data,2024-25,Liverpool,Premier League,LIV_PL_2024_25_23,23,2025-01-26,Brentford,home,5,30,drawing,Conor Bradley,DF,93.76,53.22,82.04,45.23,Z078,25.56,14.71,0,0,right_half_space,final_third_outside_box,head,normal,open_play,0,0,4.21,2,0,0.0045,0,0,0
SYN_SHOT_000124,synthetic_modelled_not_official_event_data,2024-25,Liverpool,Premier League,LIV_PL_2024_25_02,2,2024-08-28,Aston Villa,away,13,2,drawing,Cody Gakpo,FW,100.15,27.23,87.63,23.15,Z083,20.49,17.38,0,0,left_half_space,penalty_area,right_foot,normal,counter_attack,1,0,3.16,3,0,0.0132,0,0,0
SYN_SHOT_000125,synthetic_modelled_not_official_event_data,2024-25,Liverpool,Premier League,LIV_PL_2024_25_29,29,2025-03-06,Ipswich Town,home,5,25,winning,Luis Díaz,FW,119.5,31.62,104.56,26.88,Z092,7.14,4.88,1,1,central,six_yard_box,right_foot,curled,open_play,1,0,2.12,2,0,0.209,1,0,0
SYN_SHOT_000126,synthetic_modelled_not_official_event_data,2024-25,Liverpool,Premier League,LIV_PL_2024_25_09,9,2024-10-20,Fulham,home,31,15,losing,Luis Díaz,FW,102.6,28.89,89.78,24.56,Z083,17.91,19.92,1,0,left_half_space,penalty_area,right_foot,chip,open_play,1,0,2.69,1,0,0.0381,0,0,0
SYN_SHOT_000127,synthetic_modelled_not_official_event_data,2024-25,Liverpool,Premier League,LIV_PL_2024_25_10,10,2024-10-23,Ipswich Town,away,12,35,drawing,Mohamed Salah,FW,100.92,60.82,88.31,51.7,Z087,24.33,11.93,0,0,right_wing,wide_final_third,left_foot,power,open_play,1,0,7.86,3,0,0.0066,0,0,0
SYN_SHOT_000128,synthetic_modelled_not_official_event_data,2024-25,Liverpool,Premier League,LIV_PL_2024_25_12,12,2024-11-06,Manchester City,away,82,15,drawing,Darwin Núñez,FW,105.2,73.94,92.05,62.85,Z088,31.62,5.49,0,0,right_wing,wide_final_third,right_foot,normal,open_play,0,0,0.5,2,0,0.0029,0,0,0
SYN_SHOT_000129,synthetic_modelled_not_official_event_data,2024-25,Liverpool,Premier League,LIV_PL_2024_25_18,18,2024-12-19,West Ham United,away,45,22,winning,Alexis Mac Allister,MF,106.65,40.23,93.32,34.19,Z085,11.68,34.78,1,0,central,penalty_area,right_foot,normal,open_play,0,0,2.96,5,0,0.1218,0,0,0
SYN_SHOT_000130,synthetic_modelled_not_official_event_data,2024-25,Liverpool,Premier League,LIV_PL_2024_25_21,21,2025-01-12,Aston Villa,home,2,5,drawing,Luis Díaz,FW,91.12,26.37,79.73,22.41,Z075,27.8,13.69,0,0,left_half_space,final_third_outside_box,head,volley,open_play,0,0,2.95,2,0,0.004,0,0,0
SYN_SHOT_000131,synthetic_modelled_not_official_event_data,2024-25,Liverpool,Premier League,LIV_PL_2024_25_06,6,2024-09-29,Chelsea,away,47,25,winning,Cody Gakpo,FW,83.69,18.08,73.23,15.37,Z066,36.83,9.82,0,0,left_wing,final_third_outside_box,head,first_time,open_play,1,0,2.25,4,0,0.0006,0,0,0
SYN_SHOT_000132,synthetic_modelled_not_official_event_data,2024-25,Liverpool,Premier League,LIV_PL_2024_25_24,24,2025-01-29,Brighton,away,91,43,losing,Trent Alexander-Arnold,DF,114.38,4.28,100.08,3.64,Z089,30.76,2.21,0,0,left_wing,wide_final_third,head,normal,corner,0,0,3.24,3,0,0.001,1,0,0
SYN_SHOT_000133,synthetic_modelled_not_official_event_data,2024-25,Liverpool,Premier League,LIV_PL_2024_25_29,29,2025-03-06,Ipswich Town,home,27,10,drawing,Mohamed Salah,FW,95.75,17.1,83.78,14.54,Z074,28.8,10.78,0,0,left_wing,final_third_outside_box,left_foot,normal,open_play,1,0,0.5,1,0,0.0045,0,0,0
SYN_SHOT_000134,synthetic_modelled_not_official_event_data,2024-25,Liverpool,Premier League,LIV_PL_2024_25_32,32,2025-03-28,Manchester United,away,30,49,winning,Mohamed Salah,FW,98.28,79.0,85.99,67.15,Z080,38.21,5.49,0,0,right_wing,final_third_outside_box,left_foot,normal,open_play,1,0,4.85,3,0,0.0011,0,0,0
SYN_SHOT_000135,synthetic_modelled_not_official_event_data,2024-25,Liverpool,Premier League,LIV_PL_2024_25_03,3,2024-09-04,Bournemouth,home,85,3,losing,Ibrahima Konaté,DF,110.77,32.11,96.92,27.29,Z092,10.5,31.41,1,0,central,six_yard_box,right_foot,normal,open_play,0,0,4.29,0,0,0.2092,0,0,0
SYN_SHOT_000136,synthetic_modelled_not_official_event_data,2024-25,Liverpool,Premier League,LIV_PL_2024_25_05,5,2024-09-21,Brighton,home,73,15,winning,Cody Gakpo,FW,111.15,60.12,97.25,51.11,Z095,18.78,9.49,1,0,right_wing,wide_final_third,right_foot,normal,open_play,1,0,0.5,1,0,0.0259,0,0,0
SYN_SHOT_000137,synthetic_modelled_not_official_event_data,2024-25,Liverpool,Premier League,LIV_PL_2024_25_04,4,2024-09-12,Brentford,away,55,0,winning,Mohamed Salah,FW,99.51,62.04,87.07,52.73,Z079,25.93,11.26,0,0,right_wing,final_third_outside_box,left_foot,volley,free_kick_indirect,0,0,0.5,0,0,0.0114,0,0,0
SYN_SHOT_000138,synthetic_modelled_not_official_event_data,2024-25,Liverpool,Premier League,LIV_PL_2024_25_37,37,2025-05-01,West Ham United,home,48,7,drawing,Mohamed Salah,FW,91.66,44.15,80.21,37.53,Z077,25.04,16.47,0,0,central,final_third_outside_box,right_foot,normal,open_play,0,0,3.38,4,0,0.0129,0,0,0
SYN_SHOT_000139,synthetic_modelled_not_official_event_data,2024-25,Liverpool,Premier League,LIV_PL_2024_25_14,14,2024-11-20,Newcastle United,away,93,31,winning,Mohamed Salah,FW,106.21,38.16,92.94,32.44,Z084,12.17,33.27,1,0,central,penalty_area,left_foot,power,high_press_recovery,0,1,4.24,4,1,0.5224,1,1,1
SYN_SHOT_000140,synthetic_modelled_not_official_event_data,2024-25,Liverpool,Premier League,LIV_PL_2024_25_36,36,2025-04-26,Tottenham Hotspur,away,6,35,drawing,Federico Chiesa,FW,74.35,54.83,65.06,46.6,Z062,41.88,9.53,0,0,right_half_space,middle_third,left_foot,normal,open_play,0,0,0.71,0,0,0.0013,0,0,0
SYN_SHOT_000141,synthetic_modelled_not_official_event_data,2024-25,Liverpool,Premier League,LIV_PL_2024_25_29,29,2025-03-07,Ipswich Town,home,60,43,drawing,Cody Gakpo,FW,112.32,26.14,98.28,22.22,Z091,13.56,16.1,1,0,left_half_space,penalty_area,left_foot,normal,counter_attack,0,0,1.18,1,0,0.0986,0,0,0
SYN_SHOT_000142,synthetic_modelled_not_official_event_data,2024-25,Liverpool,Premier League,LIV_PL_2024_25_15,15,2024-11-29,Nottingham Forest,home,29,20,drawing,Luis Díaz,FW,89.47,72.55,78.29,61.67,Z072,38.46,7.6,0,0,right_wing,final_third_outside_box,left_foot,normal,free_kick_indirect,1,0,6.59,3,0,0.0009,0,0,0
SYN_SHOT_000143,synthetic_modelled_not_official_event_data,2024-25,Liverpool,Premier League,LIV_PL_2024_25_33,33,2025-04-03,Newcastle United,home,77,48,winning,Curtis Jones,MF,94.49,60.91,82.68,51.77,Z079,28.53,11.53,0,0,right_wing,final_third_outside_box,head,curled,open_play,0,0,1.05,2,0,0.003,0,0,0
SYN_SHOT_000144,synthetic_modelled_not_official_event_data,2024-25,Liverpool,Premier League,LIV_PL_2024_25_30,30,2025-03-16,Leicester City,away,69,16,winning,Diogo Jota,FW,88.31,41.88,77.27,35.6,Z069,27.78,14.99,0,0,central,final_third_outside_box,right_foot,normal,throw_in,1,0,0.5,2,0,0.0069,0,0,0
SYN_SHOT_000145,synthetic_modelled_not_official_event_data,2024-25,Liverpool,Premier League,LIV_PL_2024_25_38,38,2025-05-08,Wolverhampton Wanderers,away,38,33,winning,Mohamed Salah,FW,88.1,46.88,77.09,39.85,Z069,28.52,14.33,0,0,central,final_third_outside_box,head,curled,counter_attack,0,0,3.18,1,0,0.0103,0,0,0
SYN_SHOT_000146,synthetic_modelled_not_official_event_data,2024-25,Liverpool,Premier League,LIV_PL_2024_25_07,7,2024-10-05,Crystal Palace,home,32,0,drawing,Mohamed Salah,FW,118.33,39.96,103.54,33.97,Z092,1.46,136.54,1,1,central,six_yard_box,head,normal,open_play,1,0,4.76,3,0,0.7671,1,1,1
SYN_SHOT_000147,synthetic_modelled_not_official_event_data,2024-25,Liverpool,Premier League,LIV_PL_2024_25_38,38,2025-05-07,Wolverhampton Wanderers,away,25,27,winning,Mohamed Salah,FW,119.41,45.74,104.49,38.88,Z093,4.91,19.4,1,1,central,six_yard_box,right_foot,normal,counter_attack,1,1,5.89,1,1,0.8607,1,1,1
SYN_SHOT_000148,synthetic_modelled_not_official_event_data,2024-25,Liverpool,Premier League,LIV_PL_2024_25_25,25,2025-02-08,Chelsea,home,36,32,drawing,Diogo Jota,FW,90.08,2.19,78.82,1.86,Z073,41.45,6.41,0,0,left_wing,final_third_outside_box,left_foot,normal,counter_attack,1,0,4.75,1,0,0.0015,0,0,0
SYN_SHOT_000149,synthetic_modelled_not_official_event_data,2024-25,Liverpool,Premier League,LIV_PL_2024_25_25,25,2025-02-09,Chelsea,home,82,7,winning,Cody Gakpo,FW,108.0,40.0,94.5,34.0,Z085,10.5,38.43,1,0,central,penalty_area,right_foot,normal,penalty,0,0,3.66,2,1,0.9806,1,1,1
SYN_SHOT_000150,synthetic_modelled_not_official_event_data,2024-25,Liverpool,Premier League,LIV_PL_2024_25_19,19,2024-12-25,Wolverhampton Wanderers,home,44,36,winning,Mohamed Salah,FW,107.19,33.06,93.79,28.1,Z084,12.67,29.16,1,0,central,penalty_area,left_foot,first_time,counter_attack,1,0,5.38,4,0,0.1478,0,0,0
SYN_SHOT_000151,synthetic_modelled_not_official_event_data,2024-25,Liverpool,Premier League,LIV_PL_2024_25_06,6,2024-09-27,Chelsea,away,33,20,winning,Luis Díaz,FW,119.05,42.93,104.17,36.49,Z093,2.62,136.98,1,1,central,six_yard_box,right_foot,normal,open_play,0,0,5.08,1,1,0.9447,1,1,1
SYN_SHOT_000152,synthetic_modelled_not_official_event_data,2024-25,Liverpool,Premier League,LIV_PL_2024_25_32,32,2025-03-29,Manchester United,away,28,51,winning,Luis Díaz,FW,94.78,53.11,82.94,45.14,Z078,24.72,15.12,0,0,right_half_space,final_third_outside_box,head,placed,free_kick_indirect,0,0,4.08,4,0,0.0051,0,0,0
SYN_SHOT_000153,synthetic_modelled_not_official_event_data,2024-25,Liverpool,Premier League,LIV_PL_2024_25_12,12,2024-11-10,Manchester City,away,87,23,winning,Mohamed Salah,FW,90.23,57.37,78.95,48.77,Z078,29.94,12.18,0,0,right_half_space,final_third_outside_box,left_foot,normal,open_play,0,0,1.71,3,0,0.0037,0,0,0
SYN_SHOT_000154,synthetic_modelled_not_official_event_data,2024-25,Liverpool,Premier League,LIV_PL_2024_25_27,27,2025-02-22,Everton,home,63,48,losing,Mohamed Salah,FW,106.84,61.65,93.48,52.4,Z087,21.71,10.43,1,0,right_wing,wide_final_third,left_foot,first_time,open_play,1,0,1.02,4,0,0.0147,1,0,0
SYN_SHOT_000155,synthetic_modelled_not_official_event_data,2024-25,Liverpool,Premier League,LIV_PL_2024_25_36,36,2025-04-24,Tottenham Hotspur,away,81,41,drawing,Darwin Núñez,FW,83.39,70.39,72.96,59.83,Z072,41.15,7.95,0,0,right_wing,final_third_outside_box,head,normal,open_play,1,0,3.32,2,0,0.0006,0,0,0
SYN_SHOT_000156,synthetic_modelled_not_official_event_data,2024-25,Liverpool,Premier League,LIV_PL_2024_25_37,37,2025-05-01,West Ham United,home,50,59,winning,Luis Díaz,FW,111.37,23.87,97.45,20.29,Z091,15.65,13.42,1,0,left_half_space,penalty_area,right_foot,normal,open_play,0,0,3.01,2,0,0.0737,0,0,0
SYN_SHOT_000157,synthetic_modelled_not_official_event_data,2024-25,Liverpool,Premier League,LIV_PL_2024_25_02,2,2024-08-29,Aston Villa,away,57,27,winning,Mohamed Salah,FW,96.58,2.76,84.51,2.34,Z073,37.71,6.08,0,0,left_wing,final_third_outside_box,head,normal,open_play,0,0,4.59,2,0,0.0017,1,0,0
SYN_SHOT_000158,synthetic_modelled_not_official_event_data,2024-25,Liverpool,Premier League,LIV_PL_2024_25_36,36,2025-04-24,Tottenham Hotspur,away,51,50,winning,Cody Gakpo,FW,104.59,60.04,91.52,51.04,Z087,21.72,12.15,1,0,right_wing,wide_final_third,right_foot,normal,free_kick_indirect,0,0,4.34,1,0,0.038,0,0,0
SYN_SHOT_000159,synthetic_modelled_not_official_event_data,2024-25,Liverpool,Premier League,LIV_PL_2024_25_04,4,2024-09-14,Brentford,away,78,59,winning,Diogo Jota,FW,98.36,38.43,86.06,32.67,Z076,18.98,21.78,0,0,central,final_third_outside_box,right_foot,half_volley,counter_attack,0,0,3.09,1,0,0.0557,0,0,0
SYN_SHOT_000160,synthetic_modelled_not_official_event_data,2024-25,Liverpool,Premier League,LIV_PL_2024_25_12,12,2024-11-07,Manchester City,away,23,41,drawing,Cody Gakpo,FW,119.5,19.77,104.56,16.8,Z090,17.2,0.65,1,0,left_wing,wide_final_third,right_foot,placed,throw_in,0,0,2.75,2,0,0.0327,0,0,0
SYN_SHOT_000161,synthetic_modelled_not_official_event_data,2024-25,Liverpool,Premier League,LIV_PL_2024_25_24,24,2025-01-29,Brighton,away,58,7,winning,Luis Díaz,FW,101.41,30.13,88.74,25.61,Z084,18.3,20.32,1,0,central,penalty_area,left_foot,curled,open_play,0,1,4.79,1,1,0.2299,1,0,0
SYN_SHOT_000162,synthetic_modelled_not_official_event_data,2024-25,Liverpool,Premier League,LIV_PL_2024_25_05,5,2024-09-22,Brighton,home,65,40,winning,Mohamed Salah,FW,87.2,58.67,76.3,49.87,Z070,32.8,11.19,0,0,right_half_space,final_third_outside_box,left_foot,chip,high_press_recovery,0,0,4.29,5,0,0.004,1,0,0
SYN_SHOT_000163,synthetic_modelled_not_official_event_data,2024-25,Liverpool,Premier League,LIV_PL_2024_25_08,8,2024-10-12,Everton,away,52,26,winning,Mohamed Salah,FW,115.99,46.16,101.5,39.23,Z093,6.3,44.32,1,1,central,six_yard_box,right_foot,normal,open_play,0,0,1.99,3,0,0.605,1,1,1
SYN_SHOT_000164,synthetic_modelled_not_official_event_data,2024-25,Liverpool,Premier League,LIV_PL_2024_25_08,8,2024-10-12,Everton,away,94,24,drawing,Luis Díaz,FW,106.05,55.52,92.8,47.19,Z086,17.97,16.1,1,0,right_half_space,penalty_area,right_foot,volley,open_play,0,1,8.61,1,1,0.2126,1,0,0
SYN_SHOT_000165,synthetic_modelled_not_official_event_data,2024-25,Liverpool,Premier League,LIV_PL_2024_25_34,34,2025-04-10,Nottingham Forest,away,14,24,drawing,Mohamed Salah,FW,97.03,52.48,84.9,44.61,Z078,22.72,16.3,0,0,right_half_space,final_third_outside_box,left_foot,normal,open_play,1,0,3.34,2,0,0.0143,0,0,0
SYN_SHOT_000166,synthetic_modelled_not_official_event_data,2024-25,Liverpool,Premier League,LIV_PL_2024_25_22,22,2025-01-18,Bournemouth,away,52,59,winning,Luis Díaz,FW,100.53,47.89,87.97,40.71,Z085,18.31,21.18,0,0,central,penalty_area,right_foot,power,high_press_recovery,1,0,2.94,2,0,0.0246,0,0,0
SYN_SHOT_000167,synthetic_modelled_not_official_event_data,2024-25,Liverpool,Premier League,LIV_PL_2024_25_24,24,2025-02-01,Brighton,away,50,32,drawing,Mohamed Salah,FW,118.73,61.9,103.89,52.61,Z095,18.64,1.39,1,0,right_wing,wide_final_third,left_foot,first_time,open_play,0,1,5.73,1,1,0.1613,0,0,0
SYN_SHOT_000168,synthetic_modelled_not_official_event_data,2024-25,Liverpool,Premier League,LIV_PL_2024_25_16,16,2024-12-06,Southampton,away,33,41,drawing,Mohamed Salah,FW,108.48,49.16,94.92,41.78,Z085,12.73,26.38,1,0,central,penalty_area,left_foot,normal,open_play,1,0,3.01,2,0,0.13,1,0,0
SYN_SHOT_000169,synthetic_modelled_not_official_event_data,2024-25,Liverpool,Premier League,LIV_PL_2024_25_29,29,2025-03-07,Ipswich Town,home,52,47,losing,Mohamed Salah,FW,108.0,40.0,94.5,34.0,Z085,10.5,38.43,1,0,central,penalty_area,left_foot,normal,penalty,0,0,2.09,1,1,0.9781,1,1,1
SYN_SHOT_000170,synthetic_modelled_not_official_event_data,2024-25,Liverpool,Premier League,LIV_PL_2024_25_20,20,2025-01-01,Arsenal,away,65,54,drawing,Mohamed Salah,FW,115.34,41.26,100.92,35.07,Z093,4.21,81.68,1,1,central,six_yard_box,left_foot,normal,high_press_recovery,1,0,1.83,1,1,0.9149,1,0,0
SYN_SHOT_000171,synthetic_modelled_not_official_event_data,2024-25,Liverpool,Premier League,LIV_PL_2024_25_16,16,2024-12-08,Southampton,away,65,42,drawing,Cody Gakpo,FW,110.68,71.11,96.85,60.45,Z096,27.68,4.54,0,0,right_wing,wide_final_third,right_foot,normal,free_kick_indirect,1,0,4.44,1,0,0.0047,0,0,0
SYN_SHOT_000172,synthetic_modelled_not_official_event_data,2024-25,Liverpool,Premier League,LIV_PL_2024_25_36,36,2025-04-27,Tottenham Hotspur,away,87,32,drawing,Mohamed Salah,FW,102.4,53.91,89.6,45.83,Z086,19.41,17.22,1,0,right_half_space,penalty_area,left_foot,curled,open_play,0,0,0.5,0,0,0.0648,0,0,0
SYN_SHOT_000173,synthetic_modelled_not_official_event_data,2024-25,Liverpool,Premier League,LIV_PL_2024_25_21,21,2025-01-08,Aston Villa,home,73,45,winning,Alexis Mac Allister,MF,108.0,40.0,94.5,34.0,Z085,10.5,38.43,1,0,central,penalty_area,right_foot,first_time,penalty,0,0,4.11,1,1,0.9777,1,1,1
SYN_SHOT_000174,synthetic_modelled_not_official_event_data,2024-25,Liverpool,Premier League,LIV_PL_2024_25_17,17,2024-12-12,Tottenham Hotspur,home,34,44,drawing,Mohamed Salah,FW,108.85,42.95,95.25,36.51,Z085,10.07,39.05,1,0,central,penalty_area,head,volley,open_play,1,0,1.47,1,0,0.1571,0,0,0
SYN_SHOT_000175,synthetic_modelled_not_official_event_data,2024-25,Liverpool,Premier League,LIV_PL_2024_25_28,28,2025-03-01,Fulham,away,29,11,drawing,Trent Alexander-Arnold,DF,93.07,46.68,81.44,39.68,Z077,24.24,16.72,0,0,central,final_third_outside_box,right_foot,placed,open_play,0,0,2.57,3,0,0.0053,0,0,0
SYN_SHOT_000176,synthetic_modelled_not_official_event_data,2024-25,Liverpool,Premier League,LIV_PL_2024_25_24,24,2025-02-01,Brighton,away,44,37,winning,Luis Díaz,FW,118.38,50.25,103.58,42.71,Z094,8.83,9.14,1,1,right_half_space,penalty_area,right_foot,curled,open_play,1,0,1.42,0,1,0.4047,1,0,0
SYN_SHOT_000177,synthetic_modelled_not_official_event_data,2024-25,Liverpool,Premier League,LIV_PL_2024_25_13,13,2024-11-13,Manchester United,home,7,48,drawing,Jayden Danns,FW,87.84,1.0,76.86,0.85,Z065,43.48,6.26,0,0,left_wing,final_third_outside_box,right_foot,normal,free_kick_indirect,1,0,7.05,4,0,0.0004,0,0,0
SYN_SHOT_000178,synthetic_modelled_not_official_event_data,2024-25,Liverpool,Premier League,LIV_PL_2024_25_31,31,2025-03-23,Manchester City,home,17,54,losing,Darwin Núñez,FW,111.01,27.8,97.14,23.63,Z091,13.01,20.27,1,0,left_half_space,penalty_area,right_foot,normal,high_press_recovery,1,0,1.29,3,0,0.0468,1,0,0
SYN_SHOT_000179,synthetic_modelled_not_official_event_data,2024-25,Liverpool,Premier League,LIV_PL_2024_25_01,1,2024-08-25,Arsenal,home,65,15,drawing,Mohamed Salah,FW,107.11,25.76,93.72,21.9,Z083,16.54,17.6,1,0,left_half_space,penalty_area,right_foot,normal,counter_attack,1,1,6.44,1,1,0.2736,1,1,1
SYN_SHOT_000180,synthetic_modelled_not_official_event_data,2024-25,Liverpool,Premier League,LIV_PL_2024_25_26,26,2025-02-12,Crystal Palace,away,25,7,drawing,Luis Díaz,FW,104.44,29.25,91.39,24.86,Z083,16.4,21.31,1,0,left_half_space,penalty_area,left_foot,first_time,throw_in,0,0,3.11,2,0,0.0864,0,0,0
SYN_SHOT_000181,synthetic_modelled_not_official_event_data,2024-25,Liverpool,Premier League,LIV_PL_2024_25_03,3,2024-09-04,Bournemouth,home,39,38,drawing,Diogo Jota,FW,84.29,39.81,73.75,33.84,Z068,31.25,13.36,0,0,central,final_third_outside_box,right_foot,normal,counter_attack,1,1,3.5,0,1,0.0385,0,0,0
SYN_SHOT_000182,synthetic_modelled_not_official_event_data,2024-25,Liverpool,Premier League,LIV_PL_2024_25_18,18,2024-12-19,West Ham United,away,12,57,winning,Trey Nyoni,MF,103.01,55.0,90.14,46.75,Z086,19.58,16.38,1,0,right_half_space,penalty_area,left_foot,normal,counter_attack,0,0,6.42,2,0,0.0565,0,0,0
SYN_SHOT_000183,synthetic_modelled_not_official_event_data,2024-25,Liverpool,Premier League,LIV_PL_2024_25_27,27,2025-02-19,Everton,home,60,56,winning,Luis Díaz,FW,109.76,59.45,96.04,50.53,Z086,18.8,10.91,1,0,right_half_space,penalty_area,right_foot,curled,open_play,1,0,1.6,0,0,0.0331,0,0,0
SYN_SHOT_000184,synthetic_modelled_not_official_event_data,2024-25,Liverpool,Premier League,LIV_PL_2024_25_09,9,2024-10-19,Fulham,home,25,33,winning,Mohamed Salah,FW,91.62,48.67,80.16,41.37,Z077,25.91,15.45,0,0,central,final_third_outside_box,head,half_volley,open_play,0,0,1.59,0,0,0.0084,1,0,0
SYN_SHOT_000185,synthetic_modelled_not_official_event_data,2024-25,Liverpool,Premier League,LIV_PL_2024_25_38,38,2025-05-07,Wolverhampton Wanderers,away,17,42,drawing,Mohamed Salah,FW,119.5,36.36,104.56,30.91,Z092,3.13,138.57,1,1,central,six_yard_box,left_foot,normal,open_play,1,0,2.59,1,1,0.913,1,1,1
SYN_SHOT_000186,synthetic_modelled_not_official_event_data,2024-25,Liverpool,Premier League,LIV_PL_2024_25_38,38,2025-05-10,Wolverhampton Wanderers,away,29,38,drawing,Mohamed Salah,FW,106.02,16.69,92.77,14.18,Z082,23.28,9.61,1,0,left_wing,wide_final_third,left_foot,normal,open_play,0,0,4.02,2,0,0.0351,0,0,0
SYN_SHOT_000187,synthetic_modelled_not_official_event_data,2024-25,Liverpool,Premier League,LIV_PL_2024_25_06,6,2024-09-25,Chelsea,away,29,20,drawing,Luis Díaz,FW,94.79,53.81,82.94,45.74,Z078,24.99,14.8,0,0,right_half_space,final_third_outside_box,right_foot,normal,free_kick_indirect,1,0,1.02,1,0,0.0063,1,0,0
SYN_SHOT_000188,synthetic_modelled_not_official_event_data,2024-25,Liverpool,Premier League,LIV_PL_2024_25_01,1,2024-08-21,Arsenal,home,29,4,drawing,Cody Gakpo,FW,101.84,41.38,89.11,35.17,Z085,15.94,25.81,1,0,central,penalty_area,head,normal,open_play,0,0,2.43,3,0,0.0444,0,0,0
SYN_SHOT_000189,synthetic_modelled_not_official_event_data,2024-25,Liverpool,Premier League,LIV_PL_2024_25_37,37,2025-04-30,West Ham United,home,46,2,winning,Cody Gakpo,FW,108.31,39.02,94.77,33.16,Z084,10.26,39.16,1,0,central,penalty_area,right_foot,normal,open_play,0,0,0.5,2,0,0.2537,0,0,0
SYN_SHOT_000190,synthetic_modelled_not_official_event_data,2024-25,Liverpool,Premier League,LIV_PL_2024_25_37,37,2025-05-02,West Ham United,home,13,1,losing,Luis Díaz,FW,112.62,16.76,98.54,14.24,Z090,20.79,6.44,1,0,left_wing,wide_final_third,left_foot,volley,open_play,1,0,1.93,2,0,0.018,0,0,0
SYN_SHOT_000191,synthetic_modelled_not_official_event_data,2024-25,Liverpool,Premier League,LIV_PL_2024_25_33,33,2025-04-02,Newcastle United,home,76,18,winning,Alexis Mac Allister,MF,84.41,11.65,73.85,9.9,Z066,39.38,8.44,0,0,left_wing,final_third_outside_box,head,normal,open_play,0,0,2.72,2,0,0.0008,0,0,0
SYN_SHOT_000192,synthetic_modelled_not_official_event_data,2024-25,Liverpool,Premier League,LIV_PL_2024_25_18,18,2024-12-19,West Ham United,away,32,31,losing,Mohamed Salah,FW,119.5,32.15,104.56,27.33,Z092,6.68,5.84,1,1,central,six_yard_box,left_foot,normal,open_play,0,0,1.33,2,0,0.3947,1,1,1
SYN_SHOT_000193,synthetic_modelled_not_official_event_data,2024-25,Liverpool,Premier League,LIV_PL_2024_25_20,20,2025-01-01,Arsenal,away,3,19,drawing,Ryan Gravenberch,MF,119.5,52.3,104.56,44.45,Z094,10.46,1.91,1,0,right_half_space,penalty_area,right_foot,normal,open_play,1,0,0.5,1,0,0.0415,0,0,0
SYN_SHOT_000194,synthetic_modelled_not_official_event_data,2024-25,Liverpool,Premier League,LIV_PL_2024_25_16,16,2024-12-04,Southampton,away,1,53,winning,Mohamed Salah,FW,98.21,39.21,85.93,33.33,Z076,19.08,21.71,0,0,central,final_third_outside_box,left_foot,normal,direct_free_kick,0,0,6.51,5,0,0.0234,0,0,0
SYN_SHOT_000195,synthetic_modelled_not_official_event_data,2024-25,Liverpool,Premier League,LIV_PL_2024_25_36,36,2025-04-27,Tottenham Hotspur,away,14,16,winning,Mohamed Salah,FW,115.32,37.57,100.9,31.94,Z092,4.59,75.69,1,1,central,six_yard_box,head,normal,corner,1,0,3.1,0,1,0.8735,1,1,1
SYN_SHOT_000196,synthetic_modelled_not_official_event_data,2024-25,Liverpool,Premier League,LIV_PL_2024_25_17,17,2024-12-13,Tottenham Hotspur,home,5,52,losing,Darwin Núñez,FW,107.74,9.83,94.27,8.36,Z081,27.8,5.9,0,0,left_wing,wide_final_third,right_foot,normal,open_play,0,0,2.36,1,0,0.0046,0,0,0
SYN_SHOT_000197,synthetic_modelled_not_official_event_data,2024-25,Liverpool,Premier League,LIV_PL_2024_25_28,28,2025-02-26,Fulham,away,27,51,winning,Diogo Jota,FW,109.33,48.63,95.67,41.33,Z085,11.87,28.18,1,0,central,penalty_area,left_foot,curled,open_play,0,0,1.35,2,0,0.1477,1,1,1
SYN_SHOT_000198,synthetic_modelled_not_official_event_data,2024-25,Liverpool,Premier League,LIV_PL_2024_25_06,6,2024-09-27,Chelsea,away,43,19,winning,Mohamed Salah,FW,101.04,47.77,88.41,40.61,Z085,17.86,21.68,0,0,central,penalty_area,left_foot,curled,open_play,1,0,3.35,4,0,0.0243,1,1,1
SYN_SHOT_000199,synthetic_modelled_not_official_event_data,2024-25,Liverpool,Premier League,LIV_PL_2024_25_02,2,2024-08-28,Aston Villa,away,61,46,losing,Trent Kone-Doherty,FW,97.13,44.22,84.99,37.59,Z077,20.33,20.12,0,0,central,final_third_outside_box,right_foot,first_time,direct_free_kick,1,0,3.57,4,0,0.0059,0,0,0
SYN_SHOT_000200,synthetic_modelled_not_official_event_data,2024-25,Liverpool,Premier League,LIV_PL_2024_25_20,20,2025-01-03,Arsenal,away,45,24,drawing,Luis Díaz,FW,87.55,48.38,76.61,41.12,Z069,29.27,13.84,0,0,central,final_third_outside_box,right_foot,normal,open_play,0,0,0.5,5,0,0.0034,0,0,0
SYN_SHOT_000201,synthetic_modelled_not_official_event_data,2024-25,Liverpool,Premier League,LIV_PL_2024_25_38,38,2025-05-07,Wolverhampton Wanderers,away,51,36,winning,Darwin Núñez,FW,105.47,40.98,92.29,34.84,Z085,12.74,32.0,1,0,central,penalty_area,head,curled,corner,0,0,2.81,3,0,0.0498,0,0,0
SYN_SHOT_000202,synthetic_modelled_not_official_event_data,2024-25,Liverpool,Premier League,LIV_PL_2024_25_18,18,2024-12-19,West Ham United,away,58,42,losing,Federico Chiesa,FW,92.96,13.14,81.34,11.17,Z074,32.88,9.21,0,0,left_wing,final_third_outside_box,left_foot,normal,high_press_recovery,0,0,6.27,1,0,0.0044,0,0,0
SYN_SHOT_000203,synthetic_modelled_not_official_event_data,2024-25,Liverpool,Premier League,LIV_PL_2024_25_26,26,2025-02-12,Crystal Palace,away,36,50,drawing,Mohamed Salah,FW,96.14,51.27,84.12,43.58,Z078,22.97,16.55,0,0,right_half_space,final_third_outside_box,right_foot,chip,open_play,1,0,1.28,1,0,0.0105,0,0,0
SYN_SHOT_000204,synthetic_modelled_not_official_event_data,2024-25,Liverpool,Premier League,LIV_PL_2024_25_21,21,2025-01-12,Aston Villa,home,14,19,drawing,Mohamed Salah,FW,104.26,1.0,91.23,0.85,Z081,35.9,4.52,0,0,left_wing,wide_final_third,head,volley,open_play,1,0,2.25,4,0,0.0007,0,0,0
SYN_SHOT_000205,synthetic_modelled_not_official_event_data,2024-25,Liverpool,Premier League,LIV_PL_2024_25_23,23,2025-01-24,Brentford,home,85,11,losing,Darwin Núñez,FW,115.37,56.22,100.95,47.79,Z094,14.37,8.73,1,0,right_half_space,penalty_area,right_foot,first_time,corner,1,0,1.08,1,0,0.0267,0,0,0
SYN_SHOT_000206,synthetic_modelled_not_official_event_data,2024-25,Liverpool,Premier League,LIV_PL_2024_25_28,28,2025-03-01,Fulham,away,5,45,drawing,Alexis Mac Allister,MF,97.72,15.0,85.51,12.75,Z074,28.84,9.89,0,0,left_wing,final_third_outside_box,right_foot,normal,open_play,0,0,3.61,3,0,0.004,0,0,0
SYN_SHOT_000207,synthetic_modelled_not_official_event_data,2024-25,Liverpool,Premier League,LIV_PL_2024_25_22,22,2025-01-19,Bournemouth,away,30,57,drawing,Darwin Núñez,FW,108.09,50.51,94.58,42.93,Z086,13.72,23.55,1,0,right_half_space,penalty_area,head,normal,open_play,1,0,1.14,1,0,0.0416,0,0,0
SYN_SHOT_000208,synthetic_modelled_not_official_event_data,2024-25,Liverpool,Premier League,LIV_PL_2024_25_01,1,2024-08-25,Arsenal,home,55,41,winning,Luis Díaz,FW,97.98,55.0,85.73,46.75,Z078,23.1,15.16,0,0,right_half_space,final_third_outside_box,right_foot,normal,open_play,0,0,3.12,4,0,0.0097,0,0,0
SYN_SHOT_000209,synthetic_modelled_not_official_event_data,2024-25,Liverpool,Premier League,LIV_PL_2024_25_20,20,2025-01-03,Arsenal,away,45,35,winning,Mohamed Salah,FW,87.48,52.05,76.54,44.24,Z070,30.24,13.01,0,0,right_half_space,final_third_outside_box,left_foot,normal,direct_free_kick,1,0,3.85,1,0,0.0043,0,0,0
SYN_SHOT_000210,synthetic_modelled_not_official_event_data,2024-25,Liverpool,Premier League,LIV_PL_2024_25_09,9,2024-10-17,Fulham,home,41,51,winning,Mohamed Salah,FW,114.38,51.61,100.08,43.87,Z094,11.03,18.4,1,0,right_half_space,penalty_area,left_foot,normal,open_play,0,0,1.7,1,0,0.1283,0,0,0
SYN_SHOT_000211,synthetic_modelled_not_official_event_data,2024-25,Liverpool,Premier League,LIV_PL_2024_25_15,15,2024-11-28,Nottingham Forest,home,33,12,winning,Mohamed Salah,FW,119.5,23.62,104.56,20.08,Z091,13.93,1.02,1,0,left_half_space,penalty_area,left_foot,normal,open_play,0,0,5.23,1,0,0.0746,1,1,1
SYN_SHOT_000212,synthetic_modelled_not_official_event_data,2024-25,Liverpool,Premier League,LIV_PL_2024_25_03,3,2024-09-07,Bournemouth,home,95,25,drawing,Mohamed Salah,FW,119.5,17.77,104.56,15.1,Z090,18.9,0.53,1,0,left_wing,wide_final_third,right_foot,normal,open_play,1,0,5.44,2,0,0.0306,1,0,0
SYN_SHOT_000213,synthetic_modelled_not_official_event_data,2024-25,Liverpool,Premier League,LIV_PL_2024_25_19,19,2024-12-25,Wolverhampton Wanderers,home,71,53,winning,Mohamed Salah,FW,85.69,47.31,74.98,40.22,Z069,30.66,13.34,0,0,central,final_third_outside_box,left_foot,first_time,open_play,0,0,1.21,6,0,0.0045,0,0,0
SYN_SHOT_000214,synthetic_modelled_not_official_event_data,2024-25,Liverpool,Premier League,LIV_PL_2024_25_26,26,2025-02-16,Crystal Palace,away,69,49,drawing,Mohamed Salah,FW,119.5,38.55,104.56,32.77,Z092,1.3,164.69,1,1,central,six_yard_box,head,power,high_press_recovery,0,0,5.26,1,1,0.9483,1,1,1
SYN_SHOT_000215,synthetic_modelled_not_official_event_data,2024-25,Liverpool,Premier League,LIV_PL_2024_25_31,31,2025-03-21,Manchester City,home,44,11,losing,Mohamed Salah,FW,101.2,40.07,88.55,34.06,Z085,16.45,25.08,1,0,central,penalty_area,head,normal,open_play,1,0,2.5,2,0,0.0536,1,0,0
SYN_SHOT_000216,synthetic_modelled_not_official_event_data,2024-25,Liverpool,Premier League,LIV_PL_2024_25_11,11,2024-10-31,Leicester City,home,23,9,losing,Conor Bradley,DF,100.15,49.77,87.63,42.31,Z085,19.26,19.59,0,0,central,penalty_area,right_foot,normal,open_play,1,0,3.81,6,0,0.0076,0,0,0
SYN_SHOT_000217,synthetic_modelled_not_official_event_data,2024-25,Liverpool,Premier League,LIV_PL_2024_25_04,4,2024-09-15,Brentford,away,47,50,losing,Alexis Mac Allister,MF,100.03,20.37,87.53,17.32,Z083,24.16,12.64,0,0,left_half_space,penalty_area,left_foot,normal,open_play,0,0,1.39,1,0,0.0087,0,0,0
SYN_SHOT_000218,synthetic_modelled_not_official_event_data,2024-25,Liverpool,Premier League,LIV_PL_2024_25_05,5,2024-09-21,Brighton,home,47,46,winning,Cody Gakpo,FW,102.14,26.23,89.37,22.29,Z083,19.53,17.27,1,0,left_half_space,penalty_area,left_foot,normal,open_play,1,0,2.88,3,0,0.0196,1,0,0
SYN_SHOT_000219,synthetic_modelled_not_official_event_data,2024-25,Liverpool,Premier League,LIV_PL_2024_25_28,28,2025-02-28,Fulham,away,95,25,winning,Mohamed Salah,FW,119.5,34.38,104.56,29.22,Z092,4.8,18.39,1,1,central,six_yard_box,left_foot,normal,corner,0,0,1.95,2,0,0.4626,1,0,0
SYN_SHOT_000220,synthetic_modelled_not_official_event_data,2024-25,Liverpool,Premier League,LIV_PL_2024_25_30,30,2025-03-14,Leicester City,away,28,17,drawing,Luis Díaz,FW,103.26,37.15,90.35,31.58,Z084,14.84,27.38,1,0,central,penalty_area,right_foot,half_volley,counter_attack,0,0,2.44,2,0,0.1442,1,0,0
SYN_SHOT_000221,synthetic_modelled_not_official_event_data,2024-25,Liverpool,Premier League,LIV_PL_2024_25_20,20,2025-01-02,Arsenal,away,81,23,drawing,Mohamed Salah,FW,100.35,55.76,87.8,47.4,Z086,21.8,15.25,0,0,right_half_space,penalty_area,left_foot,normal,open_play,1,0,3.78,3,0,0.0099,0,0,0
SYN_SHOT_000222,synthetic_modelled_not_official_event_data,2024-25,Liverpool,Premier League,LIV_PL_2024_25_26,26,2025-02-14,Crystal Palace,away,81,12,winning,Mohamed Salah,FW,89.04,40.9,77.91,34.76,Z069,27.1,15.37,0,0,central,final_third_outside_box,head,normal,open_play,0,0,5.59,4,0,0.0063,0,0,0
SYN_SHOT_000223,synthetic_modelled_not_official_event_data,2024-25,Liverpool,Premier League,LIV_PL_2024_25_32,32,2025-03-30,Manchester United,away,49,8,drawing,Mohamed Salah,FW,115.37,1.0,100.95,0.85,Z089,33.4,1.54,0,0,left_wing,wide_final_third,left_foot,normal,open_play,1,0,3.53,2,0,0.0026,0,0,0
SYN_SHOT_000224,synthetic_modelled_not_official_event_data,2024-25,Liverpool,Premier League,LIV_PL_2024_25_20,20,2025-01-04,Arsenal,away,44,52,drawing,Diogo Jota,FW,109.5,54.38,95.81,46.22,Z086,15.29,16.97,1,0,right_half_space,penalty_area,right_foot,normal,corner,1,0,4.34,2,0,0.0515,0,0,0
SYN_SHOT_000225,synthetic_modelled_not_official_event_data,2024-25,Liverpool,Premier League,LIV_PL_2024_25_11,11,2024-11-03,Leicester City,home,30,33,drawing,Mohamed Salah,FW,95.31,35.86,83.4,30.48,Z076,21.89,18.75,0,0,central,final_third_outside_box,left_foot,volley,direct_free_kick,0,0,3.33,2,0,0.024,0,0,0
SYN_SHOT_000226,synthetic_modelled_not_official_event_data,2024-25,Liverpool,Premier League,LIV_PL_2024_25_31,31,2025-03-19,Manchester City,home,89,11,winning,Alexis Mac Allister,MF,108.69,10.05,95.1,8.54,Z082,27.32,5.65,0,0,left_wing,wide_final_third,left_foot,curled,counter_attack,1,0,0.61,2,0,0.0044,0,0,0
SYN_SHOT_000227,synthetic_modelled_not_official_event_data,2024-25,Liverpool,Premier League,LIV_PL_2024_25_06,6,2024-09-29,Chelsea,away,6,23,winning,Dominik Szoboszlai,MF,87.59,14.55,76.64,12.37,Z066,35.67,9.36,0,0,left_wing,final_third_outside_box,left_foot,normal,open_play,1,0,0.78,2,0,0.0015,0,0,0
SYN_SHOT_000228,synthetic_modelled_not_official_event_data,2024-25,Liverpool,Premier League,LIV_PL_2024_25_22,22,2025-01-15,Bournemouth,away,87,3,winning,Mohamed Salah,FW,106.03,28.39,92.78,24.13,Z083,15.71,20.97,1,0,left_half_space,penalty_area,right_foot,normal,open_play,1,1,6.63,4,1,0.1869,1,1,1
SYN_SHOT_000229,synthetic_modelled_not_official_event_data,2024-25,Liverpool,Premier League,LIV_PL_2024_25_32,32,2025-03-27,Manchester United,away,24,0,winning,Mohamed Salah,FW,100.14,23.35,87.62,19.85,Z083,22.41,14.59,0,0,left_half_space,penalty_area,left_foot,curled,open_play,1,0,1.94,1,0,0.0105,1,0,0
SYN_SHOT_000230,synthetic_modelled_not_official_event_data,2024-25,Liverpool,Premier League,LIV_PL_2024_25_10,10,2024-10-26,Ipswich Town,away,95,10,losing,Mohamed Salah,FW,112.99,40.2,98.87,34.17,Z093,6.13,61.65,1,0,central,six_yard_box,left_foot,normal,open_play,0,0,1.44,4,0,0.4656,1,0,0
SYN_SHOT_000231,synthetic_modelled_not_official_event_data,2024-25,Liverpool,Premier League,LIV_PL_2024_25_25,25,2025-02-09,Chelsea,home,18,21,drawing,Luis Díaz,FW,109.48,51.25,95.8,43.56,Z086,13.27,22.49,1,0,right_half_space,penalty_area,head,normal,open_play,0,0,2.7,0,0,0.0787,0,0,0
SYN_SHOT_000232,synthetic_modelled_not_official_event_data,2024-25,Liverpool,Premier League,LIV_PL_2024_25_20,20,2025-01-02,Arsenal,away,33,15,winning,Mohamed Salah,FW,107.2,54.75,93.8,46.54,Z086,16.81,16.94,1,0,right_half_space,penalty_area,head,normal,corner,0,0,3.73,5,0,0.0271,1,0,0
SYN_SHOT_000233,synthetic_modelled_not_official_event_data,2024-25,Liverpool,Premier League,LIV_PL_2024_25_06,6,2024-09-28,Chelsea,away,71,41,losing,Mohamed Salah,FW,106.1,51.91,92.83,44.12,Z086,15.83,20.59,1,0,right_half_space,penalty_area,left_foot,normal,open_play,0,0,0.5,0,0,0.1047,0,0,0
SYN_SHOT_000234,synthetic_modelled_not_official_event_data,2024-25,Liverpool,Premier League,LIV_PL_2024_25_13,13,2024-11-14,Manchester United,home,11,18,drawing,Cody Gakpo,FW,102.82,49.63,89.97,42.19,Z085,17.11,21.48,1,0,central,penalty_area,left_foot,normal,throw_in,0,0,0.54,1,0,0.0633,0,0,0
SYN_SHOT_000235,synthetic_modelled_not_official_event_data,2024-25,Liverpool,Premier League,LIV_PL_2024_25_13,13,2024-11-16,Manchester United,home,42,17,drawing,Darwin Núñez,FW,110.71,44.1,96.87,37.49,Z093,8.84,42.55,1,0,central,six_yard_box,right_foot,first_time,open_play,0,0,5.52,4,0,0.2583,0,0,0
SYN_SHOT_000236,synthetic_modelled_not_official_event_data,2024-25,Liverpool,Premier League,LIV_PL_2024_25_37,37,2025-05-01,West Ham United,home,67,57,drawing,Luis Díaz,FW,98.82,32.61,86.47,27.72,Z076,19.57,20.16,0,0,central,final_third_outside_box,right_foot,normal,free_kick_indirect,0,0,3.09,3,0,0.0217,1,0,0
SYN_SHOT_000237,synthetic_modelled_not_official_event_data,2024-25,Liverpool,Premier League,LIV_PL_2024_25_05,5,2024-09-20,Brighton,home,73,42,drawing,Darwin Núñez,FW,106.67,40.98,93.34,34.83,Z085,11.69,34.7,1,0,central,penalty_area,right_foot,normal,open_play,1,0,3.83,1,0,0.1767,1,0,0
SYN_SHOT_000238,synthetic_modelled_not_official_event_data,2024-25,Liverpool,Premier League,LIV_PL_2024_25_18,18,2024-12-20,West Ham United,away,6,0,losing,Luis Díaz,FW,103.29,42.9,90.38,36.47,Z085,14.83,27.4,1,0,central,penalty_area,right_foot,curled,open_play,0,0,0.5,0,0,0.1444,0,0,0
SYN_SHOT_000239,synthetic_modelled_not_official_event_data,2024-25,Liverpool,Premier League,LIV_PL_2024_25_25,25,2025-02-07,Chelsea,home,20,42,losing,Tyler Morton,MF,87.41,63.26,76.48,53.77,Z071,34.7,9.94,0,0,right_wing,final_third_outside_box,other,half_volley,open_play,0,0,4.65,1,0,0.0013,0,0,0
SYN_SHOT_000240,synthetic_modelled_not_official_event_data,2024-25,Liverpool,Premier League,LIV_PL_2024_25_37,37,2025-05-04,West Ham United,home,87,8,winning,Dominik Szoboszlai,MF,94.77,48.81,82.92,41.48,Z077,23.31,16.95,0,0,central,final_third_outside_box,right_foot,normal,open_play,0,0,3.82,2,0,0.0151,0,0,0
SYN_SHOT_000241,synthetic_modelled_not_official_event_data,2024-25,Liverpool,Premier League,LIV_PL_2024_25_33,33,2025-04-02,Newcastle United,home,3,44,drawing,Luis Díaz,FW,103.18,48.75,90.28,41.44,Z085,16.49,22.62,1,0,central,penalty_area,right_foot,normal,open_play,0,0,1.53,0,0,0.085,1,0,0
SYN_SHOT_000242,synthetic_modelled_not_official_event_data,2024-25,Liverpool,Premier League,LIV_PL_2024_25_08,8,2024-10-13,Everton,away,45,10,winning,Cody Gakpo,FW,106.4,24.36,93.1,20.71,Z083,17.84,15.95,1,0,left_half_space,penalty_area,right_foot,normal,open_play,0,0,0.9,0,0,0.0624,0,0,0
SYN_SHOT_000243,synthetic_modelled_not_official_event_data,2024-25,Liverpool,Premier League,LIV_PL_2024_25_27,27,2025-02-19,Everton,home,47,23,losing,Mohamed Salah,FW,105.15,62.72,92.0,53.31,Z087,23.28,10.21,1,0,right_wing,wide_final_third,left_foot,normal,open_play,0,0,0.5,0,0,0.0341,0,0,0
SYN_SHOT_000244,synthetic_modelled_not_official_event_data,2024-25,Liverpool,Premier League,LIV_PL_2024_25_11,11,2024-10-31,Leicester City,home,15,11,drawing,Mohamed Salah,FW,101.26,45.93,88.6,39.04,Z085,17.15,23.14,1,0,central,penalty_area,left_foot,power,direct_free_kick,1,0,2.39,2,0,0.0565,0,0,0
SYN_SHOT_000245,synthetic_modelled_not_official_event_data,2024-25,Liverpool,Premier League,LIV_PL_2024_25_19,19,2024-12-29,Wolverhampton Wanderers,home,3,45,losing,Diogo Jota,FW,82.36,29.27,72.07,24.88,Z067,34.17,11.8,0,0,left_half_space,final_third_outside_box,left_foot,normal,open_play,0,0,1.39,1,0,0.0033,0,0,0
SYN_SHOT_000246,synthetic_modelled_not_official_event_data,2024-25,Liverpool,Premier League,LIV_PL_2024_25_30,30,2025-03-12,Leicester City,away,89,9,losing,Darwin Núñez,FW,101.03,57.26,88.4,48.67,Z086,22.15,14.28,0,0,right_half_space,penalty_area,left_foot,normal,open_play,0,0,1.28,3,0,0.0073,0,0,0
SYN_SHOT_000247,synthetic_modelled_not_official_event_data,2024-25,Liverpool,Premier League,LIV_PL_2024_25_10,10,2024-10-26,Ipswich Town,away,31,21,winning,Trent Kone-Doherty,FW,116.42,34.5,101.86,29.33,Z092,5.63,51.49,1,1,central,six_yard_box,right_foot,normal,open_play,0,0,2.58,4,0,0.5837,1,0,0
SYN_SHOT_000248,synthetic_modelled_not_official_event_data,2024-25,Liverpool,Premier League,LIV_PL_2024_25_02,2,2024-08-31,Aston Villa,away,78,12,drawing,Alexis Mac Allister,MF,85.98,59.0,75.24,50.15,Z070,33.86,10.88,0,0,right_half_space,final_third_outside_box,left_foot,power,open_play,1,0,5.33,1,0,0.0026,1,0,0
SYN_SHOT_000249,synthetic_modelled_not_official_event_data,2024-25,Liverpool,Premier League,LIV_PL_2024_25_31,31,2025-03-21,Manchester City,home,86,7,winning,Diogo Jota,FW,100.14,27.97,87.62,23.77,Z083,20.17,17.93,0,0,left_half_space,penalty_area,right_foot,curled,open_play,0,0,3.7,1,0,0.0268,1,0,0
SYN_SHOT_000250,synthetic_modelled_not_official_event_data,2024-25,Liverpool,Premier League,LIV_PL_2024_25_19,19,2024-12-29,Wolverhampton Wanderers,home,82,57,winning,Cody Gakpo,FW,105.6,32.24,92.4,27.41,Z084,14.22,26.03,1,0,central,penalty_area,right_foot,placed,open_play,0,0,4.36,1,0,0.1593,1,0,0
SYN_SHOT_000251,synthetic_modelled_not_official_event_data,2024-25,Liverpool,Premier League,LIV_PL_2024_25_34,34,2025-04-09,Nottingham Forest,away,8,9,drawing,Luis Díaz,FW,95.54,31.88,83.6,27.09,Z076,22.49,17.65,0,0,central,final_third_outside_box,left_foot,normal,open_play,1,0,1.07,4,0,0.0059,0,0,0
SYN_SHOT_000252,synthetic_modelled_not_official_event_data,2024-25,Liverpool,Premier League,LIV_PL_2024_25_21,21,2025-01-09,Aston Villa,home,26,31,drawing,Curtis Jones,MF,117.61,41.2,102.91,35.02,Z093,2.33,117.56,1,1,central,six_yard_box,left_foot,first_time,open_play,0,0,2.46,1,1,0.9163,1,1,1
SYN_SHOT_000253,synthetic_modelled_not_official_event_data,2024-25,Liverpool,Premier League,LIV_PL_2024_25_21,21,2025-01-12,Aston Villa,home,36,52,winning,Mohamed Salah,FW,90.16,45.22,78.89,38.44,Z077,26.48,15.53,0,0,central,final_third_outside_box,left_foot,first_time,open_play,0,0,3.24,0,0,0.0211,0,0,0
SYN_SHOT_000254,synthetic_modelled_not_official_event_data,2024-25,Liverpool,Premier League,LIV_PL_2024_25_25,25,2025-02-05,Chelsea,home,23,13,drawing,Luis Díaz,FW,108.87,25.07,95.26,21.31,Z083,16.0,16.38,1,0,left_half_space,penalty_area,left_foot,normal,open_play,0,0,0.5,3,0,0.0383,0,0,0
SYN_SHOT_000255,synthetic_modelled_not_official_event_data,2024-25,Liverpool,Premier League,LIV_PL_2024_25_18,18,2024-12-18,West Ham United,away,15,52,losing,Mohamed Salah,FW,107.39,32.24,93.97,27.41,Z084,12.85,28.01,1,0,central,penalty_area,left_foot,normal,open_play,0,0,3.53,2,0,0.2208,1,1,1
SYN_SHOT_000256,synthetic_modelled_not_official_event_data,2024-25,Liverpool,Premier League,LIV_PL_2024_25_26,26,2025-02-14,Crystal Palace,away,67,49,drawing,Ryan Gravenberch,MF,119.5,45.64,104.56,38.79,Z093,4.81,18.14,1,1,central,six_yard_box,left_foot,normal,open_play,0,0,4.54,2,0,0.5225,1,1,1
SYN_SHOT_000257,synthetic_modelled_not_official_event_data,2024-25,Liverpool,Premier League,LIV_PL_2024_25_36,36,2025-04-25,Tottenham Hotspur,away,36,32,winning,Cody Gakpo,FW,99.99,17.29,87.49,14.7,Z074,26.06,10.9,0,0,left_wing,final_third_outside_box,right_foot,normal,corner,0,0,3.36,1,0,0.0069,0,0,0
SYN_SHOT_000258,synthetic_modelled_not_official_event_data,2024-25,Liverpool,Premier League,LIV_PL_2024_25_38,38,2025-05-09,Wolverhampton Wanderers,away,21,59,winning,Diogo Jota,FW,99.93,25.23,87.44,21.44,Z075,21.58,15.86,0,0,left_half_space,final_third_outside_box,head,first_time,open_play,1,0,1.96,2,0,0.0072,0,0,0
SYN_SHOT_000259,synthetic_modelled_not_official_event_data,2024-25,Liverpool,Premier League,LIV_PL_2024_25_33,33,2025-04-02,Newcastle United,home,12,19,drawing,Curtis Jones,MF,76.72,70.0,67.13,59.5,Z063,45.65,7.62,0,0,right_wing,middle_third,right_foot,normal,open_play,1,0,2.5,1,0,0.0004,0,0,0
SYN_SHOT_000260,synthetic_modelled_not_official_event_data,2024-25,Liverpool,Premier League,LIV_PL_2024_25_36,36,2025-04-27,Tottenham Hotspur,away,3,33,drawing,Cody Gakpo,FW,113.46,42.73,99.27,36.32,Z093,6.18,59.41,1,0,central,six_yard_box,right_foot,half_volley,counter_attack,0,0,3.75,1,0,0.6466,1,1,1
SYN_SHOT_000261,synthetic_modelled_not_official_event_data,2024-25,Liverpool,Premier League,LIV_PL_2024_25_35,35,2025-04-16,Southampton,home,40,59,drawing,Ryan Gravenberch,MF,91.81,39.41,80.34,33.49,Z076,24.67,16.88,0,0,central,final_third_outside_box,right_foot,normal,open_play,1,0,3.56,0,0,0.0136,0,0,0
SYN_SHOT_000262,synthetic_modelled_not_official_event_data,2024-25,Liverpool,Premier League,LIV_PL_2024_25_06,6,2024-09-28,Chelsea,away,50,43,winning,Curtis Jones,MF,86.4,34.38,75.6,29.22,Z068,29.78,13.84,0,0,central,final_third_outside_box,right_foot,normal,counter_attack,0,0,4.76,2,0,0.0097,1,0,0
SYN_SHOT_000263,synthetic_modelled_not_official_event_data,2024-25,Liverpool,Premier League,LIV_PL_2024_25_27,27,2025-02-20,Everton,home,80,11,losing,Diogo Jota,FW,102.91,48.2,90.05,40.97,Z085,16.5,22.93,1,0,central,penalty_area,right_foot,curled,open_play,0,0,3.19,4,0,0.0687,0,0,0
SYN_SHOT_000264,synthetic_modelled_not_official_event_data,2024-25,Liverpool,Premier League,LIV_PL_2024_25_02,2,2024-08-29,Aston Villa,away,13,58,drawing,Mohamed Salah,FW,110.43,18.03,96.62,15.33,Z090,20.47,8.6,1,0,left_wing,wide_final_third,head,placed,open_play,0,0,0.5,1,0,0.0225,0,0,0
SYN_SHOT_000265,synthetic_modelled_not_official_event_data,2024-25,Liverpool,Premier League,LIV_PL_2024_25_06,6,2024-09-29,Chelsea,away,7,40,drawing,Mohamed Salah,FW,106.73,60.36,93.39,51.3,Z087,20.84,11.42,1,0,right_wing,wide_final_third,left_foot,normal,open_play,1,0,2.51,1,0,0.026,0,0,0
SYN_SHOT_000266,synthetic_modelled_not_official_event_data,2024-25,Liverpool,Premier League,LIV_PL_2024_25_34,34,2025-04-10,Nottingham Forest,away,17,15,winning,Mohamed Salah,FW,106.23,43.02,92.95,36.57,Z085,12.32,32.51,1,0,central,penalty_area,left_foot,normal,open_play,0,0,6.03,0,0,0.3094,1,1,1
SYN_SHOT_000267,synthetic_modelled_not_official_event_data,2024-25,Liverpool,Premier League,LIV_PL_2024_25_01,1,2024-08-23,Arsenal,home,34,16,losing,Ryan Gravenberch,MF,108.0,40.0,94.5,34.0,Z085,10.5,38.43,1,0,central,penalty_area,right_foot,normal,penalty,1,0,1.06,1,1,0.9548,1,1,1
SYN_SHOT_000268,synthetic_modelled_not_official_event_data,2024-25,Liverpool,Premier League,LIV_PL_2024_25_26,26,2025-02-14,Crystal Palace,away,39,52,winning,Darwin Núñez,FW,102.84,45.73,89.98,38.87,Z085,15.79,24.99,1,0,central,penalty_area,right_foot,normal,open_play,0,0,4.22,2,0,0.1215,1,0,0
SYN_SHOT_000269,synthetic_modelled_not_official_event_data,2024-25,Liverpool,Premier League,LIV_PL_2024_25_38,38,2025-05-07,Wolverhampton Wanderers,away,4,39,winning,Mohamed Salah,FW,112.82,47.13,98.71,40.06,Z093,8.73,36.19,1,0,central,six_yard_box,right_foot,first_time,open_play,0,0,3.36,3,0,0.2749,1,1,1
SYN_SHOT_000270,synthetic_modelled_not_official_event_data,2024-25,Liverpool,Premier League,LIV_PL_2024_25_17,17,2024-12-14,Tottenham Hotspur,home,41,23,drawing,Darwin Núñez,FW,105.79,47.48,92.56,40.36,Z085,13.97,26.61,1,0,central,penalty_area,other,normal,open_play,1,0,2.48,1,0,0.0386,1,0,0
SYN_SHOT_000271,synthetic_modelled_not_official_event_data,2024-25,Liverpool,Premier League,LIV_PL_2024_25_03,3,2024-09-05,Bournemouth,home,44,14,drawing,Diogo Jota,FW,97.65,55.35,85.45,47.04,Z078,23.51,14.87,0,0,right_half_space,final_third_outside_box,right_foot,volley,direct_free_kick,0,0,2.7,2,0,0.0062,1,0,0
SYN_SHOT_000272,synthetic_modelled_not_official_event_data,2024-25,Liverpool,Premier League,LIV_PL_2024_25_30,30,2025-03-13,Leicester City,away,24,15,drawing,Diogo Jota,FW,103.87,66.54,90.89,56.56,Z087,26.61,8.46,0,0,right_wing,wide_final_third,left_foot,power,open_play,0,0,3.86,0,0,0.0122,0,0,0
SYN_SHOT_000273,synthetic_modelled_not_official_event_data,2024-25,Liverpool,Premier League,LIV_PL_2024_25_23,23,2025-01-23,Brentford,home,44,46,winning,Mohamed Salah,FW,100.25,11.84,87.72,10.07,Z082,29.52,8.39,0,0,left_wing,wide_final_third,head,normal,open_play,1,0,3.36,3,0,0.0021,0,0,0
SYN_SHOT_000274,synthetic_modelled_not_official_event_data,2024-25,Liverpool,Premier League,LIV_PL_2024_25_16,16,2024-12-04,Southampton,away,31,30,drawing,Wataru Endo,MF,102.26,42.72,89.48,36.31,Z085,15.69,26.01,1,0,central,penalty_area,right_foot,volley,throw_in,1,0,1.99,1,0,0.0628,1,0,0
SYN_SHOT_000275,synthetic_modelled_not_official_event_data,2024-25,Liverpool,Premier League,LIV_PL_2024_25_30,30,2025-03-12,Leicester City,away,45,4,winning,Mohamed Salah,FW,119.5,54.17,104.56,46.05,Z094,12.05,1.39,1,0,right_half_space,penalty_area,right_foot,placed,counter_attack,0,0,2.62,2,0,0.0878,0,0,0
SYN_SHOT_000276,synthetic_modelled_not_official_event_data,2024-25,Liverpool,Premier League,LIV_PL_2024_25_20,20,2025-01-02,Arsenal,away,95,11,drawing,Mohamed Salah,FW,96.5,31.9,84.44,27.11,Z076,21.68,18.24,0,0,central,final_third_outside_box,left_foot,normal,direct_free_kick,0,0,0.5,3,0,0.009,0,0,0
SYN_SHOT_000277,synthetic_modelled_not_official_event_data,2024-25,Liverpool,Premier League,LIV_PL_2024_25_08,8,2024-10-12,Everton,away,37,56,drawing,Luis Díaz,FW,108.06,52.69,94.55,44.78,Z086,15.01,19.83,1,0,right_half_space,penalty_area,right_foot,first_time,open_play,1,0,3.84,1,0,0.0693,0,0,0
SYN_SHOT_000278,synthetic_modelled_not_official_event_data,2024-25,Liverpool,Premier League,LIV_PL_2024_25_32,32,2025-03-29,Manchester United,away,18,35,winning,Darwin Núñez,FW,99.82,32.48,87.34,27.61,Z076,18.78,20.86,0,0,central,final_third_outside_box,left_foot,normal,counter_attack,1,1,5.41,2,1,0.1184,1,0,0
SYN_SHOT_000279,synthetic_modelled_not_official_event_data,2024-25,Liverpool,Premier League,LIV_PL_2024_25_23,23,2025-01-22,Brentford,home,41,8,drawing,Cody Gakpo,FW,88.5,39.92,77.44,33.93,Z068,27.56,15.13,0,0,central,final_third_outside_box,left_foot,power,open_play,0,0,2.71,0,0,0.0115,0,0,0
SYN_SHOT_000280,synthetic_modelled_not_official_event_data,2024-25,Liverpool,Premier League,LIV_PL_2024_25_05,5,2024-09-22,Brighton,home,89,46,drawing,Mohamed Salah,FW,94.89,53.86,83.03,45.78,Z078,24.93,14.81,0,0,right_half_space,final_third_outside_box,right_foot,normal,open_play,1,0,6.01,3,0,0.0068,0,0,0
SYN_SHOT_000281,synthetic_modelled_not_official_event_data,2024-25,Liverpool,Premier League,LIV_PL_2024_25_34,34,2025-04-10,Nottingham Forest,away,88,35,drawing,Mohamed Salah,FW,101.54,8.54,88.85,7.26,Z081,31.24,7.0,0,0,left_wing,wide_final_third,right_foot,normal,open_play,0,0,6.11,2,0,0.0057,0,0,0
SYN_SHOT_000282,synthetic_modelled_not_official_event_data,2024-25,Liverpool,Premier League,LIV_PL_2024_25_03,3,2024-09-05,Bournemouth,home,60,53,drawing,Luis Díaz,FW,110.35,41.09,96.56,34.92,Z093,8.5,46.44,1,0,central,six_yard_box,right_foot,volley,open_play,0,0,3.84,1,0,0.4069,1,0,0
SYN_SHOT_000283,synthetic_modelled_not_official_event_data,2024-25,Liverpool,Premier League,LIV_PL_2024_25_35,35,2025-04-20,Southampton,home,7,48,drawing,Mohamed Salah,FW,88.17,40.53,77.14,34.45,Z069,27.86,14.97,0,0,central,final_third_outside_box,left_foot,curled,counter_attack,0,0,0.5,2,0,0.0132,0,0,0
SYN_SHOT_000284,synthetic_modelled_not_official_event_data,2024-25,Liverpool,Premier League,LIV_PL_2024_25_26,26,2025-02-15,Crystal Palace,away,46,37,winning,Mohamed Salah,FW,90.67,52.19,79.34,44.36,Z078,27.67,14.02,0,0,right_half_space,final_third_outside_box,head,normal,open_play,0,0,5.45,5,0,0.0044,0,0,0
SYN_SHOT_000285,synthetic_modelled_not_official_event_data,2024-25,Liverpool,Premier League,LIV_PL_2024_25_24,24,2025-01-30,Brighton,away,60,13,winning,Trey Nyoni,MF,100.93,24.73,88.31,21.02,Z083,21.14,15.73,0,0,left_half_space,penalty_area,left_foot,normal,corner,0,0,0.5,1,0,0.0089,0,0,0
SYN_SHOT_000286,synthetic_modelled_not_official_event_data,2024-25,Liverpool,Premier League,LIV_PL_2024_25_23,23,2025-01-22,Brentford,home,55,37,winning,Cody Gakpo,FW,76.14,35.07,66.62,29.81,Z060,38.6,10.77,0,0,central,middle_third,right_foot,normal,open_play,0,0,1.85,2,0,0.0022,0,0,0
SYN_SHOT_000287,synthetic_modelled_not_official_event_data,2024-25,Liverpool,Premier League,LIV_PL_2024_25_08,8,2024-10-10,Everton,away,53,11,losing,Cody Gakpo,FW,99.09,42.89,86.71,36.45,Z077,18.46,22.25,0,0,central,final_third_outside_box,right_foot,volley,open_play,1,0,2.0,3,0,0.0144,0,0,0
SYN_SHOT_000288,synthetic_modelled_not_official_event_data,2024-25,Liverpool,Premier League,LIV_PL_2024_25_25,25,2025-02-05,Chelsea,home,63,26,drawing,Ryan Gravenberch,MF,90.45,64.77,79.15,55.05,Z079,33.34,9.78,0,0,right_wing,final_third_outside_box,right_foot,normal,open_play,0,0,1.3,2,0,0.0026,0,0,0
SYN_SHOT_000289,synthetic_modelled_not_official_event_data,2024-25,Liverpool,Premier League,LIV_PL_2024_25_23,23,2025-01-26,Brentford,home,51,52,drawing,Diogo Jota,FW,117.3,52.56,102.64,44.68,Z094,10.93,9.24,1,0,right_half_space,penalty_area,right_foot,normal,open_play,1,0,3.7,2,0,0.0899,1,0,0
SYN_SHOT_000290,synthetic_modelled_not_official_event_data,2024-25,Liverpool,Premier League,LIV_PL_2024_25_22,22,2025-01-19,Bournemouth,away,13,14,winning,Curtis Jones,MF,98.14,17.36,85.87,14.75,Z074,27.14,10.96,0,0,left_wing,final_third_outside_box,left_foot,curled,open_play,1,0,5.49,1,0,0.0052,1,0,0
SYN_SHOT_000291,synthetic_modelled_not_official_event_data,2024-25,Liverpool,Premier League,LIV_PL_2024_25_21,21,2025-01-12,Aston Villa,home,6,32,drawing,Mohamed Salah,FW,100.85,45.93,88.24,39.04,Z085,17.5,22.73,0,0,central,penalty_area,left_foot,normal,counter_attack,0,0,6.2,1,0,0.0712,1,0,0
SYN_SHOT_000292,synthetic_modelled_not_official_event_data,2024-25,Liverpool,Premier League,LIV_PL_2024_25_16,16,2024-12-05,Southampton,away,90,30,losing,Mohamed Salah,FW,108.6,6.0,95.03,5.1,Z081,30.57,4.53,0,0,left_wing,wide_final_third,right_foot,normal,open_play,0,0,3.93,0,0,0.0073,0,0,0
SYN_SHOT_000293,synthetic_modelled_not_official_event_data,2024-25,Liverpool,Premier League,LIV_PL_2024_25_20,20,2025-01-04,Arsenal,away,72,56,winning,Mohamed Salah,FW,79.28,60.77,69.37,51.65,Z063,39.77,9.44,0,0,right_wing,middle_third,other,volley,open_play,0,0,3.07,4,0,0.0006,0,0,0
SYN_SHOT_000294,synthetic_modelled_not_official_event_data,2024-25,Liverpool,Premier League,LIV_PL_2024_25_09,9,2024-10-18,Fulham,home,79,17,drawing,Mohamed Salah,FW,100.14,19.72,87.62,16.76,Z082,24.48,12.25,0,0,left_wing,wide_final_third,right_foot,power,direct_free_kick,1,0,3.57,2,0,0.008,0,0,0
SYN_SHOT_000295,synthetic_modelled_not_official_event_data,2024-25,Liverpool,Premier League,LIV_PL_2024_25_22,22,2025-01-16,Bournemouth,away,25,33,drawing,Mohamed Salah,FW,95.61,46.79,83.66,39.78,Z077,22.11,18.19,0,0,central,final_third_outside_box,other,normal,open_play,1,0,0.51,3,0,0.0043,0,0,0
SYN_SHOT_000296,synthetic_modelled_not_official_event_data,2024-25,Liverpool,Premier League,LIV_PL_2024_25_13,13,2024-11-17,Manchester United,home,4,33,winning,Cody Gakpo,FW,100.17,33.18,87.65,28.2,Z084,18.29,21.57,0,0,central,penalty_area,right_foot,curled,throw_in,1,0,4.28,0,0,0.0382,1,0,0
SYN_SHOT_000297,synthetic_modelled_not_official_event_data,2024-25,Liverpool,Premier League,LIV_PL_2024_25_04,4,2024-09-11,Brentford,away,40,19,drawing,Trent Alexander-Arnold,DF,95.61,22.01,83.66,18.71,Z075,26.25,13.02,0,0,left_half_space,final_third_outside_box,left_foot,normal,open_play,0,0,0.5,2,0,0.0045,0,0,0
SYN_SHOT_000298,synthetic_modelled_not_official_event_data,2024-25,Liverpool,Premier League,LIV_PL_2024_25_32,32,2025-03-29,Manchester United,away,90,2,winning,Diogo Jota,FW,108.23,39.71,94.7,33.76,Z084,10.3,39.12,1,0,central,penalty_area,right_foot,half_volley,open_play,0,1,3.61,0,1,0.7283,1,0,0
SYN_SHOT_000299,synthetic_modelled_not_official_event_data,2024-25,Liverpool,Premier League,LIV_PL_2024_25_28,28,2025-02-28,Fulham,away,30,34,drawing,Darwin Núñez,FW,104.41,39.22,91.36,33.34,Z084,13.65,29.98,1,0,central,penalty_area,other,normal,counter_attack,1,0,2.93,0,0,0.0712,0,0,0
SYN_SHOT_000300,synthetic_modelled_not_official_event_data,2024-25,Liverpool,Premier League,LIV_PL_2024_25_15,15,2024-11-27,Nottingham Forest,home,94,3,losing,Virgil van Dijk,DF,102.5,17.02,89.68,14.47,Z082,24.82,10.54,1,0,left_wing,wide_final_third,head,power,open_play,0,0,2.8,0,0,0.0104,1,0,0
SYN_SHOT_000301,synthetic_modelled_not_official_event_data,2024-25,Liverpool,Premier League,LIV_PL_2024_25_19,19,2024-12-25,Wolverhampton Wanderers,home,84,5,winning,Luis Díaz,FW,106.98,40.58,93.61,34.5,Z085,11.4,35.57,1,0,central,penalty_area,left_foot,normal,open_play,0,0,3.9,2,0,0.256,1,1,1
SYN_SHOT_000302,synthetic_modelled_not_official_event_data,2024-25,Liverpool,Premier League,LIV_PL_2024_25_16,16,2024-12-04,Southampton,away,61,33,winning,Mohamed Salah,FW,109.28,17.24,95.62,14.65,Z082,21.5,8.69,1,0,left_wing,wide_final_third,right_foot,normal,open_play,1,0,3.66,1,0,0.0297,0,0,0
SYN_SHOT_000303,synthetic_modelled_not_official_event_data,2024-25,Liverpool,Premier League,LIV_PL_2024_25_17,17,2024-12-14,Tottenham Hotspur,home,95,36,drawing,Darwin Núñez,FW,111.46,30.7,97.53,26.09,Z092,10.88,27.53,1,0,central,six_yard_box,left_foot,curled,open_play,1,1,7.44,6,1,0.2729,1,0,0
SYN_SHOT_000304,synthetic_modelled_not_official_event_data,2024-25,Liverpool,Premier League,LIV_PL_2024_25_36,36,2025-04-26,Tottenham Hotspur,away,54,43,losing,Mohamed Salah,FW,91.52,8.92,80.08,7.58,Z073,36.32,7.95,0,0,left_wing,final_third_outside_box,left_foot,first_time,open_play,0,0,1.54,2,0,0.0024,0,0,0
SYN_SHOT_000305,synthetic_modelled_not_official_event_data,2024-25,Liverpool,Premier League,LIV_PL_2024_25_36,36,2025-04-26,Tottenham Hotspur,away,27,59,winning,Luis Díaz,FW,118.45,12.15,103.64,10.33,Z090,23.71,1.04,0,0,left_wing,wide_final_third,right_foot,normal,open_play,1,0,2.69,2,0,0.0047,0,0,0
SYN_SHOT_000306,synthetic_modelled_not_official_event_data,2024-25,Liverpool,Premier League,LIV_PL_2024_25_38,38,2025-05-08,Wolverhampton Wanderers,away,28,38,winning,Mohamed Salah,FW,110.46,49.12,96.65,41.75,Z093,11.4,27.69,1,0,central,six_yard_box,left_foot,normal,open_play,0,0,1.72,0,0,0.1971,1,1,1
SYN_SHOT_000307,synthetic_modelled_not_official_event_data,2024-25,Liverpool,Premier League,LIV_PL_2024_25_36,36,2025-04-26,Tottenham Hotspur,away,74,26,winning,Darwin Núñez,FW,83.0,31.73,72.62,26.97,Z068,33.13,12.33,0,0,central,final_third_outside_box,right_foot,first_time,counter_attack,0,0,2.01,1,0,0.0039,0,0,0
SYN_SHOT_000308,synthetic_modelled_not_official_event_data,2024-25,Liverpool,Premier League,LIV_PL_2024_25_27,27,2025-02-21,Everton,home,36,4,drawing,Mohamed Salah,FW,112.96,55.16,98.84,46.89,Z094,14.28,13.31,1,0,right_half_space,penalty_area,right_foot,half_volley,corner,0,0,4.36,2,0,0.0754,0,0,0
SYN_SHOT_000309,synthetic_modelled_not_official_event_data,2024-25,Liverpool,Premier League,LIV_PL_2024_25_02,2,2024-08-28,Aston Villa,away,76,54,losing,Mohamed Salah,FW,113.91,53.16,99.68,45.18,Z094,12.39,15.56,1,0,right_half_space,penalty_area,left_foot,normal,high_press_recovery,0,1,7.4,2,1,0.4219,1,0,0
SYN_SHOT_000310,synthetic_modelled_not_official_event_data,2024-25,Liverpool,Premier League,LIV_PL_2024_25_23,23,2025-01-26,Brentford,home,77,41,drawing,Mohamed Salah,FW,109.79,48.37,96.07,41.12,Z085,11.42,29.2,1,0,central,penalty_area,left_foot,normal,open_play,0,0,2.61,2,0,0.1669,1,0,0
SYN_SHOT_000311,synthetic_modelled_not_official_event_data,2024-25,Liverpool,Premier League,LIV_PL_2024_25_12,12,2024-11-07,Manchester City,away,10,2,drawing,Cody Gakpo,FW,104.47,32.96,91.41,28.01,Z084,14.85,25.66,1,0,central,penalty_area,right_foot,normal,open_play,1,0,4.43,2,0,0.1093,0,0,0
SYN_SHOT_000312,synthetic_modelled_not_official_event_data,2024-25,Liverpool,Premier League,LIV_PL_2024_25_12,12,2024-11-08,Manchester City,away,13,57,winning,Ryan Gravenberch,MF,118.96,28.15,104.09,23.93,Z091,10.11,4.27,1,0,left_half_space,penalty_area,left_foot,power,open_play,0,0,1.34,2,0,0.0646,0,0,0
SYN_SHOT_000313,synthetic_modelled_not_official_event_data,2024-25,Liverpool,Premier League,LIV_PL_2024_25_13,13,2024-11-15,Manchester United,home,26,5,losing,Cody Gakpo,FW,90.4,39.44,79.1,33.53,Z076,25.9,16.08,0,0,central,final_third_outside_box,right_foot,chip,open_play,0,0,0.5,2,0,0.0112,0,0,0
SYN_SHOT_000314,synthetic_modelled_not_official_event_data,2024-25,Liverpool,Premier League,LIV_PL_2024_25_03,3,2024-09-04,Bournemouth,home,49,44,winning,Luis Díaz,FW,110.91,46.38,97.04,39.43,Z093,9.63,36.28,1,0,central,six_yard_box,left_foot,normal,throw_in,0,0,4.23,1,0,0.3015,0,0,0
SYN_SHOT_000315,synthetic_modelled_not_official_event_data,2024-25,Liverpool,Premier League,LIV_PL_2024_25_18,18,2024-12-18,West Ham United,away,64,5,drawing,Luis Díaz,FW,104.91,50.59,91.79,43.0,Z086,15.98,21.77,1,0,right_half_space,penalty_area,left_foot,normal,open_play,0,0,1.31,0,0,0.0874,0,0,0
SYN_SHOT_000316,synthetic_modelled_not_official_event_data,2024-25,Liverpool,Premier League,LIV_PL_2024_25_02,2,2024-09-01,Aston Villa,away,74,52,winning,Darwin Núñez,FW,89.08,46.13,77.95,39.21,Z069,27.55,14.88,0,0,central,final_third_outside_box,left_foot,normal,open_play,0,0,2.81,2,0,0.0081,1,0,0
SYN_SHOT_000317,synthetic_modelled_not_official_event_data,2024-25,Liverpool,Premier League,LIV_PL_2024_25_25,25,2025-02-07,Chelsea,home,45,37,losing,Dominik Szoboszlai,MF,106.12,55.88,92.85,47.5,Z086,18.16,15.7,1,0,right_half_space,penalty_area,right_foot,normal,open_play,0,0,5.55,0,0,0.0708,1,0,0
SYN_SHOT_000318,synthetic_modelled_not_official_event_data,2024-25,Liverpool,Premier League,LIV_PL_2024_25_19,19,2024-12-25,Wolverhampton Wanderers,home,59,34,drawing,Mohamed Salah,FW,101.79,44.6,89.06,37.91,Z085,16.41,24.51,1,0,central,penalty_area,head,normal,open_play,1,0,4.92,2,0,0.0701,0,0,0
SYN_SHOT_000319,synthetic_modelled_not_official_event_data,2024-25,Liverpool,Premier League,LIV_PL_2024_25_15,15,2024-11-30,Nottingham Forest,home,21,36,winning,Mohamed Salah,FW,96.55,56.32,84.48,47.87,Z078,24.77,14.05,0,0,right_half_space,final_third_outside_box,right_foot,volley,open_play,1,0,5.25,3,0,0.0068,0,0,0
SYN_SHOT_000320,synthetic_modelled_not_official_event_data,2024-25,Liverpool,Premier League,LIV_PL_2024_25_24,24,2025-01-29,Brighton,away,28,52,winning,Cody Gakpo,FW,108.74,56.1,95.15,47.69,Z086,16.86,14.9,1,0,right_half_space,penalty_area,right_foot,normal,open_play,1,0,4.63,1,0,0.0506,0,0,0
SYN_SHOT_000321,synthetic_modelled_not_official_event_data,2024-25,Liverpool,Premier League,LIV_PL_2024_25_03,3,2024-09-04,Bournemouth,home,66,30,losing,Virgil van Dijk,DF,116.71,28.68,102.12,24.37,Z091,10.05,13.53,1,0,left_half_space,penalty_area,head,first_time,open_play,0,0,2.44,4,0,0.0304,0,0,0
SYN_SHOT_000322,synthetic_modelled_not_official_event_data,2024-25,Liverpool,Premier League,LIV_PL_2024_25_16,16,2024-12-06,Southampton,away,27,35,winning,Diogo Jota,FW,100.69,47.78,88.1,40.61,Z085,18.15,21.38,0,0,central,penalty_area,right_foot,normal,open_play,0,0,4.46,4,0,0.0309,0,0,0
SYN_SHOT_000323,synthetic_modelled_not_official_event_data,2024-25,Liverpool,Premier League,LIV_PL_2024_25_12,12,2024-11-09,Manchester City,away,43,42,winning,Ryan Gravenberch,MF,118.63,52.92,103.8,44.98,Z094,11.05,4.63,1,0,right_half_space,penalty_area,right_foot,volley,open_play,1,0,1.5,2,0,0.0423,0,0,0
SYN_SHOT_000324,synthetic_modelled_not_official_event_data,2024-25,Liverpool,Premier League,LIV_PL_2024_25_24,24,2025-02-01,Brighton,away,61,18,drawing,Alexis Mac Allister,MF,91.31,22.55,79.9,19.17,Z075,29.16,12.39,0,0,left_half_space,final_third_outside_box,right_foot,normal,open_play,0,0,1.88,4,0,0.0031,0,0,0
SYN_SHOT_000325,synthetic_modelled_not_official_event_data,2024-25,Liverpool,Premier League,LIV_PL_2024_25_30,30,2025-03-14,Leicester City,away,95,26,winning,Alexis Mac Allister,MF,108.0,40.0,94.5,34.0,Z085,10.5,38.43,1,0,central,penalty_area,right_foot,normal,penalty,0,0,4.02,1,1,0.9777,1,1,1
SYN_SHOT_000326,synthetic_modelled_not_official_event_data,2024-25,Liverpool,Premier League,LIV_PL_2024_25_07,7,2024-10-02,Crystal Palace,home,71,25,winning,Cody Gakpo,FW,102.61,49.76,89.78,42.3,Z085,17.33,21.21,1,0,central,penalty_area,right_foot,curled,open_play,0,0,1.19,2,0,0.0613,0,0,0
SYN_SHOT_000327,synthetic_modelled_not_official_event_data,2024-25,Liverpool,Premier League,LIV_PL_2024_25_23,23,2025-01-22,Brentford,home,28,45,winning,Luis Díaz,FW,110.53,23.92,96.71,20.33,Z091,15.98,14.06,1,0,left_half_space,penalty_area,right_foot,normal,free_kick_indirect,1,0,2.49,2,0,0.0392,0,0,0
SYN_SHOT_000328,synthetic_modelled_not_official_event_data,2024-25,Liverpool,Premier League,LIV_PL_2024_25_07,7,2024-10-05,Crystal Palace,home,17,7,losing,Mohamed Salah,FW,92.13,46.62,80.62,39.63,Z077,25.02,16.24,0,0,central,final_third_outside_box,left_foot,normal,direct_free_kick,0,0,3.15,3,0,0.01,0,0,0
SYN_SHOT_000329,synthetic_modelled_not_official_event_data,2024-25,Liverpool,Premier League,LIV_PL_2024_25_34,34,2025-04-11,Nottingham Forest,away,92,41,winning,Amara Nallo,DF,105.52,17.85,92.33,15.17,Z082,22.7,10.47,1,0,left_wing,wide_final_third,left_foot,first_time,open_play,1,1,5.16,3,1,0.035,1,0,0
SYN_SHOT_000330,synthetic_modelled_not_official_event_data,2024-25,Liverpool,Premier League,LIV_PL_2024_25_06,6,2024-09-26,Chelsea,away,13,40,losing,Darwin Núñez,FW,104.08,53.29,91.07,45.3,Z086,17.93,18.3,1,0,right_half_space,penalty_area,head,normal,open_play,0,0,2.98,2,0,0.031,0,0,0
SYN_SHOT_000331,synthetic_modelled_not_official_event_data,2024-25,Liverpool,Premier League,LIV_PL_2024_25_16,16,2024-12-08,Southampton,away,22,2,winning,Jayden Danns,FW,96.25,79.0,84.22,67.15,Z080,39.12,5.72,0,0,right_wing,final_third_outside_box,left_foot,normal,counter_attack,1,1,7.71,5,1,0.0035,0,0,0
SYN_SHOT_000332,synthetic_modelled_not_official_event_data,2024-25,Liverpool,Premier League,LIV_PL_2024_25_32,32,2025-03-29,Manchester United,away,15,52,winning,Diogo Jota,FW,110.73,49.36,96.89,41.95,Z093,11.36,27.17,1,0,central,six_yard_box,right_foot,first_time,open_play,1,0,4.83,2,0,0.1447,0,0,0
SYN_SHOT_000333,synthetic_modelled_not_official_event_data,2024-25,Liverpool,Premier League,LIV_PL_2024_25_37,37,2025-05-04,West Ham United,home,95,27,losing,Diogo Jota,FW,93.38,34.68,81.7,29.48,Z076,23.73,17.23,0,0,central,final_third_outside_box,right_foot,normal,counter_attack,0,0,2.32,4,0,0.0137,0,0,0
SYN_SHOT_000334,synthetic_modelled_not_official_event_data,2024-25,Liverpool,Premier League,LIV_PL_2024_25_30,30,2025-03-16,Leicester City,away,33,45,drawing,Alexis Mac Allister,MF,95.66,46.13,83.7,39.21,Z077,21.93,18.45,0,0,central,final_third_outside_box,right_foot,normal,open_play,1,0,6.21,4,0,0.0106,1,0,0
SYN_SHOT_000335,synthetic_modelled_not_official_event_data,2024-25,Liverpool,Premier League,LIV_PL_2024_25_18,18,2024-12-21,West Ham United,away,33,31,drawing,Mohamed Salah,FW,119.5,43.98,104.56,37.38,Z093,3.41,118.82,1,1,central,six_yard_box,left_foot,normal,counter_attack,0,0,3.88,1,1,0.9615,1,1,1
SYN_SHOT_000336,synthetic_modelled_not_official_event_data,2024-25,Liverpool,Premier League,LIV_PL_2024_25_25,25,2025-02-07,Chelsea,home,11,53,losing,Luis Díaz,FW,110.87,79.0,97.01,67.15,Z096,34.1,2.91,0,0,right_wing,wide_final_third,head,normal,open_play,1,0,1.97,4,0,0.0006,1,0,0
SYN_SHOT_000337,synthetic_modelled_not_official_event_data,2024-25,Liverpool,Premier League,LIV_PL_2024_25_11,11,2024-11-02,Leicester City,home,95,40,winning,Cody Gakpo,FW,100.21,40.48,87.69,34.41,Z085,17.32,23.86,0,0,central,penalty_area,head,half_volley,corner,1,0,0.5,1,0,0.0122,0,0,0
SYN_SHOT_000338,synthetic_modelled_not_official_event_data,2024-25,Liverpool,Premier League,LIV_PL_2024_25_17,17,2024-12-11,Tottenham Hotspur,home,94,16,winning,Cody Gakpo,FW,75.63,8.48,66.18,7.21,Z057,47.17,7.32,0,0,left_wing,middle_third,left_foot,normal,open_play,1,0,3.38,0,0,0.0007,0,0,0
SYN_SHOT_000339,synthetic_modelled_not_official_event_data,2024-25,Liverpool,Premier League,LIV_PL_2024_25_13,13,2024-11-15,Manchester United,home,51,1,drawing,Diogo Jota,FW,97.1,27.49,84.96,23.37,Z075,22.69,16.31,0,0,left_half_space,final_third_outside_box,right_foot,normal,open_play,1,0,1.92,4,0,0.0065,0,0,0
SYN_SHOT_000340,synthetic_modelled_not_official_event_data,2024-25,Liverpool,Premier League,LIV_PL_2024_25_22,22,2025-01-15,Bournemouth,away,53,16,winning,Luis Díaz,FW,89.5,7.71,78.31,6.56,Z065,38.28,7.66,0,0,left_wing,final_third_outside_box,right_foot,normal,open_play,1,0,5.98,2,0,0.0015,0,0,0
SYN_SHOT_000341,synthetic_modelled_not_official_event_data,2024-25,Liverpool,Premier League,LIV_PL_2024_25_25,25,2025-02-09,Chelsea,home,11,59,winning,Ryan Gravenberch,MF,106.13,43.29,92.86,36.79,Z085,12.45,32.09,1,0,central,penalty_area,left_foot,normal,open_play,0,0,4.06,1,0,0.1851,1,0,0
SYN_SHOT_000342,synthetic_modelled_not_official_event_data,2024-25,Liverpool,Premier League,LIV_PL_2024_25_18,18,2024-12-19,West Ham United,away,52,40,winning,Alexis Mac Allister,MF,114.63,52.34,100.3,44.49,Z094,11.49,16.18,1,0,right_half_space,penalty_area,left_foot,normal,counter_attack,0,1,4.81,1,1,0.3984,1,1,1
SYN_SHOT_000343,synthetic_modelled_not_official_event_data,2024-25,Liverpool,Premier League,LIV_PL_2024_25_38,38,2025-05-09,Wolverhampton Wanderers,away,93,41,winning,Mohamed Salah,FW,99.68,43.34,87.22,36.84,Z077,18.01,22.72,0,0,central,final_third_outside_box,left_foot,normal,free_kick_indirect,0,0,0.5,3,0,0.0259,0,0,0
SYN_SHOT_000344,synthetic_modelled_not_official_event_data,2024-25,Liverpool,Premier League,LIV_PL_2024_25_35,35,2025-04-18,Southampton,home,24,49,winning,Luis Díaz,FW,112.27,39.41,98.24,33.5,Z092,6.78,56.65,1,0,central,six_yard_box,head,normal,open_play,1,0,1.29,2,0,0.2798,0,0,0
SYN_SHOT_000345,synthetic_modelled_not_official_event_data,2024-25,Liverpool,Premier League,LIV_PL_2024_25_03,3,2024-09-08,Bournemouth,home,49,27,winning,Diogo Jota,FW,103.44,13.61,90.51,11.57,Z082,26.7,8.62,0,0,left_wing,wide_final_third,right_foot,curled,open_play,0,0,6.43,2,0,0.0095,1,0,0
SYN_SHOT_000346,synthetic_modelled_not_official_event_data,2024-25,Liverpool,Premier League,LIV_PL_2024_25_28,28,2025-02-26,Fulham,away,43,49,drawing,Mohamed Salah,FW,88.74,38.93,77.65,33.09,Z068,27.37,15.23,0,0,central,final_third_outside_box,head,curled,high_press_recovery,0,1,9.05,2,1,0.0432,1,0,0
SYN_SHOT_000347,synthetic_modelled_not_official_event_data,2024-25,Liverpool,Premier League,LIV_PL_2024_25_11,11,2024-10-30,Leicester City,home,35,52,losing,Trent Kone-Doherty,FW,111.25,47.27,97.35,40.18,Z093,9.84,33.89,1,0,central,six_yard_box,left_foot,first_time,open_play,0,0,2.51,1,0,0.1943,1,0,0
SYN_SHOT_000348,synthetic_modelled_not_official_event_data,2024-25,Liverpool,Premier League,LIV_PL_2024_25_28,28,2025-02-28,Fulham,away,6,50,winning,Luis Díaz,FW,106.85,48.45,93.49,41.18,Z085,13.56,26.28,1,0,central,penalty_area,right_foot,curled,open_play,0,0,2.27,1,0,0.1025,0,0,0
SYN_SHOT_000349,synthetic_modelled_not_official_event_data,2024-25,Liverpool,Premier League,LIV_PL_2024_25_31,31,2025-03-20,Manchester City,home,57,8,losing,Mohamed Salah,FW,111.97,28.93,97.97,24.59,Z091,11.75,22.44,1,0,left_half_space,penalty_area,left_foot,volley,open_play,1,1,3.48,0,1,0.4337,1,1,1
SYN_SHOT_000350,synthetic_modelled_not_official_event_data,2024-25,Liverpool,Premier League,LIV_PL_2024_25_05,5,2024-09-20,Brighton,home,90,5,drawing,Alexis Mac Allister,MF,94.33,53.49,82.53,45.47,Z078,25.22,14.79,0,0,right_half_space,final_third_outside_box,left_foot,normal,open_play,0,0,0.5,2,0,0.0083,0,0,0
SYN_SHOT_000351,synthetic_modelled_not_official_event_data,2024-25,Liverpool,Premier League,LIV_PL_2024_25_15,15,2024-11-27,Nottingham Forest,home,71,11,losing,Luis Díaz,FW,108.95,18.96,95.33,16.12,Z082,20.33,10.03,1,0,left_wing,wide_final_third,left_foot,normal,corner,0,0,2.65,2,0,0.0213,0,0,0
SYN_SHOT_000352,synthetic_modelled_not_official_event_data,2024-25,Liverpool,Premier League,LIV_PL_2024_25_26,26,2025-02-12,Crystal Palace,away,45,0,winning,Darwin Núñez,FW,79.38,24.24,69.46,20.61,Z059,37.98,10.32,0,0,left_half_space,middle_third,right_foot,normal,open_play,1,0,4.07,1,0,0.0016,0,0,0
SYN_SHOT_000353,synthetic_modelled_not_official_event_data,2024-25,Liverpool,Premier League,LIV_PL_2024_25_12,12,2024-11-07,Manchester City,away,80,14,losing,Mohamed Salah,FW,100.75,16.48,88.16,14.01,Z082,26.14,10.43,0,0,left_wing,wide_final_third,left_foot,normal,open_play,0,0,0.5,5,0,0.0054,0,0,0
SYN_SHOT_000354,synthetic_modelled_not_official_event_data,2024-25,Liverpool,Premier League,LIV_PL_2024_25_36,36,2025-04-24,Tottenham Hotspur,away,20,5,drawing,Mohamed Salah,FW,101.49,24.33,88.81,20.68,Z083,20.97,15.54,1,0,left_half_space,penalty_area,left_foot,normal,open_play,0,0,2.63,2,0,0.041,0,0,0
SYN_SHOT_000355,synthetic_modelled_not_official_event_data,2024-25,Liverpool,Premier League,LIV_PL_2024_25_16,16,2024-12-06,Southampton,away,75,25,drawing,Mohamed Salah,FW,106.57,70.24,93.25,59.7,Z088,28.26,6.25,0,0,right_wing,wide_final_third,left_foot,normal,high_press_recovery,0,0,3.78,3,0,0.0058,0,0,0
SYN_SHOT_000356,synthetic_modelled_not_official_event_data,2024-25,Liverpool,Premier League,LIV_PL_2024_25_02,2,2024-09-01,Aston Villa,away,84,11,drawing,Mohamed Salah,FW,102.51,33.58,89.69,28.55,Z084,16.25,24.09,1,0,central,penalty_area,left_foot,placed,open_play,0,0,3.92,0,0,0.1779,1,1,1
SYN_SHOT_000357,synthetic_modelled_not_official_event_data,2024-25,Liverpool,Premier League,LIV_PL_2024_25_33,33,2025-04-05,Newcastle United,home,8,17,winning,Mohamed Salah,FW,96.78,46.49,84.68,39.51,Z077,21.05,19.08,0,0,central,final_third_outside_box,left_foot,normal,direct_free_kick,0,0,4.09,1,0,0.0267,1,0,0
SYN_SHOT_000358,synthetic_modelled_not_official_event_data,2024-25,Liverpool,Premier League,LIV_PL_2024_25_11,11,2024-11-01,Leicester City,home,54,30,winning,Mohamed Salah,FW,119.5,16.81,104.56,14.29,Z090,19.71,0.49,1,0,left_wing,wide_final_third,head,normal,open_play,0,0,0.87,0,0,0.0241,0,0,0
SYN_SHOT_000359,synthetic_modelled_not_official_event_data,2024-25,Liverpool,Premier League,LIV_PL_2024_25_04,4,2024-09-15,Brentford,away,92,38,winning,Luis Díaz,FW,96.18,61.36,84.16,52.15,Z079,27.64,11.49,0,0,right_wing,final_third_outside_box,head,placed,open_play,0,0,2.72,2,0,0.0038,0,0,0
SYN_SHOT_000360,synthetic_modelled_not_official_event_data,2024-25,Liverpool,Premier League,LIV_PL_2024_25_23,23,2025-01-26,Brentford,home,79,6,drawing,Cody Gakpo,FW,90.07,43.06,78.81,36.6,Z077,26.32,15.76,0,0,central,final_third_outside_box,right_foot,normal,open_play,0,0,0.5,1,0,0.0106,0,0,0
SYN_SHOT_000361,synthetic_modelled_not_official_event_data,2024-25,Liverpool,Premier League,LIV_PL_2024_25_03,3,2024-09-05,Bournemouth,home,78,1,winning,Luis Díaz,FW,111.68,60.58,97.72,51.49,Z095,18.94,8.77,1,0,right_wing,wide_final_third,right_foot,normal,counter_attack,0,1,2.85,3,1,0.1033,0,0,0
SYN_SHOT_000362,synthetic_modelled_not_official_event_data,2024-25,Liverpool,Premier League,LIV_PL_2024_25_35,35,2025-04-20,Southampton,home,91,59,winning,Darwin Núñez,FW,87.37,25.77,76.45,21.91,Z067,31.01,12.43,0,0,left_half_space,final_third_outside_box,head,normal,counter_attack,0,0,1.65,1,0,0.0032,0,0,0
SYN_SHOT_000363,synthetic_modelled_not_official_event_data,2024-25,Liverpool,Premier League,LIV_PL_2024_25_03,3,2024-09-05,Bournemouth,home,82,9,losing,Cody Gakpo,FW,103.23,41.16,90.32,34.99,Z085,14.71,27.89,1,0,central,penalty_area,right_foot,first_time,high_press_recovery,0,0,2.68,1,0,0.1408,1,0,0
SYN_SHOT_000364,synthetic_modelled_not_official_event_data,2024-25,Liverpool,Premier League,LIV_PL_2024_25_33,33,2025-04-06,Newcastle United,home,25,24,winning,Luis Díaz,FW,92.31,1.0,80.77,0.85,Z073,41.06,6.05,0,0,left_wing,final_third_outside_box,right_foot,normal,open_play,0,0,0.5,2,0,0.0011,0,0,0
SYN_SHOT_000365,synthetic_modelled_not_official_event_data,2024-25,Liverpool,Premier League,LIV_PL_2024_25_13,13,2024-11-15,Manchester United,home,84,38,losing,Mohamed Salah,FW,109.9,33.16,96.16,28.19,Z084,10.58,33.3,1,0,central,penalty_area,left_foot,normal,corner,0,0,1.45,2,0,0.1859,0,0,0
SYN_SHOT_000366,synthetic_modelled_not_official_event_data,2024-25,Liverpool,Premier League,LIV_PL_2024_25_17,17,2024-12-11,Tottenham Hotspur,home,86,21,drawing,Darwin Núñez,FW,103.31,59.41,90.4,50.5,Z086,22.03,12.76,1,0,right_half_space,penalty_area,right_foot,normal,open_play,1,0,2.78,1,0,0.0181,0,0,0
SYN_SHOT_000367,synthetic_modelled_not_official_event_data,2024-25,Liverpool,Premier League,LIV_PL_2024_25_14,14,2024-11-23,Newcastle United,away,59,10,losing,Curtis Jones,MF,114.7,29.39,100.37,24.99,Z091,10.14,20.79,1,1,left_half_space,penalty_area,left_foot,volley,open_play,1,0,6.05,2,0,0.2621,0,0,0
SYN_SHOT_000368,synthetic_modelled_not_official_event_data,2024-25,Liverpool,Premier League,LIV_PL_2024_25_34,34,2025-04-09,Nottingham Forest,away,11,0,drawing,Mohamed Salah,FW,103.3,22.09,90.39,18.77,Z083,21.11,13.91,1,0,left_half_space,penalty_area,right_foot,normal,open_play,1,0,4.09,2,0,0.0365,1,0,0
SYN_SHOT_000369,synthetic_modelled_not_official_event_data,2024-25,Liverpool,Premier League,LIV_PL_2024_25_05,5,2024-09-22,Brighton,home,12,20,drawing,Cody Gakpo,FW,86.16,41.08,75.39,34.92,Z069,29.62,14.08,0,0,central,final_third_outside_box,left_foot,normal,open_play,0,0,2.66,2,0,0.0069,0,0,0
SYN_SHOT_000370,synthetic_modelled_not_official_event_data,2024-25,Liverpool,Premier League,LIV_PL_2024_25_25,25,2025-02-06,Chelsea,home,83,18,losing,Luis Díaz,FW,112.23,79.0,98.2,67.15,Z096,33.84,2.52,0,0,right_wing,wide_final_third,right_foot,normal,open_play,1,0,0.5,3,0,0.001,0,0,0
SYN_SHOT_000371,synthetic_modelled_not_official_event_data,2024-25,Liverpool,Premier League,LIV_PL_2024_25_17,17,2024-12-12,Tottenham Hotspur,home,94,44,drawing,Cody Gakpo,FW,115.35,31.03,100.93,26.38,Z092,8.64,25.93,1,1,central,six_yard_box,right_foot,first_time,counter_attack,1,0,6.58,4,0,0.3375,1,1,1
SYN_SHOT_000372,synthetic_modelled_not_official_event_data,2024-25,Liverpool,Premier League,LIV_PL_2024_25_01,1,2024-08-21,Arsenal,home,25,25,winning,Diogo Jota,FW,87.21,20.68,76.31,17.58,Z067,33.06,11.01,0,0,left_half_space,final_third_outside_box,right_foot,placed,open_play,0,0,2.98,1,0,0.0037,0,0,0
SYN_SHOT_000373,synthetic_modelled_not_official_event_data,2024-25,Liverpool,Premier League,LIV_PL_2024_25_25,25,2025-02-08,Chelsea,home,56,9,losing,Diogo Jota,FW,94.62,14.08,82.79,11.97,Z074,31.28,9.56,0,0,left_wing,final_third_outside_box,right_foot,power,open_play,1,0,5.06,2,0,0.0041,1,0,0
SYN_SHOT_000374,synthetic_modelled_not_official_event_data,2024-25,Liverpool,Premier League,LIV_PL_2024_25_26,26,2025-02-14,Crystal Palace,away,73,47,winning,Luis Díaz,FW,95.45,22.85,83.52,19.42,Z075,25.96,13.39,0,0,left_half_space,final_third_outside_box,right_foot,half_volley,open_play,1,0,2.46,2,0,0.0054,0,0,0
SYN_SHOT_000375,synthetic_modelled_not_official_event_data,2024-25,Liverpool,Premier League,LIV_PL_2024_25_06,6,2024-09-29,Chelsea,away,26,1,drawing,Mohamed Salah,FW,119.5,23.93,104.56,20.34,Z091,13.66,1.06,1,0,left_half_space,penalty_area,left_foot,normal,open_play,1,0,1.99,3,0,0.0269,0,0,0
SYN_SHOT_000376,synthetic_modelled_not_official_event_data,2024-25,Liverpool,Premier League,LIV_PL_2024_25_26,26,2025-02-13,Crystal Palace,away,92,2,drawing,Diogo Jota,FW,119.5,63.77,104.56,54.2,Z095,20.21,0.46,0,0,right_wing,wide_final_third,right_foot,normal,counter_attack,1,0,0.5,2,0,0.0103,0,0,0
SYN_SHOT_000377,synthetic_modelled_not_official_event_data,2024-25,Liverpool,Premier League,LIV_PL_2024_25_05,5,2024-09-18,Brighton,home,57,26,drawing,Harvey Elliott,MF,97.64,37.1,85.43,31.54,Z076,19.72,20.88,0,0,central,final_third_outside_box,right_foot,normal,open_play,0,0,0.77,3,0,0.0143,0,0,0
SYN_SHOT_000378,synthetic_modelled_not_official_event_data,2024-25,Liverpool,Premier League,LIV_PL_2024_25_14,14,2024-11-24,Newcastle United,away,58,44,winning,Luis Díaz,FW,107.73,50.25,94.26,42.72,Z086,13.83,23.84,1,0,right_half_space,penalty_area,head,normal,open_play,1,0,4.54,3,0,0.038,1,0,0
SYN_SHOT_000379,synthetic_modelled_not_official_event_data,2024-25,Liverpool,Premier League,LIV_PL_2024_25_04,4,2024-09-12,Brentford,away,81,6,winning,Virgil van Dijk,DF,101.84,56.46,89.11,47.99,Z086,21.17,14.98,1,0,right_half_space,penalty_area,left_foot,normal,open_play,1,0,2.64,1,0,0.0128,1,0,0
SYN_SHOT_000380,synthetic_modelled_not_official_event_data,2024-25,Liverpool,Premier League,LIV_PL_2024_25_12,12,2024-11-08,Manchester City,away,90,14,winning,Diogo Jota,FW,112.66,39.67,98.58,33.72,Z092,6.43,59.28,1,0,central,six_yard_box,head,normal,corner,0,0,4.43,0,0,0.4727,1,0,0
SYN_SHOT_000381,synthetic_modelled_not_official_event_data,2024-25,Liverpool,Premier League,LIV_PL_2024_25_24,24,2025-01-29,Brighton,away,62,34,drawing,Darwin Núñez,FW,118.93,51.38,104.06,43.67,Z094,9.72,4.84,1,0,right_half_space,penalty_area,right_foot,normal,open_play,0,0,1.23,1,0,0.0766,1,1,1
SYN_SHOT_000382,synthetic_modelled_not_official_event_data,2024-25,Liverpool,Premier League,LIV_PL_2024_25_12,12,2024-11-06,Manchester City,away,17,18,drawing,Darwin Núñez,FW,103.8,38.91,90.82,33.07,Z084,14.21,28.84,1,0,central,penalty_area,right_foot,volley,high_press_recovery,0,0,0.83,1,0,0.1394,1,0,0
SYN_SHOT_000383,synthetic_modelled_not_official_event_data,2024-25,Liverpool,Premier League,LIV_PL_2024_25_28,28,2025-03-01,Fulham,away,91,28,winning,Diogo Jota,FW,119.5,51.37,104.56,43.67,Z094,9.68,2.29,1,0,right_half_space,penalty_area,head,normal,corner,0,0,1.63,1,0,0.0412,0,0,0
SYN_SHOT_000384,synthetic_modelled_not_official_event_data,2024-25,Liverpool,Premier League,LIV_PL_2024_25_06,6,2024-09-29,Chelsea,away,4,49,winning,Luis Díaz,FW,93.97,62.37,82.22,53.02,Z079,29.67,10.89,0,0,right_wing,final_third_outside_box,right_foot,normal,open_play,1,0,3.18,3,0,0.0028,0,0,0
SYN_SHOT_000385,synthetic_modelled_not_official_event_data,2024-25,Liverpool,Premier League,LIV_PL_2024_25_22,22,2025-01-17,Bournemouth,away,29,37,losing,Mohamed Salah,FW,99.44,36.25,87.01,30.81,Z076,18.27,22.34,0,0,central,final_third_outside_box,left_foot,volley,open_play,1,0,4.02,4,0,0.0237,0,0,0
SYN_SHOT_000386,synthetic_modelled_not_official_event_data,2024-25,Liverpool,Premier League,LIV_PL_2024_25_20,20,2025-01-04,Arsenal,away,80,23,winning,Mohamed Salah,FW,112.71,36.22,98.62,30.79,Z092,7.14,51.15,1,0,central,six_yard_box,left_foot,normal,open_play,0,0,3.63,3,0,0.4262,1,0,0
SYN_SHOT_000387,synthetic_modelled_not_official_event_data,2024-25,Liverpool,Premier League,LIV_PL_2024_25_35,35,2025-04-18,Southampton,home,38,19,drawing,Diogo Jota,FW,107.43,49.37,94.0,41.96,Z085,13.58,25.21,1,0,central,penalty_area,left_foot,volley,open_play,0,0,2.0,0,0,0.1423,0,0,0
SYN_SHOT_000388,synthetic_modelled_not_official_event_data,2024-25,Liverpool,Premier League,LIV_PL_2024_25_23,23,2025-01-26,Brentford,home,81,4,drawing,Mohamed Salah,FW,108.0,40.0,94.5,34.0,Z085,10.5,38.43,1,0,central,penalty_area,left_foot,normal,penalty,1,1,7.69,2,1,0.9879,1,1,1
SYN_SHOT_000389,synthetic_modelled_not_official_event_data,2024-25,Liverpool,Premier League,LIV_PL_2024_25_01,1,2024-08-25,Arsenal,home,47,49,winning,Luis Díaz,FW,113.4,18.49,99.22,15.72,Z090,19.17,6.81,1,0,left_wing,wide_final_third,right_foot,normal,open_play,0,0,0.5,2,0,0.0307,1,0,0
SYN_SHOT_000390,synthetic_modelled_not_official_event_data,2024-25,Liverpool,Premier League,LIV_PL_2024_25_22,22,2025-01-18,Bournemouth,away,10,27,drawing,Luis Díaz,FW,104.77,48.24,91.67,41.01,Z085,15.06,24.58,1,0,central,penalty_area,right_foot,half_volley,counter_attack,0,0,1.62,0,0,0.1304,0,0,0
SYN_SHOT_000391,synthetic_modelled_not_official_event_data,2024-25,Liverpool,Premier League,LIV_PL_2024_25_12,12,2024-11-08,Manchester City,away,3,53,drawing,Mohamed Salah,FW,98.31,51.61,86.02,43.87,Z078,21.39,17.37,0,0,right_half_space,final_third_outside_box,left_foot,normal,open_play,1,0,1.73,1,0,0.0129,1,0,0
SYN_SHOT_000392,synthetic_modelled_not_official_event_data,2024-25,Liverpool,Premier League,LIV_PL_2024_25_05,5,2024-09-18,Brighton,home,35,39,losing,Jayden Danns,FW,118.31,33.55,103.52,28.52,Z092,5.68,29.86,1,1,central,six_yard_box,left_foot,curled,open_play,0,0,7.2,1,1,0.7548,1,0,0
SYN_SHOT_000393,synthetic_modelled_not_official_event_data,2024-25,Liverpool,Premier League,LIV_PL_2024_25_35,35,2025-04-16,Southampton,home,23,38,losing,Alexis Mac Allister,MF,81.35,5.43,71.18,4.61,Z065,44.8,7.08,0,0,left_wing,final_third_outside_box,right_foot,volley,throw_in,1,0,7.18,1,0,0.0006,0,0,0
SYN_SHOT_000394,synthetic_modelled_not_official_event_data,2024-25,Liverpool,Premier League,LIV_PL_2024_25_32,32,2025-03-27,Manchester United,away,45,24,winning,Cody Gakpo,FW,99.85,63.89,87.37,54.31,Z079,26.89,10.3,0,0,right_wing,final_third_outside_box,left_foot,normal,open_play,0,0,0.58,2,0,0.0065,1,0,0
SYN_SHOT_000395,synthetic_modelled_not_official_event_data,2024-25,Liverpool,Premier League,LIV_PL_2024_25_19,19,2024-12-28,Wolverhampton Wanderers,home,50,40,drawing,Luis Díaz,FW,100.38,39.98,87.83,33.99,Z084,17.17,24.07,0,0,central,penalty_area,left_foot,normal,open_play,0,0,5.5,0,0,0.0626,0,0,0
SYN_SHOT_000396,synthetic_modelled_not_official_event_data,2024-25,Liverpool,Premier League,LIV_PL_2024_25_04,4,2024-09-15,Brentford,away,70,57,drawing,Harvey Elliott,MF,107.65,64.26,94.2,54.62,Z087,23.28,8.51,0,0,right_wing,wide_final_third,left_foot,normal,open_play,1,0,3.63,2,0,0.0074,0,0,0
SYN_SHOT_000397,synthetic_modelled_not_official_event_data,2024-25,Liverpool,Premier League,LIV_PL_2024_25_16,16,2024-12-05,Southampton,away,69,41,winning,Luis Díaz,FW,108.07,61.17,94.56,51.99,Z087,20.8,10.33,1,0,right_wing,wide_final_third,other,normal,open_play,0,0,1.4,3,0,0.008,0,0,0
SYN_SHOT_000398,synthetic_modelled_not_official_event_data,2024-25,Liverpool,Premier League,LIV_PL_2024_25_27,27,2025-02-21,Everton,home,16,47,drawing,Curtis Jones,MF,112.5,38.98,98.44,33.13,Z092,6.62,57.64,1,0,central,six_yard_box,head,normal,open_play,0,0,5.58,3,0,0.2942,1,0,0
SYN_SHOT_000399,synthetic_modelled_not_official_event_data,2024-25,Liverpool,Premier League,LIV_PL_2024_25_25,25,2025-02-05,Chelsea,home,25,42,drawing,Mohamed Salah,FW,108.22,35.78,94.7,30.41,Z084,10.91,35.52,1,0,central,penalty_area,right_foot,first_time,open_play,0,0,0.58,1,0,0.2511,0,0,0
SYN_SHOT_000400,synthetic_modelled_not_official_event_data,2024-25,Liverpool,Premier League,LIV_PL_2024_25_02,2,2024-08-30,Aston Villa,away,93,33,winning,Mohamed Salah,FW,103.33,51.91,90.41,44.12,Z086,17.76,19.48,1,0,right_half_space,penalty_area,left_foot,normal,throw_in,0,0,1.9,3,0,0.0429,0,0,0
SYN_SHOT_000401,synthetic_modelled_not_official_event_data,2024-25,Liverpool,Premier League,LIV_PL_2024_25_12,12,2024-11-08,Manchester City,away,67,49,winning,Ibrahima Konaté,DF,116.46,28.62,101.9,24.32,Z091,10.16,14.17,1,0,left_half_space,penalty_area,right_foot,first_time,corner,1,0,0.87,0,0,0.0571,1,1,1
SYN_SHOT_000402,synthetic_modelled_not_official_event_data,2024-25,Liverpool,Premier League,LIV_PL_2024_25_22,22,2025-01-15,Bournemouth,away,7,15,losing,Dominik Szoboszlai,MF,113.11,62.24,98.97,52.91,Z095,19.84,6.62,1,0,right_wing,wide_final_third,right_foot,curled,open_play,0,0,2.08,3,0,0.0169,1,0,0
SYN_SHOT_000403,synthetic_modelled_not_official_event_data,2024-25,Liverpool,Premier League,LIV_PL_2024_25_10,10,2024-10-23,Ipswich Town,away,52,4,losing,Luis Díaz,FW,84.89,55.6,74.28,47.26,Z070,33.46,11.49,0,0,right_half_space,final_third_outside_box,right_foot,normal,open_play,1,0,2.26,4,0,0.0014,0,0,0
SYN_SHOT_000404,synthetic_modelled_not_official_event_data,2024-25,Liverpool,Premier League,LIV_PL_2024_25_04,4,2024-09-12,Brentford,away,94,53,winning,Luis Díaz,FW,119.5,47.65,104.56,40.5,Z093,6.52,6.28,1,1,central,six_yard_box,right_foot,normal,open_play,0,0,2.28,1,1,0.5339,1,1,1
SYN_SHOT_000405,synthetic_modelled_not_official_event_data,2024-25,Liverpool,Premier League,LIV_PL_2024_25_18,18,2024-12-19,West Ham United,away,94,57,winning,Tyler Morton,MF,106.98,20.6,93.61,17.51,Z083,20.04,12.12,1,0,left_half_space,penalty_area,left_foot,normal,open_play,0,0,3.02,1,0,0.037,0,0,0
SYN_SHOT_000406,synthetic_modelled_not_official_event_data,2024-25,Liverpool,Premier League,LIV_PL_2024_25_17,17,2024-12-11,Tottenham Hotspur,home,7,16,winning,Andy Robertson,DF,115.97,24.23,101.47,20.6,Z091,13.86,8.22,1,0,left_half_space,penalty_area,left_foot,first_time,corner,0,0,2.97,2,0,0.0347,1,0,0
SYN_SHOT_000407,synthetic_modelled_not_official_event_data,2024-25,Liverpool,Premier League,LIV_PL_2024_25_11,11,2024-11-03,Leicester City,home,25,50,drawing,Diogo Jota,FW,108.4,77.24,94.85,65.66,Z088,33.25,3.89,0,0,right_wing,wide_final_third,right_foot,normal,open_play,1,0,6.65,4,0,0.0017,0,0,0
SYN_SHOT_000408,synthetic_modelled_not_official_event_data,2024-25,Liverpool,Premier League,LIV_PL_2024_25_03,3,2024-09-05,Bournemouth,home,80,20,winning,Andy Robertson,DF,104.26,36.55,91.22,31.07,Z084,14.08,28.6,1,0,central,penalty_area,head,half_volley,corner,0,0,3.01,4,0,0.0459,0,0,0
SYN_SHOT_000409,synthetic_modelled_not_official_event_data,2024-25,Liverpool,Premier League,LIV_PL_2024_25_17,17,2024-12-14,Tottenham Hotspur,home,28,39,winning,Mohamed Salah,FW,109.6,55.95,95.9,47.55,Z086,16.33,14.74,1,0,right_half_space,penalty_area,other,normal,open_play,0,0,4.51,2,0,0.0394,0,0,0
SYN_SHOT_000410,synthetic_modelled_not_official_event_data,2024-25,Liverpool,Premier League,LIV_PL_2024_25_18,18,2024-12-21,West Ham United,away,47,13,drawing,Mohamed Salah,FW,118.93,44.8,104.07,38.08,Z093,4.19,58.7,1,1,central,six_yard_box,left_foot,curled,open_play,0,0,3.18,3,0,0.8083,1,0,0
SYN_SHOT_000411,synthetic_modelled_not_official_event_data,2024-25,Liverpool,Premier League,LIV_PL_2024_25_35,35,2025-04-20,Southampton,home,36,51,losing,Cody Gakpo,FW,98.83,22.59,86.48,19.21,Z075,23.7,13.88,0,0,left_half_space,final_third_outside_box,right_foot,chip,open_play,0,0,1.61,2,0,0.0104,0,0,0
SYN_SHOT_000412,synthetic_modelled_not_official_event_data,2024-25,Liverpool,Premier League,LIV_PL_2024_25_10,10,2024-10-25,Ipswich Town,away,18,38,winning,Cody Gakpo,FW,97.04,25.75,84.91,21.89,Z075,23.46,15.32,0,0,left_half_space,final_third_outside_box,right_foot,normal,open_play,0,0,4.07,1,0,0.0151,0,0,0
SYN_SHOT_000413,synthetic_modelled_not_official_event_data,2024-25,Liverpool,Premier League,LIV_PL_2024_25_25,25,2025-02-06,Chelsea,home,54,39,drawing,Mohamed Salah,FW,119.08,47.81,104.2,40.64,Z093,6.69,10.61,1,1,central,six_yard_box,head,normal,open_play,0,0,1.72,1,1,0.507,1,1,1
SYN_SHOT_000414,synthetic_modelled_not_official_event_data,2024-25,Liverpool,Premier League,LIV_PL_2024_25_21,21,2025-01-12,Aston Villa,home,95,24,drawing,Luis Díaz,FW,119.5,41.26,104.56,35.07,Z093,1.15,165.13,1,1,central,six_yard_box,right_foot,half_volley,open_play,0,0,1.32,2,0,0.8762,1,1,1
SYN_SHOT_000415,synthetic_modelled_not_official_event_data,2024-25,Liverpool,Premier League,LIV_PL_2024_25_10,10,2024-10-24,Ipswich Town,away,16,31,winning,Mohamed Salah,FW,110.05,55.96,96.3,47.56,Z094,16.12,14.5,1,0,right_half_space,penalty_area,left_foot,placed,counter_attack,1,0,0.5,2,0,0.0613,0,0,0
SYN_SHOT_000416,synthetic_modelled_not_official_event_data,2024-25,Liverpool,Premier League,LIV_PL_2024_25_15,15,2024-12-01,Nottingham Forest,home,10,17,drawing,Luis Díaz,FW,115.68,7.54,101.22,6.41,Z089,27.85,2.08,0,0,left_wing,wide_final_third,left_foot,first_time,corner,0,0,2.14,4,0,0.0019,0,0,0
SYN_SHOT_000417,synthetic_modelled_not_official_event_data,2024-25,Liverpool,Premier League,LIV_PL_2024_25_35,35,2025-04-19,Southampton,home,72,53,losing,Alexis Mac Allister,MF,102.8,29.84,89.95,25.36,Z083,17.35,20.95,1,0,left_half_space,penalty_area,right_foot,volley,open_play,0,0,4.3,1,0,0.0705,0,0,0
SYN_SHOT_000418,synthetic_modelled_not_official_event_data,2024-25,Liverpool,Premier League,LIV_PL_2024_25_09,9,2024-10-19,Fulham,home,34,39,drawing,Mohamed Salah,FW,113.85,55.47,99.62,47.15,Z094,14.21,11.8,1,0,right_half_space,penalty_area,head,normal,corner,0,0,3.85,0,0,0.0602,1,0,0
SYN_SHOT_000419,synthetic_modelled_not_official_event_data,2024-25,Liverpool,Premier League,LIV_PL_2024_25_08,8,2024-10-10,Everton,away,13,49,winning,Mohamed Salah,FW,88.76,10.4,77.66,8.84,Z066,37.15,8.33,0,0,left_wing,final_third_outside_box,head,half_volley,counter_attack,0,0,2.7,3,0,0.0012,1,0,0
SYN_SHOT_000420,synthetic_modelled_not_official_event_data,2024-25,Liverpool,Premier League,LIV_PL_2024_25_07,7,2024-10-03,Crystal Palace,home,54,16,winning,Mohamed Salah,FW,103.82,79.0,90.84,67.15,Z088,36.05,4.61,0,0,right_wing,wide_final_third,other,normal,counter_attack,1,1,7.14,3,1,0.003,0,0,0
SYN_SHOT_000421,synthetic_modelled_not_official_event_data,2024-25,Liverpool,Premier League,LIV_PL_2024_25_06,6,2024-09-26,Chelsea,away,56,12,losing,Mohamed Salah,FW,109.59,44.02,95.89,37.42,Z085,9.73,39.37,1,0,central,penalty_area,right_foot,normal,open_play,1,0,2.05,2,0,0.2349,1,0,0
SYN_SHOT_000422,synthetic_modelled_not_official_event_data,2024-25,Liverpool,Premier League,LIV_PL_2024_25_01,1,2024-08-22,Arsenal,home,54,15,winning,Luis Díaz,FW,119.5,62.18,104.56,52.85,Z095,18.86,0.54,1,0,right_wing,wide_final_third,right_foot,normal,open_play,0,0,2.46,4,0,0.0168,1,0,0
SYN_SHOT_000423,synthetic_modelled_not_official_event_data,2024-25,Liverpool,Premier League,LIV_PL_2024_25_37,37,2025-04-30,West Ham United,home,42,54,losing,Diogo Jota,FW,85.71,66.36,75.0,56.41,Z071,37.45,8.99,0,0,right_wing,final_third_outside_box,right_foot,normal,open_play,1,0,4.3,2,0,0.002,0,0,0
SYN_SHOT_000424,synthetic_modelled_not_official_event_data,2024-25,Liverpool,Premier League,LIV_PL_2024_25_08,8,2024-10-09,Everton,away,22,47,drawing,Dominik Szoboszlai,MF,99.54,42.84,87.1,36.42,Z077,18.07,22.72,0,0,central,final_third_outside_box,left_foot,normal,open_play,0,0,0.5,4,0,0.0202,0,0,0
SYN_SHOT_000425,synthetic_modelled_not_official_event_data,2024-25,Liverpool,Premier League,LIV_PL_2024_25_07,7,2024-10-03,Crystal Palace,home,22,32,winning,Luis Díaz,FW,100.97,54.69,88.35,46.49,Z086,20.81,16.19,0,0,right_half_space,penalty_area,right_foot,first_time,high_press_recovery,1,0,3.49,3,0,0.0106,1,0,0
SYN_SHOT_000426,synthetic_modelled_not_official_event_data,2024-25,Liverpool,Premier League,LIV_PL_2024_25_21,21,2025-01-08,Aston Villa,home,67,29,drawing,Mohamed Salah,FW,95.84,59.04,83.86,50.18,Z078,26.62,12.55,0,0,right_half_space,final_third_outside_box,head,curled,open_play,0,0,1.06,1,0,0.0055,1,0,0
SYN_SHOT_000427,synthetic_modelled_not_official_event_data,2024-25,Liverpool,Premier League,LIV_PL_2024_25_19,19,2024-12-26,Wolverhampton Wanderers,home,41,54,losing,Mohamed Salah,FW,88.22,51.66,77.19,43.91,Z070,29.52,13.34,0,0,right_half_space,final_third_outside_box,right_foot,half_volley,free_kick_indirect,1,0,1.71,2,0,0.0045,0,0,0
SYN_SHOT_000428,synthetic_modelled_not_official_event_data,2024-25,Liverpool,Premier League,LIV_PL_2024_25_28,28,2025-03-02,Fulham,away,48,43,drawing,Luis Díaz,FW,102.45,58.44,89.64,49.68,Z086,21.94,13.5,1,0,right_half_space,penalty_area,left_foot,power,open_play,0,1,2.69,0,1,0.1299,0,0,0
SYN_SHOT_000429,synthetic_modelled_not_official_event_data,2024-25,Liverpool,Premier League,LIV_PL_2024_25_13,13,2024-11-13,Manchester United,home,35,21,drawing,Diogo Jota,FW,101.57,44.32,88.87,37.68,Z085,16.54,24.4,1,0,central,penalty_area,right_foot,power,open_play,0,0,1.69,2,0,0.1031,1,0,0
SYN_SHOT_000430,synthetic_modelled_not_official_event_data,2024-25,Liverpool,Premier League,LIV_PL_2024_25_18,18,2024-12-18,West Ham United,away,18,56,losing,Virgil van Dijk,DF,107.35,35.8,93.93,30.43,Z084,11.63,33.61,1,0,central,penalty_area,right_foot,normal,corner,0,1,5.47,1,1,0.4532,1,1,1
SYN_SHOT_000431,synthetic_modelled_not_official_event_data,2024-25,Liverpool,Premier League,LIV_PL_2024_25_38,38,2025-05-09,Wolverhampton Wanderers,away,35,57,losing,Cody Gakpo,FW,118.41,50.77,103.61,43.15,Z094,9.26,8.03,1,1,right_half_space,penalty_area,left_foot,first_time,open_play,0,0,7.29,2,0,0.3139,1,1,1
SYN_SHOT_000432,synthetic_modelled_not_official_event_data,2024-25,Liverpool,Premier League,LIV_PL_2024_25_21,21,2025-01-09,Aston Villa,home,89,10,winning,Luis Díaz,FW,90.23,41.1,78.95,34.93,Z077,26.07,15.98,0,0,central,final_third_outside_box,left_foot,normal,open_play,1,0,2.17,0,0,0.0095,0,0,0
SYN_SHOT_000433,synthetic_modelled_not_official_event_data,2024-25,Liverpool,Premier League,LIV_PL_2024_25_24,24,2025-01-31,Brighton,away,11,7,winning,Diogo Jota,FW,105.29,18.52,92.13,15.74,Z082,22.34,10.98,1,0,left_wing,wide_final_third,right_foot,normal,throw_in,0,1,7.72,0,1,0.1722,0,0,0
SYN_SHOT_000434,synthetic_modelled_not_official_event_data,2024-25,Liverpool,Premier League,LIV_PL_2024_25_26,26,2025-02-13,Crystal Palace,away,61,40,losing,Mohamed Salah,FW,101.43,36.72,88.75,31.21,Z084,16.49,24.72,1,0,central,penalty_area,head,normal,open_play,1,0,2.34,1,0,0.0528,0,0,0
SYN_SHOT_000435,synthetic_modelled_not_official_event_data,2024-25,Liverpool,Premier League,LIV_PL_2024_25_16,16,2024-12-08,Southampton,away,13,56,winning,Cody Gakpo,FW,98.73,38.27,86.39,32.53,Z076,18.67,22.12,0,0,central,final_third_outside_box,left_foot,normal,open_play,1,0,2.83,2,0,0.0218,1,0,0
SYN_SHOT_000436,synthetic_modelled_not_official_event_data,2024-25,Liverpool,Premier League,LIV_PL_2024_25_23,23,2025-01-26,Brentford,home,31,26,winning,Luis Díaz,FW,86.55,32.43,75.73,27.56,Z068,29.97,13.61,0,0,central,final_third_outside_box,right_foot,curled,direct_free_kick,1,0,1.16,5,0,0.0014,0,0,0
SYN_SHOT_000437,synthetic_modelled_not_official_event_data,2024-25,Liverpool,Premier League,LIV_PL_2024_25_27,27,2025-02-22,Everton,home,38,19,losing,Alexis Mac Allister,MF,96.43,33.05,84.38,28.09,Z076,21.45,18.67,0,0,central,final_third_outside_box,right_foot,chip,free_kick_indirect,1,0,5.23,4,0,0.0113,0,0,0
SYN_SHOT_000438,synthetic_modelled_not_official_event_data,2024-25,Liverpool,Premier League,LIV_PL_2024_25_13,13,2024-11-13,Manchester United,home,52,54,winning,Joe Gomez,DF,116.17,43.38,101.65,36.87,Z093,4.41,76.07,1,1,central,six_yard_box,right_foot,normal,free_kick_indirect,1,0,0.81,2,0,0.7412,1,0,0
SYN_SHOT_000439,synthetic_modelled_not_official_event_data,2024-25,Liverpool,Premier League,LIV_PL_2024_25_24,24,2025-02-01,Brighton,away,8,15,winning,Cody Gakpo,FW,102.01,41.92,89.26,35.63,Z085,15.83,25.92,1,0,central,penalty_area,right_foot,normal,open_play,1,0,4.22,1,0,0.0996,0,0,0
SYN_SHOT_000440,synthetic_modelled_not_official_event_data,2024-25,Liverpool,Premier League,LIV_PL_2024_25_07,7,2024-10-06,Crystal Palace,home,67,56,winning,Cody Gakpo,FW,100.65,37.37,88.07,31.77,Z084,17.08,24.01,0,0,central,penalty_area,right_foot,placed,open_play,1,0,3.41,2,0,0.037,0,0,0
SYN_SHOT_000441,synthetic_modelled_not_official_event_data,2024-25,Liverpool,Premier League,LIV_PL_2024_25_08,8,2024-10-13,Everton,away,37,59,drawing,Jayden Danns,FW,93.98,29.22,82.23,24.83,Z075,24.54,15.8,0,0,left_half_space,final_third_outside_box,right_foot,first_time,open_play,1,0,1.8,0,0,0.0074,0,0,0
SYN_SHOT_000442,synthetic_modelled_not_official_event_data,2024-25,Liverpool,Premier League,LIV_PL_2024_25_37,37,2025-05-01,West Ham United,home,29,35,winning,Mohamed Salah,FW,100.85,24.22,88.24,20.59,Z083,21.46,15.34,0,0,left_half_space,penalty_area,left_foot,normal,direct_free_kick,0,0,2.56,2,0,0.0132,0,0,0
SYN_SHOT_000443,synthetic_modelled_not_official_event_data,2024-25,Liverpool,Premier League,LIV_PL_2024_25_13,13,2024-11-16,Manchester United,home,36,46,drawing,Mohamed Salah,FW,111.16,49.51,97.26,42.09,Z093,11.19,26.85,1,0,central,six_yard_box,right_foot,first_time,open_play,0,0,5.59,0,0,0.2482,0,0,0
SYN_SHOT_000444,synthetic_modelled_not_official_event_data,2024-25,Liverpool,Premier League,LIV_PL_2024_25_37,37,2025-05-01,West Ham United,home,36,15,drawing,Dominik Szoboszlai,MF,103.6,17.71,90.65,15.05,Z082,23.77,10.78,1,0,left_wing,wide_final_third,right_foot,curled,open_play,0,0,3.65,0,0,0.0329,0,0,0
SYN_SHOT_000445,synthetic_modelled_not_official_event_data,2024-25,Liverpool,Premier League,LIV_PL_2024_25_30,30,2025-03-14,Leicester City,away,63,54,drawing,Diogo Jota,FW,110.93,46.62,97.07,39.63,Z093,9.73,35.56,1,0,central,six_yard_box,right_foot,curled,open_play,1,0,0.5,2,0,0.2035,1,1,1
SYN_SHOT_000446,synthetic_modelled_not_official_event_data,2024-25,Liverpool,Premier League,LIV_PL_2024_25_12,12,2024-11-07,Manchester City,away,80,21,losing,Luis Díaz,FW,107.23,39.64,93.83,33.7,Z084,11.18,36.26,1,0,central,penalty_area,right_foot,normal,open_play,0,0,4.0,0,0,0.3168,1,1,1
SYN_SHOT_000447,synthetic_modelled_not_official_event_data,2024-25,Liverpool,Premier League,LIV_PL_2024_25_26,26,2025-02-16,Crystal Palace,away,84,25,winning,Cody Gakpo,FW,116.6,41.89,102.02,35.61,Z093,3.39,95.06,1,1,central,six_yard_box,right_foot,normal,free_kick_indirect,1,0,0.85,3,0,0.7192,1,1,1
SYN_SHOT_000448,synthetic_modelled_not_official_event_data,2024-25,Liverpool,Premier League,LIV_PL_2024_25_01,1,2024-08-23,Arsenal,home,77,24,drawing,Mohamed Salah,FW,119.5,39.74,104.56,33.78,Z092,0.49,166.32,1,1,central,six_yard_box,head,normal,corner,1,0,0.5,1,1,0.8646,1,1,1
SYN_SHOT_000449,synthetic_modelled_not_official_event_data,2024-25,Liverpool,Premier League,LIV_PL_2024_25_20,20,2025-01-04,Arsenal,away,28,56,winning,Mohamed Salah,FW,101.76,40.07,89.04,34.06,Z085,15.96,25.83,1,0,central,penalty_area,left_foot,normal,open_play,0,0,4.65,2,0,0.1558,1,0,0
SYN_SHOT_000450,synthetic_modelled_not_official_event_data,2024-25,Liverpool,Premier League,LIV_PL_2024_25_22,22,2025-01-19,Bournemouth,away,88,47,winning,Mohamed Salah,FW,98.01,26.82,85.76,22.8,Z075,22.27,16.28,0,0,left_half_space,final_third_outside_box,left_foot,first_time,free_kick_indirect,0,0,5.27,3,0,0.0137,0,0,0
SYN_SHOT_000451,synthetic_modelled_not_official_event_data,2024-25,Liverpool,Premier League,LIV_PL_2024_25_28,28,2025-02-26,Fulham,away,65,6,winning,Luis Díaz,FW,102.08,54.42,89.32,46.26,Z086,19.9,16.69,1,0,right_half_space,penalty_area,right_foot,curled,open_play,0,0,2.56,1,0,0.0387,0,0,0
SYN_SHOT_000452,synthetic_modelled_not_official_event_data,2024-25,Liverpool,Premier League,LIV_PL_2024_25_02,2,2024-08-31,Aston Villa,away,83,2,winning,Luis Díaz,FW,80.46,35.7,70.4,30.34,Z068,34.79,11.95,0,0,central,final_third_outside_box,left_foot,volley,open_play,0,0,2.28,0,0,0.0044,1,0,0
SYN_SHOT_000453,synthetic_modelled_not_official_event_data,2024-25,Liverpool,Premier League,LIV_PL_2024_25_18,18,2024-12-20,West Ham United,away,4,38,drawing,Dominik Szoboszlai,MF,94.22,30.13,82.44,25.61,Z076,24.07,16.27,0,0,central,final_third_outside_box,right_foot,first_time,high_press_recovery,1,0,1.7,3,0,0.0053,1,0,0
SYN_SHOT_000454,synthetic_modelled_not_official_event_data,2024-25,Liverpool,Premier League,LIV_PL_2024_25_27,27,2025-02-19,Everton,home,75,39,drawing,Mohamed Salah,FW,83.86,28.16,73.37,23.94,Z067,33.19,12.01,0,0,left_half_space,final_third_outside_box,right_foot,power,open_play,0,0,1.5,2,0,0.004,0,0,0
SYN_SHOT_000455,synthetic_modelled_not_official_event_data,2024-25,Liverpool,Premier League,LIV_PL_2024_25_36,36,2025-04-27,Tottenham Hotspur,away,67,24,losing,Mohamed Salah,FW,90.04,71.28,78.79,60.59,Z080,37.34,7.91,0,0,right_wing,final_third_outside_box,head,normal,throw_in,0,0,2.57,3,0,0.0009,0,0,0
SYN_SHOT_000456,synthetic_modelled_not_official_event_data,2024-25,Liverpool,Premier League,LIV_PL_2024_25_09,9,2024-10-16,Fulham,home,76,17,drawing,Cody Gakpo,FW,89.49,36.37,78.3,30.91,Z068,26.88,15.41,0,0,central,final_third_outside_box,left_foot,normal,open_play,1,0,0.69,1,0,0.0069,0,0,0
SYN_SHOT_000457,synthetic_modelled_not_official_event_data,2024-25,Liverpool,Premier League,LIV_PL_2024_25_20,20,2025-01-03,Arsenal,away,71,55,winning,Mohamed Salah,FW,87.13,1.0,76.23,0.85,Z065,43.89,6.28,0,0,left_wing,final_third_outside_box,head,normal,open_play,0,0,3.66,1,0,0.0008,0,0,0
SYN_SHOT_000458,synthetic_modelled_not_official_event_data,2024-25,Liverpool,Premier League,LIV_PL_2024_25_27,27,2025-02-19,Everton,home,27,41,drawing,Mohamed Salah,FW,91.17,16.71,79.78,14.21,Z074,32.06,10.31,0,0,left_wing,final_third_outside_box,left_foot,normal,open_play,0,0,3.42,1,0,0.0058,0,0,0
SYN_SHOT_000459,synthetic_modelled_not_official_event_data,2024-25,Liverpool,Premier League,LIV_PL_2024_25_31,31,2025-03-23,Manchester City,home,40,54,drawing,Federico Chiesa,FW,87.9,7.45,76.91,6.34,Z065,39.42,7.6,0,0,left_wing,final_third_outside_box,right_foot,normal,open_play,0,0,0.65,4,0,0.0008,1,0,0
SYN_SHOT_000460,synthetic_modelled_not_official_event_data,2024-25,Liverpool,Premier League,LIV_PL_2024_25_05,5,2024-09-19,Brighton,home,47,28,winning,Mohamed Salah,FW,110.94,41.83,97.07,35.56,Z093,8.08,48.21,1,0,central,six_yard_box,left_foot,first_time,high_press_recovery,0,0,1.67,4,0,0.3427,1,1,1
SYN_SHOT_000461,synthetic_modelled_not_official_event_data,2024-25,Liverpool,Premier League,LIV_PL_2024_25_23,23,2025-01-23,Brentford,home,17,42,winning,Curtis Jones,MF,106.57,58.44,93.25,49.67,Z086,19.59,13.08,1,0,right_half_space,penalty_area,right_foot,normal,open_play,0,0,3.79,3,0,0.026,0,0,0
SYN_SHOT_000462,synthetic_modelled_not_official_event_data,2024-25,Liverpool,Premier League,LIV_PL_2024_25_18,18,2024-12-18,West Ham United,away,74,25,drawing,Darwin Núñez,FW,97.19,48.3,85.04,41.06,Z077,21.17,18.57,0,0,central,final_third_outside_box,head,normal,open_play,0,0,5.04,5,0,0.0081,0,0,0
SYN_SHOT_000463,synthetic_modelled_not_official_event_data,2024-25,Liverpool,Premier League,LIV_PL_2024_25_30,30,2025-03-16,Leicester City,away,4,34,winning,Luis Díaz,FW,90.51,23.48,79.2,19.96,Z075,29.38,12.54,0,0,left_half_space,final_third_outside_box,right_foot,first_time,counter_attack,0,1,5.46,1,1,0.0343,0,0,0
SYN_SHOT_000464,synthetic_modelled_not_official_event_data,2024-25,Liverpool,Premier League,LIV_PL_2024_25_08,8,2024-10-11,Everton,away,36,26,losing,Mohamed Salah,FW,119.41,21.53,104.48,18.3,Z091,15.7,0.93,1,0,left_half_space,penalty_area,other,normal,open_play,0,1,6.62,0,1,0.1273,0,0,0
SYN_SHOT_000465,synthetic_modelled_not_official_event_data,2024-25,Liverpool,Premier League,LIV_PL_2024_25_09,9,2024-10-16,Fulham,home,23,6,winning,Luis Díaz,FW,119.5,31.58,104.56,26.84,Z092,7.17,4.82,1,1,central,six_yard_box,head,normal,open_play,0,0,4.13,0,1,0.4658,1,1,1
SYN_SHOT_000466,synthetic_modelled_not_official_event_data,2024-25,Liverpool,Premier League,LIV_PL_2024_25_18,18,2024-12-21,West Ham United,away,22,41,winning,Cody Gakpo,FW,82.12,29.96,71.85,25.47,Z067,34.23,11.83,0,0,left_half_space,final_third_outside_box,right_foot,normal,open_play,0,0,6.89,2,0,0.004,0,0,0
SYN_SHOT_000467,synthetic_modelled_not_official_event_data,2024-25,Liverpool,Premier League,LIV_PL_2024_25_13,13,2024-11-16,Manchester United,home,90,34,drawing,Mohamed Salah,FW,77.26,58.86,67.6,50.03,Z062,40.69,9.46,0,0,right_half_space,middle_third,right_foot,volley,open_play,0,0,1.83,4,0,0.001,1,0,0
SYN_SHOT_000468,synthetic_modelled_not_official_event_data,2024-25,Liverpool,Premier League,LIV_PL_2024_25_17,17,2024-12-14,Tottenham Hotspur,home,16,16,winning,Mohamed Salah,FW,97.29,66.3,85.13,56.36,Z079,29.91,9.37,0,0,right_wing,final_third_outside_box,left_foot,normal,open_play,0,0,0.5,4,0,0.0034,0,0,0
SYN_SHOT_000469,synthetic_modelled_not_official_event_data,2024-25,Liverpool,Premier League,LIV_PL_2024_25_25,25,2025-02-06,Chelsea,home,25,20,winning,Mohamed Salah,FW,119.5,41.21,104.56,35.03,Z093,1.12,165.23,1,1,central,six_yard_box,right_foot,first_time,open_play,0,0,2.56,4,0,0.8496,1,0,0
SYN_SHOT_000470,synthetic_modelled_not_official_event_data,2024-25,Liverpool,Premier League,LIV_PL_2024_25_10,10,2024-10-25,Ipswich Town,away,27,23,winning,Luis Díaz,FW,105.24,42.24,92.09,35.9,Z085,13.05,31.06,1,0,central,penalty_area,head,normal,counter_attack,0,0,1.89,1,0,0.1296,0,0,0
SYN_SHOT_000471,synthetic_modelled_not_official_event_data,2024-25,Liverpool,Premier League,LIV_PL_2024_25_06,6,2024-09-27,Chelsea,away,74,12,drawing,Cody Gakpo,FW,94.02,41.59,82.27,35.35,Z077,22.77,18.23,0,0,central,final_third_outside_box,right_foot,normal,open_play,1,0,3.53,3,0,0.0104,0,0,0
SYN_SHOT_000472,synthetic_modelled_not_official_event_data,2024-25,Liverpool,Premier League,LIV_PL_2024_25_32,32,2025-03-29,Manchester United,away,8,3,losing,Mohamed Salah,FW,104.3,25.12,91.26,21.35,Z083,18.68,16.69,1,0,left_half_space,penalty_area,right_foot,normal,open_play,0,0,3.04,1,0,0.0723,0,0,0
SYN_SHOT_000473,synthetic_modelled_not_official_event_data,2024-25,Liverpool,Premier League,LIV_PL_2024_25_06,6,2024-09-26,Chelsea,away,59,55,drawing,Mohamed Salah,FW,104.44,42.04,91.39,35.73,Z085,13.72,29.67,1,0,central,penalty_area,right_foot,normal,throw_in,1,0,0.5,2,0,0.1238,1,0,0
SYN_SHOT_000474,synthetic_modelled_not_official_event_data,2024-25,Liverpool,Premier League,LIV_PL_2024_25_19,19,2024-12-26,Wolverhampton Wanderers,home,50,23,winning,Alexis Mac Allister,MF,117.32,62.82,102.65,53.4,Z095,19.54,2.67,1,0,right_wing,wide_final_third,head,first_time,corner,1,0,1.08,1,0,0.0075,0,0,0
SYN_SHOT_000475,synthetic_modelled_not_official_event_data,2024-25,Liverpool,Premier League,LIV_PL_2024_25_36,36,2025-04-26,Tottenham Hotspur,away,58,56,winning,Jayden Danns,FW,97.63,43.16,85.43,36.68,Z077,19.75,20.82,0,0,central,final_third_outside_box,other,first_time,counter_attack,1,0,3.91,4,0,0.0071,0,0,0
SYN_SHOT_000476,synthetic_modelled_not_official_event_data,2024-25,Liverpool,Premier League,LIV_PL_2024_25_23,23,2025-01-22,Brentford,home,14,24,losing,Mohamed Salah,FW,115.75,50.89,101.28,43.25,Z094,9.97,17.55,1,0,right_half_space,penalty_area,left_foot,normal,open_play,0,0,2.42,1,0,0.1391,0,0,0
SYN_SHOT_000477,synthetic_modelled_not_official_event_data,2024-25,Liverpool,Premier League,LIV_PL_2024_25_06,6,2024-09-26,Chelsea,away,55,27,drawing,Mohamed Salah,FW,101.23,1.0,88.58,0.85,Z081,36.99,5.07,0,0,left_wing,wide_final_third,other,curled,open_play,1,0,1.87,1,0,0.0006,0,0,0
SYN_SHOT_000478,synthetic_modelled_not_official_event_data,2024-25,Liverpool,Premier League,LIV_PL_2024_25_04,4,2024-09-15,Brentford,away,73,25,winning,Mohamed Salah,FW,102.04,61.77,89.28,52.51,Z087,24.28,11.29,1,0,right_wing,wide_final_third,left_foot,first_time,open_play,0,0,1.56,0,0,0.0316,1,0,0
SYN_SHOT_000479,synthetic_modelled_not_official_event_data,2024-25,Liverpool,Premier League,LIV_PL_2024_25_27,27,2025-02-21,Everton,home,28,41,losing,Mohamed Salah,FW,119.32,49.11,104.41,41.74,Z093,7.76,5.28,1,1,central,six_yard_box,left_foot,first_time,open_play,1,0,2.58,1,1,0.3965,1,1,1
SYN_SHOT_000480,synthetic_modelled_not_official_event_data,2024-25,Liverpool,Premier League,LIV_PL_2024_25_01,1,2024-08-21,Arsenal,home,39,52,drawing,Darwin Núñez,FW,100.36,36.9,87.82,31.37,Z084,17.39,23.53,0,0,central,penalty_area,left_foot,curled,open_play,1,0,2.44,3,0,0.0154,1,0,0
SYN_SHOT_000481,synthetic_modelled_not_official_event_data,2024-25,Liverpool,Premier League,LIV_PL_2024_25_12,12,2024-11-09,Manchester City,away,30,7,drawing,Mohamed Salah,FW,105.55,38.36,92.36,32.61,Z084,12.72,31.96,1,0,central,penalty_area,left_foot,first_time,open_play,0,0,2.45,2,0,0.1952,1,0,0
SYN_SHOT_000482,synthetic_modelled_not_official_event_data,2024-25,Liverpool,Premier League,LIV_PL_2024_25_13,13,2024-11-14,Manchester United,home,30,34,drawing,Jayden Danns,FW,112.51,67.31,98.44,57.21,Z095,24.12,4.83,0,0,right_wing,wide_final_third,right_foot,normal,open_play,0,0,1.66,4,0,0.0038,0,0,0
SYN_SHOT_000483,synthetic_modelled_not_official_event_data,2024-25,Liverpool,Premier League,LIV_PL_2024_25_27,27,2025-02-23,Everton,home,29,11,drawing,Diogo Jota,FW,103.42,40.01,90.49,34.01,Z085,14.51,28.32,1,0,central,penalty_area,right_foot,normal,free_kick_indirect,1,0,3.54,2,0,0.1357,0,0,0
SYN_SHOT_000484,synthetic_modelled_not_official_event_data,2024-25,Liverpool,Premier League,LIV_PL_2024_25_21,21,2025-01-11,Aston Villa,home,14,20,drawing,Jayden Danns,FW,97.83,29.24,85.6,24.85,Z075,21.45,17.64,0,0,left_half_space,final_third_outside_box,left_foot,normal,counter_attack,0,0,2.94,4,0,0.0101,0,0,0
SYN_SHOT_000485,synthetic_modelled_not_official_event_data,2024-25,Liverpool,Premier League,LIV_PL_2024_25_01,1,2024-08-22,Arsenal,home,88,51,winning,Mohamed Salah,FW,81.77,67.49,71.55,57.36,Z071,40.8,8.43,0,0,right_wing,final_third_outside_box,left_foot,placed,open_play,1,0,1.85,6,0,0.0007,0,0,0
SYN_SHOT_000486,synthetic_modelled_not_official_event_data,2024-25,Liverpool,Premier League,LIV_PL_2024_25_02,2,2024-08-30,Aston Villa,away,72,21,drawing,Luis Díaz,FW,114.33,47.21,100.04,40.13,Z093,7.89,36.65,1,1,central,six_yard_box,head,normal,corner,0,0,2.25,1,1,0.543,1,1,1
SYN_SHOT_000487,synthetic_modelled_not_official_event_data,2024-25,Liverpool,Premier League,LIV_PL_2024_25_22,22,2025-01-19,Bournemouth,away,36,46,losing,Luis Díaz,FW,114.31,23.9,100.02,20.32,Z091,14.56,10.4,1,0,left_half_space,penalty_area,left_foot,power,throw_in,0,0,5.62,1,0,0.0755,0,0,0
SYN_SHOT_000488,synthetic_modelled_not_official_event_data,2024-25,Liverpool,Premier League,LIV_PL_2024_25_14,14,2024-11-20,Newcastle United,away,82,46,winning,Virgil van Dijk,DF,108.01,48.5,94.51,41.22,Z085,12.74,27.29,1,0,central,penalty_area,head,normal,corner,0,0,3.93,3,0,0.0443,0,0,0
SYN_SHOT_000489,synthetic_modelled_not_official_event_data,2024-25,Liverpool,Premier League,LIV_PL_2024_25_09,9,2024-10-16,Fulham,home,3,6,drawing,Luis Díaz,FW,98.27,36.99,85.99,31.44,Z076,19.18,21.43,0,0,central,final_third_outside_box,right_foot,curled,open_play,0,0,3.78,1,0,0.0364,0,0,0
SYN_SHOT_000490,synthetic_modelled_not_official_event_data,2024-25,Liverpool,Premier League,LIV_PL_2024_25_01,1,2024-08-24,Arsenal,home,78,6,losing,Mohamed Salah,FW,116.75,38.46,102.16,32.69,Z092,3.13,99.79,1,1,central,six_yard_box,left_foot,placed,open_play,1,0,0.59,3,0,0.7595,1,1,1
SYN_SHOT_000491,synthetic_modelled_not_official_event_data,2024-25,Liverpool,Premier League,LIV_PL_2024_25_10,10,2024-10-26,Ipswich Town,away,22,47,winning,Cody Gakpo,FW,85.18,1.0,74.54,0.85,Z065,45.02,6.32,0,0,left_wing,final_third_outside_box,right_foot,curled,open_play,1,0,2.97,4,0,0.0003,0,0,0
SYN_SHOT_000492,synthetic_modelled_not_official_event_data,2024-25,Liverpool,Premier League,LIV_PL_2024_25_37,37,2025-05-04,West Ham United,home,42,57,drawing,Mohamed Salah,FW,118.38,37.31,103.58,31.71,Z092,2.69,120.66,1,1,central,six_yard_box,right_foot,normal,open_play,0,1,8.96,1,1,0.9759,1,1,1
SYN_SHOT_000493,synthetic_modelled_not_official_event_data,2024-25,Liverpool,Premier League,LIV_PL_2024_25_23,23,2025-01-24,Brentford,home,3,31,winning,Cody Gakpo,FW,117.96,34.24,103.21,29.1,Z092,5.21,43.53,1,1,central,six_yard_box,right_foot,half_volley,free_kick_indirect,0,0,2.11,0,1,0.8576,1,1,1
SYN_SHOT_000494,synthetic_modelled_not_official_event_data,2024-25,Liverpool,Premier League,LIV_PL_2024_25_14,14,2024-11-24,Newcastle United,away,62,25,winning,Cody Gakpo,FW,112.74,42.87,98.65,36.44,Z093,6.81,54.7,1,0,central,six_yard_box,right_foot,half_volley,counter_attack,1,1,5.34,2,1,0.8065,1,1,1
SYN_SHOT_000495,synthetic_modelled_not_official_event_data,2024-25,Liverpool,Premier League,LIV_PL_2024_25_04,4,2024-09-15,Brentford,away,13,11,drawing,Luis Díaz,FW,110.16,34.02,96.39,28.91,Z092,10.0,36.04,1,0,central,six_yard_box,right_foot,curled,open_play,0,0,2.88,1,0,0.2332,1,0,0
SYN_SHOT_000496,synthetic_modelled_not_official_event_data,2024-25,Liverpool,Premier League,LIV_PL_2024_25_29,29,2025-03-06,Ipswich Town,home,18,0,winning,Luis Díaz,FW,99.68,55.63,87.22,47.29,Z078,22.2,15.19,0,0,right_half_space,final_third_outside_box,right_foot,first_time,high_press_recovery,1,0,3.27,3,0,0.0088,0,0,0
SYN_SHOT_000497,synthetic_modelled_not_official_event_data,2024-25,Liverpool,Premier League,LIV_PL_2024_25_06,6,2024-09-25,Chelsea,away,4,33,drawing,Luis Díaz,FW,113.58,30.94,99.38,26.3,Z092,9.54,27.95,1,0,central,six_yard_box,left_foot,half_volley,open_play,0,0,0.5,1,0,0.1608,0,0,0
SYN_SHOT_000498,synthetic_modelled_not_official_event_data,2024-25,Liverpool,Premier League,LIV_PL_2024_25_18,18,2024-12-18,West Ham United,away,45,43,drawing,Dominik Szoboszlai,MF,105.52,44.31,92.33,37.66,Z085,13.19,30.02,1,0,central,penalty_area,right_foot,first_time,counter_attack,0,0,2.39,1,0,0.1702,0,0,0
SYN_SHOT_000499,synthetic_modelled_not_official_event_data,2024-25,Liverpool,Premier League,LIV_PL_2024_25_22,22,2025-01-16,Bournemouth,away,64,2,drawing,Andy Robertson,DF,112.38,70.81,98.33,60.19,Z096,27.02,3.9,0,0,right_wing,wide_final_third,head,normal,corner,1,0,2.36,1,0,0.0013,0,0,0
SYN_SHOT_000500,synthetic_modelled_not_official_event_data,2024-25,Liverpool,Premier League,LIV_PL_2024_25_23,23,2025-01-22,Brentford,home,58,2,winning,Ryan Gravenberch,MF,105.81,16.49,92.58,14.02,Z082,23.53,9.55,1,0,left_wing,wide_final_third,left_foot,normal,counter_attack,1,1,4.92,0,1,0.1004,0,0,0
SYN_SHOT_000501,synthetic_modelled_not_official_event_data,2024-25,Liverpool,Premier League,LIV_PL_2024_25_32,32,2025-03-29,Manchester United,away,65,30,losing,Curtis Jones,MF,107.95,32.93,94.45,27.99,Z084,12.14,29.96,1,0,central,penalty_area,left_foot,normal,high_press_recovery,1,0,3.8,1,0,0.1525,0,0,0
SYN_SHOT_000502,synthetic_modelled_not_official_event_data,2024-25,Liverpool,Premier League,LIV_PL_2024_25_16,16,2024-12-04,Southampton,away,64,10,drawing,Cody Gakpo,FW,114.42,26.09,100.12,22.18,Z091,12.79,13.39,1,0,left_half_space,penalty_area,right_foot,normal,open_play,0,0,1.93,1,0,0.0785,1,0,0
SYN_SHOT_000503,synthetic_modelled_not_official_event_data,2024-25,Liverpool,Premier League,LIV_PL_2024_25_19,19,2024-12-25,Wolverhampton Wanderers,home,21,11,drawing,Mohamed Salah,FW,114.86,37.93,100.51,32.24,Z092,4.83,73.23,1,1,central,six_yard_box,left_foot,chip,open_play,0,0,3.18,0,1,0.955,1,0,0
SYN_SHOT_000504,synthetic_modelled_not_official_event_data,2024-25,Liverpool,Premier League,LIV_PL_2024_25_19,19,2024-12-28,Wolverhampton Wanderers,home,7,10,drawing,Cody Gakpo,FW,82.9,1.0,72.53,0.85,Z065,46.4,6.34,0,0,left_wing,final_third_outside_box,left_foot,power,counter_attack,1,0,5.81,4,0,0.0005,0,0,0
SYN_SHOT_000505,synthetic_modelled_not_official_event_data,2024-25,Liverpool,Premier League,LIV_PL_2024_25_22,22,2025-01-18,Bournemouth,away,36,35,drawing,Luis Díaz,FW,106.48,37.74,93.17,32.08,Z084,11.99,33.61,1,0,central,penalty_area,right_foot,normal,open_play,1,0,2.29,0,0,0.1682,0,0,0
SYN_SHOT_000506,synthetic_modelled_not_official_event_data,2024-25,Liverpool,Premier League,LIV_PL_2024_25_36,36,2025-04-27,Tottenham Hotspur,away,37,59,drawing,Diogo Jota,FW,83.45,79.0,73.02,67.15,Z072,46.06,6.34,0,0,right_wing,final_third_outside_box,right_foot,first_time,high_press_recovery,0,0,2.21,6,0,0.0005,1,0,0
SYN_SHOT_000507,synthetic_modelled_not_official_event_data,2024-25,Liverpool,Premier League,LIV_PL_2024_25_26,26,2025-02-14,Crystal Palace,away,55,34,winning,Dominik Szoboszlai,MF,119.22,28.02,104.32,23.82,Z091,10.21,3.14,1,0,left_half_space,penalty_area,right_foot,normal,open_play,1,0,3.99,4,0,0.0422,0,0,0
SYN_SHOT_000508,synthetic_modelled_not_official_event_data,2024-25,Liverpool,Premier League,LIV_PL_2024_25_08,8,2024-10-09,Everton,away,70,35,drawing,Mohamed Salah,FW,105.23,40.63,92.07,34.54,Z085,12.94,31.57,1,0,central,penalty_area,left_foot,normal,open_play,0,0,0.5,0,0,0.2307,1,0,0
SYN_SHOT_000509,synthetic_modelled_not_official_event_data,2024-25,Liverpool,Premier League,LIV_PL_2024_25_32,32,2025-03-28,Manchester United,away,48,38,drawing,Mohamed Salah,FW,108.0,40.0,94.5,34.0,Z085,10.5,38.43,1,0,central,penalty_area,left_foot,normal,penalty,0,1,4.76,2,1,0.9914,1,1,1
SYN_SHOT_000510,synthetic_modelled_not_official_event_data,2024-25,Liverpool,Premier League,LIV_PL_2024_25_06,6,2024-09-28,Chelsea,away,77,38,winning,Harvey Elliott,MF,105.55,18.35,92.36,15.6,Z082,22.33,10.8,1,0,left_wing,wide_final_third,right_foot,normal,open_play,0,0,2.75,1,0,0.0205,0,0,0
SYN_SHOT_000511,synthetic_modelled_not_official_event_data,2024-25,Liverpool,Premier League,LIV_PL_2024_25_22,22,2025-01-16,Bournemouth,away,83,10,winning,Mohamed Salah,FW,99.3,53.47,86.89,45.45,Z078,21.42,16.57,0,0,right_half_space,final_third_outside_box,left_foot,normal,throw_in,0,0,0.5,1,0,0.0176,0,0,0
SYN_SHOT_000512,synthetic_modelled_not_official_event_data,2024-25,Liverpool,Premier League,LIV_PL_2024_25_29,29,2025-03-07,Ipswich Town,home,93,15,drawing,Mohamed Salah,FW,79.89,27.99,69.91,23.79,Z059,36.55,10.99,0,0,left_half_space,middle_third,right_foot,normal,open_play,1,0,5.03,4,0,0.0016,0,0,0
SYN_SHOT_000513,synthetic_modelled_not_official_event_data,2024-25,Liverpool,Premier League,LIV_PL_2024_25_01,1,2024-08-21,Arsenal,home,60,48,losing,Tyler Morton,MF,99.11,50.66,86.72,43.06,Z078,20.41,18.37,0,0,right_half_space,final_third_outside_box,left_foot,normal,open_play,1,0,2.54,2,0,0.0105,0,0,0
SYN_SHOT_000514,synthetic_modelled_not_official_event_data,2024-25,Liverpool,Premier League,LIV_PL_2024_25_17,17,2024-12-11,Tottenham Hotspur,home,1,30,winning,Mohamed Salah,FW,91.96,62.53,80.46,53.15,Z079,31.13,10.65,0,0,right_wing,final_third_outside_box,right_foot,normal,high_press_recovery,0,0,2.8,3,0,0.0036,0,0,0
SYN_SHOT_000515,synthetic_modelled_not_official_event_data,2024-25,Liverpool,Premier League,LIV_PL_2024_25_28,28,2025-03-02,Fulham,away,46,51,winning,Luis Díaz,FW,107.57,61.1,94.13,51.94,Z087,20.97,10.57,1,0,right_wing,wide_final_third,head,normal,corner,0,0,2.8,2,0,0.0129,0,0,0
SYN_SHOT_000516,synthetic_modelled_not_official_event_data,2024-25,Liverpool,Premier League,LIV_PL_2024_25_38,38,2025-05-10,Wolverhampton Wanderers,away,87,58,winning,Mohamed Salah,FW,95.95,43.32,83.95,36.83,Z077,21.24,19.4,0,0,central,final_third_outside_box,left_foot,normal,open_play,0,0,5.75,4,0,0.0217,1,0,0
SYN_SHOT_000517,synthetic_modelled_not_official_event_data,2024-25,Liverpool,Premier League,LIV_PL_2024_25_26,26,2025-02-12,Crystal Palace,away,78,7,drawing,Cody Gakpo,FW,113.75,53.06,99.53,45.1,Z094,12.37,15.99,1,0,right_half_space,penalty_area,head,normal,counter_attack,0,0,2.33,2,0,0.0738,0,0,0
SYN_SHOT_000518,synthetic_modelled_not_official_event_data,2024-25,Liverpool,Premier League,LIV_PL_2024_25_17,17,2024-12-13,Tottenham Hotspur,home,20,31,drawing,Cody Gakpo,FW,110.14,17.67,96.37,15.02,Z090,20.85,8.52,1,0,left_wing,wide_final_third,head,power,corner,0,0,4.17,2,0,0.0171,1,0,0
SYN_SHOT_000519,synthetic_modelled_not_official_event_data,2024-25,Liverpool,Premier League,LIV_PL_2024_25_35,35,2025-04-16,Southampton,home,68,21,drawing,Mohamed Salah,FW,109.0,33.38,95.38,28.37,Z084,11.15,32.43,1,0,central,penalty_area,other,normal,open_play,1,0,1.76,5,0,0.0536,0,0,0
SYN_SHOT_000520,synthetic_modelled_not_official_event_data,2024-25,Liverpool,Premier League,LIV_PL_2024_25_22,22,2025-01-19,Bournemouth,away,18,47,winning,Luis Díaz,FW,115.07,33.1,100.69,28.14,Z092,7.28,38.57,1,1,central,six_yard_box,right_foot,normal,open_play,1,0,0.74,1,1,0.6803,1,0,0
SYN_SHOT_000521,synthetic_modelled_not_official_event_data,2024-25,Liverpool,Premier League,LIV_PL_2024_25_29,29,2025-03-05,Ipswich Town,home,76,28,winning,Mohamed Salah,FW,107.09,23.47,93.7,19.95,Z083,18.03,14.86,1,0,left_half_space,penalty_area,left_foot,chip,open_play,0,0,1.9,1,0,0.0553,1,0,0
SYN_SHOT_000522,synthetic_modelled_not_official_event_data,2024-25,Liverpool,Premier League,LIV_PL_2024_25_32,32,2025-03-28,Manchester United,away,12,23,drawing,Luis Díaz,FW,106.66,51.52,93.33,43.79,Z086,15.23,21.34,1,0,right_half_space,penalty_area,right_foot,first_time,high_press_recovery,0,0,5.14,2,0,0.1117,0,0,0
SYN_SHOT_000523,synthetic_modelled_not_official_event_data,2024-25,Liverpool,Premier League,LIV_PL_2024_25_03,3,2024-09-06,Bournemouth,home,14,9,drawing,Diogo Jota,FW,75.13,56.39,65.74,47.93,Z062,41.66,9.48,0,0,right_half_space,middle_third,head,normal,open_play,0,0,4.71,2,0,0.0011,1,0,0
SYN_SHOT_000524,synthetic_modelled_not_official_event_data,2024-25,Liverpool,Premier League,LIV_PL_2024_25_02,2,2024-08-31,Aston Villa,away,12,35,winning,Mohamed Salah,FW,114.45,39.98,100.15,33.98,Z092,4.85,74.02,1,1,central,six_yard_box,head,normal,corner,0,0,0.5,1,1,0.8458,1,1,1
SYN_SHOT_000525,synthetic_modelled_not_official_event_data,2024-25,Liverpool,Premier League,LIV_PL_2024_25_18,18,2024-12-19,West Ham United,away,6,22,winning,Mohamed Salah,FW,107.46,57.96,94.03,49.26,Z086,18.8,13.29,1,0,right_half_space,penalty_area,left_foot,power,open_play,0,0,2.14,1,0,0.0485,0,0,0
SYN_SHOT_000526,synthetic_modelled_not_official_event_data,2024-25,Liverpool,Premier League,LIV_PL_2024_25_38,38,2025-05-09,Wolverhampton Wanderers,away,21,23,drawing,Luis Díaz,FW,115.78,37.12,101.31,31.55,Z092,4.43,77.05,1,1,central,six_yard_box,right_foot,normal,open_play,1,0,0.5,2,0,0.774,1,1,1
SYN_SHOT_000527,synthetic_modelled_not_official_event_data,2024-25,Liverpool,Premier League,LIV_PL_2024_25_18,18,2024-12-20,West Ham United,away,59,24,losing,Dominik Szoboszlai,MF,105.16,23.23,92.01,19.74,Z083,19.28,14.85,1,0,left_half_space,penalty_area,right_foot,half_volley,corner,0,0,3.63,1,0,0.0345,0,0,0
SYN_SHOT_000528,synthetic_modelled_not_official_event_data,2024-25,Liverpool,Premier League,LIV_PL_2024_25_11,11,2024-10-31,Leicester City,home,71,29,winning,Mohamed Salah,FW,87.62,32.83,76.67,27.9,Z068,28.98,14.09,0,0,central,final_third_outside_box,head,volley,high_press_recovery,0,0,0.5,2,0,0.0066,1,0,0
SYN_SHOT_000529,synthetic_modelled_not_official_event_data,2024-25,Liverpool,Premier League,LIV_PL_2024_25_31,31,2025-03-22,Manchester City,home,92,59,drawing,Trey Nyoni,MF,76.84,72.65,67.23,61.75,Z064,46.87,7.22,0,0,right_wing,middle_third,right_foot,normal,open_play,0,0,5.47,3,0,0.0004,0,0,0
SYN_SHOT_000530,synthetic_modelled_not_official_event_data,2024-25,Liverpool,Premier League,LIV_PL_2024_25_30,30,2025-03-16,Leicester City,away,24,18,winning,Dominik Szoboszlai,MF,113.63,29.16,99.42,24.78,Z091,10.77,21.68,1,0,left_half_space,penalty_area,head,normal,corner,1,0,7.13,2,0,0.0507,0,0,0
SYN_SHOT_000531,synthetic_modelled_not_official_event_data,2024-25,Liverpool,Premier League,LIV_PL_2024_25_09,9,2024-10-17,Fulham,home,56,42,drawing,Mohamed Salah,FW,90.23,33.34,78.95,28.34,Z076,26.66,15.3,0,0,central,final_third_outside_box,head,normal,direct_free_kick,0,0,8.98,1,0,0.008,1,0,0
SYN_SHOT_000532,synthetic_modelled_not_official_event_data,2024-25,Liverpool,Premier League,LIV_PL_2024_25_07,7,2024-10-05,Crystal Palace,home,70,51,losing,Luis Díaz,FW,107.1,50.23,93.72,42.69,Z086,14.24,23.55,1,0,right_half_space,penalty_area,right_foot,volley,free_kick_indirect,1,0,1.6,4,0,0.0416,0,0,0
SYN_SHOT_000533,synthetic_modelled_not_official_event_data,2024-25,Liverpool,Premier League,LIV_PL_2024_25_08,8,2024-10-09,Everton,away,7,33,winning,Darwin Núñez,FW,104.31,29.07,91.27,24.71,Z083,16.58,21.03,1,0,left_half_space,penalty_area,left_foot,normal,open_play,0,0,2.09,1,0,0.0602,0,0,0
SYN_SHOT_000534,synthetic_modelled_not_official_event_data,2024-25,Liverpool,Premier League,LIV_PL_2024_25_05,5,2024-09-19,Brighton,home,41,0,drawing,Luis Díaz,FW,108.25,19.5,94.72,16.57,Z082,20.23,10.76,1,0,left_wing,wide_final_third,left_foot,volley,corner,1,0,3.62,4,0,0.0135,0,0,0
SYN_SHOT_000535,synthetic_modelled_not_official_event_data,2024-25,Liverpool,Premier League,LIV_PL_2024_25_17,17,2024-12-11,Tottenham Hotspur,home,93,28,drawing,Cody Gakpo,FW,101.45,18.87,88.77,16.04,Z082,24.21,11.72,1,0,left_wing,wide_final_third,right_foot,normal,open_play,1,0,3.52,2,0,0.0202,0,0,0
SYN_SHOT_000536,synthetic_modelled_not_official_event_data,2024-25,Liverpool,Premier League,LIV_PL_2024_25_07,7,2024-10-02,Crystal Palace,home,56,50,winning,Trent Alexander-Arnold,DF,104.56,50.19,91.49,42.66,Z086,16.05,22.05,1,0,right_half_space,penalty_area,right_foot,normal,counter_attack,0,0,0.5,3,0,0.0365,1,0,0
SYN_SHOT_000537,synthetic_modelled_not_official_event_data,2024-25,Liverpool,Premier League,LIV_PL_2024_25_29,29,2025-03-06,Ipswich Town,home,3,37,drawing,Mohamed Salah,FW,99.88,46.76,87.4,39.75,Z077,18.52,21.36,0,0,central,final_third_outside_box,right_foot,first_time,free_kick_indirect,0,0,5.82,3,0,0.0313,1,0,0
SYN_SHOT_000538,synthetic_modelled_not_official_event_data,2024-25,Liverpool,Premier League,LIV_PL_2024_25_06,6,2024-09-26,Chelsea,away,82,27,winning,Mohamed Salah,FW,82.48,37.08,72.17,31.51,Z068,32.93,12.65,0,0,central,final_third_outside_box,head,chip,open_play,1,0,3.22,3,0,0.0021,0,0,0
SYN_SHOT_000539,synthetic_modelled_not_official_event_data,2024-25,Liverpool,Premier League,LIV_PL_2024_25_14,14,2024-11-22,Newcastle United,away,2,47,drawing,Darwin Núñez,FW,105.99,54.02,92.74,45.92,Z086,17.1,17.83,1,0,right_half_space,penalty_area,right_foot,volley,open_play,0,0,0.5,2,0,0.0515,0,0,0
SYN_SHOT_000540,synthetic_modelled_not_official_event_data,2024-25,Liverpool,Premier League,LIV_PL_2024_25_19,19,2024-12-29,Wolverhampton Wanderers,home,77,24,drawing,Luis Díaz,FW,87.8,33.99,76.82,28.89,Z068,28.63,14.34,0,0,central,final_third_outside_box,right_foot,normal,open_play,0,0,2.0,1,0,0.0074,0,0,0
SYN_SHOT_000541,synthetic_modelled_not_official_event_data,2024-25,Liverpool,Premier League,LIV_PL_2024_25_11,11,2024-11-01,Leicester City,home,73,35,drawing,Mohamed Salah,FW,104.93,39.46,91.81,33.54,Z084,13.19,30.99,1,0,central,penalty_area,left_foot,normal,free_kick_indirect,0,0,0.61,2,0,0.182,0,0,0
SYN_SHOT_000542,synthetic_modelled_not_official_event_data,2024-25,Liverpool,Premier League,LIV_PL_2024_25_10,10,2024-10-24,Ipswich Town,away,20,56,winning,Mohamed Salah,FW,106.76,42.76,93.42,36.35,Z085,11.82,33.88,1,0,central,penalty_area,left_foot,normal,free_kick_indirect,0,0,2.76,0,0,0.2689,1,0,0
SYN_SHOT_000543,synthetic_modelled_not_official_event_data,2024-25,Liverpool,Premier League,LIV_PL_2024_25_15,15,2024-12-01,Nottingham Forest,home,95,12,drawing,Mohamed Salah,FW,101.06,19.83,88.43,16.85,Z082,23.85,12.32,0,0,left_wing,wide_final_third,left_foot,normal,open_play,1,0,1.5,3,0,0.0053,0,0,0
SYN_SHOT_000544,synthetic_modelled_not_official_event_data,2024-25,Liverpool,Premier League,LIV_PL_2024_25_36,36,2025-04-27,Tottenham Hotspur,away,58,44,winning,Cody Gakpo,FW,101.68,46.92,88.97,39.88,Z085,17.07,22.87,1,0,central,penalty_area,right_foot,power,open_play,0,0,0.5,0,0,0.1048,1,1,1
SYN_SHOT_000545,synthetic_modelled_not_official_event_data,2024-25,Liverpool,Premier League,LIV_PL_2024_25_24,24,2025-01-29,Brighton,away,40,12,drawing,James McConnell,MF,100.24,52.23,87.71,44.4,Z086,20.18,17.82,0,0,right_half_space,penalty_area,right_foot,volley,open_play,1,0,0.5,0,0,0.0136,0,0,0
SYN_SHOT_000546,synthetic_modelled_not_official_event_data,2024-25,Liverpool,Premier League,LIV_PL_2024_25_06,6,2024-09-26,Chelsea,away,45,10,losing,Diogo Jota,FW,110.89,38.94,97.03,33.1,Z092,8.02,48.87,1,0,central,six_yard_box,head,volley,free_kick_indirect,1,0,2.06,2,0,0.2345,1,0,0
SYN_SHOT_000547,synthetic_modelled_not_official_event_data,2024-25,Liverpool,Premier League,LIV_PL_2024_25_15,15,2024-11-29,Nottingham Forest,home,48,57,drawing,Cody Gakpo,FW,108.0,40.0,94.5,34.0,Z085,10.5,38.43,1,0,central,penalty_area,right_foot,normal,penalty,0,0,0.5,0,1,0.9796,0,0,0
SYN_SHOT_000548,synthetic_modelled_not_official_event_data,2024-25,Liverpool,Premier League,LIV_PL_2024_25_11,11,2024-11-01,Leicester City,home,3,35,winning,Luis Díaz,FW,93.39,30.11,81.72,25.59,Z076,24.75,15.87,0,0,central,final_third_outside_box,head,normal,open_play,0,0,1.22,1,0,0.0061,0,0,0
SYN_SHOT_000549,synthetic_modelled_not_official_event_data,2024-25,Liverpool,Premier League,LIV_PL_2024_25_07,7,2024-10-04,Crystal Palace,home,60,40,winning,Cody Gakpo,FW,105.91,30.22,92.67,25.69,Z084,14.87,23.49,1,0,central,penalty_area,right_foot,chip,open_play,1,0,0.95,2,0,0.0617,1,1,1
SYN_SHOT_000550,synthetic_modelled_not_official_event_data,2024-25,Liverpool,Premier League,LIV_PL_2024_25_04,4,2024-09-13,Brentford,away,16,40,winning,Mohamed Salah,FW,77.6,55.95,67.9,47.55,Z062,39.5,9.96,0,0,right_half_space,middle_third,right_foot,chip,open_play,0,0,4.13,2,0,0.0024,1,0,0
SYN_SHOT_000551,synthetic_modelled_not_official_event_data,2024-25,Liverpool,Premier League,LIV_PL_2024_25_04,4,2024-09-15,Brentford,away,90,29,drawing,Cody Gakpo,FW,112.05,44.37,98.04,37.72,Z093,7.89,46.21,1,0,central,six_yard_box,right_foot,normal,open_play,0,0,1.55,4,0,0.2641,0,0,0
SYN_SHOT_000552,synthetic_modelled_not_official_event_data,2024-25,Liverpool,Premier League,LIV_PL_2024_25_34,34,2025-04-12,Nottingham Forest,away,28,3,drawing,Mohamed Salah,FW,101.65,54.14,88.94,46.02,Z086,20.06,16.81,1,0,right_half_space,penalty_area,left_foot,first_time,open_play,0,0,2.39,1,0,0.0471,0,0,0
SYN_SHOT_000553,synthetic_modelled_not_official_event_data,2024-25,Liverpool,Premier League,LIV_PL_2024_25_17,17,2024-12-14,Tottenham Hotspur,home,72,58,winning,Diogo Jota,FW,106.43,51.36,93.13,43.66,Z086,15.31,21.48,1,0,right_half_space,penalty_area,right_foot,first_time,open_play,1,0,4.15,2,0,0.0819,1,0,0
SYN_SHOT_000554,synthetic_modelled_not_official_event_data,2024-25,Liverpool,Premier League,LIV_PL_2024_25_03,3,2024-09-06,Bournemouth,home,85,48,winning,Diogo Jota,FW,83.19,54.61,72.79,46.42,Z070,34.52,11.32,0,0,right_half_space,final_third_outside_box,left_foot,power,open_play,0,0,4.59,3,0,0.0027,0,0,0
SYN_SHOT_000555,synthetic_modelled_not_official_event_data,2024-25,Liverpool,Premier League,LIV_PL_2024_25_37,37,2025-05-04,West Ham United,home,77,52,winning,Darwin Núñez,FW,96.14,33.96,84.12,28.87,Z076,21.5,18.81,0,0,central,final_third_outside_box,left_foot,volley,high_press_recovery,0,0,2.04,1,0,0.0211,0,0,0
SYN_SHOT_000556,synthetic_modelled_not_official_event_data,2024-25,Liverpool,Premier League,LIV_PL_2024_25_23,23,2025-01-22,Brentford,home,45,51,losing,Trent Alexander-Arnold,DF,97.45,27.96,85.27,23.77,Z075,22.22,16.73,0,0,left_half_space,final_third_outside_box,right_foot,normal,open_play,0,0,3.1,2,0,0.0109,1,0,0
SYN_SHOT_000557,synthetic_modelled_not_official_event_data,2024-25,Liverpool,Premier League,LIV_PL_2024_25_24,24,2025-01-29,Brighton,away,1,16,winning,James McConnell,MF,88.23,51.13,77.2,43.46,Z070,29.37,13.48,0,0,right_half_space,final_third_outside_box,right_foot,chip,open_play,0,0,0.7,1,0,0.0046,0,0,0
SYN_SHOT_000558,synthetic_modelled_not_official_event_data,2024-25,Liverpool,Premier League,LIV_PL_2024_25_25,25,2025-02-05,Chelsea,home,9,0,drawing,Diogo Jota,FW,92.84,27.92,81.24,23.73,Z075,25.89,14.84,0,0,left_half_space,final_third_outside_box,right_foot,normal,high_press_recovery,1,0,2.29,3,0,0.005,0,0,0
SYN_SHOT_000559,synthetic_modelled_not_official_event_data,2024-25,Liverpool,Premier League,LIV_PL_2024_25_25,25,2025-02-05,Chelsea,home,32,37,drawing,Mohamed Salah,FW,104.98,30.8,91.86,26.18,Z084,15.3,23.57,1,0,central,penalty_area,right_foot,chip,open_play,0,0,4.51,0,0,0.1561,0,0,0
SYN_SHOT_000560,synthetic_modelled_not_official_event_data,2024-25,Liverpool,Premier League,LIV_PL_2024_25_15,15,2024-11-28,Nottingham Forest,home,86,36,drawing,Virgil van Dijk,DF,109.9,37.37,96.16,31.77,Z084,9.12,42.87,1,0,central,penalty_area,head,curled,corner,1,0,3.53,2,0,0.1424,0,0,0
SYN_SHOT_000561,synthetic_modelled_not_official_event_data,2024-25,Liverpool,Premier League,LIV_PL_2024_25_16,16,2024-12-04,Southampton,away,54,44,drawing,Mohamed Salah,FW,102.29,79.0,89.5,67.15,Z088,36.59,4.89,0,0,right_wing,wide_final_third,right_foot,first_time,open_play,0,0,1.57,2,0,0.0021,0,0,0
SYN_SHOT_000562,synthetic_modelled_not_official_event_data,2024-25,Liverpool,Premier League,LIV_PL_2024_25_17,17,2024-12-12,Tottenham Hotspur,home,37,12,losing,Mohamed Salah,FW,112.77,36.04,98.67,30.64,Z092,7.17,50.66,1,0,central,six_yard_box,left_foot,volley,open_play,1,0,4.52,1,0,0.4461,1,0,0
SYN_SHOT_000563,synthetic_modelled_not_official_event_data,2024-25,Liverpool,Premier League,LIV_PL_2024_25_03,3,2024-09-07,Bournemouth,home,19,52,drawing,Mohamed Salah,FW,108.76,57.15,95.16,48.58,Z086,17.58,13.68,1,0,right_half_space,penalty_area,left_foot,volley,open_play,1,0,1.53,0,0,0.0509,1,1,1
SYN_SHOT_000564,synthetic_modelled_not_official_event_data,2024-25,Liverpool,Premier League,LIV_PL_2024_25_23,23,2025-01-23,Brentford,home,71,49,losing,Darwin Núñez,FW,107.68,50.51,94.22,42.93,Z086,14.0,23.37,1,0,right_half_space,penalty_area,head,normal,open_play,0,0,4.52,1,0,0.0741,0,0,0
SYN_SHOT_000565,synthetic_modelled_not_official_event_data,2024-25,Liverpool,Premier League,LIV_PL_2024_25_16,16,2024-12-04,Southampton,away,40,28,losing,Mohamed Salah,FW,119.5,49.92,104.56,42.43,Z093,8.44,3.17,1,1,central,six_yard_box,right_foot,normal,high_press_recovery,0,0,2.9,0,1,0.5456,1,1,1
SYN_SHOT_000566,synthetic_modelled_not_official_event_data,2024-25,Liverpool,Premier League,LIV_PL_2024_25_16,16,2024-12-07,Southampton,away,72,9,winning,Mohamed Salah,FW,119.5,42.7,104.56,36.3,Z093,2.34,158.0,1,1,central,six_yard_box,left_foot,normal,open_play,0,1,4.57,0,1,0.9819,1,1,1
SYN_SHOT_000567,synthetic_modelled_not_official_event_data,2024-25,Liverpool,Premier League,LIV_PL_2024_25_22,22,2025-01-15,Bournemouth,away,32,9,losing,Diogo Jota,FW,99.02,16.26,86.65,13.82,Z074,27.28,10.42,0,0,left_wing,final_third_outside_box,right_foot,curled,open_play,0,0,3.79,1,0,0.0094,0,0,0
SYN_SHOT_000568,synthetic_modelled_not_official_event_data,2024-25,Liverpool,Premier League,LIV_PL_2024_25_17,17,2024-12-12,Tottenham Hotspur,home,57,51,drawing,Mohamed Salah,FW,105.47,59.84,92.29,50.86,Z086,21.12,12.14,1,0,right_half_space,penalty_area,left_foot,normal,free_kick_indirect,0,0,1.82,4,0,0.0234,0,0,0
SYN_SHOT_000569,synthetic_modelled_not_official_event_data,2024-25,Liverpool,Premier League,LIV_PL_2024_25_34,34,2025-04-11,Nottingham Forest,away,1,42,drawing,Luis Díaz,FW,97.74,61.91,85.52,52.63,Z079,26.95,11.31,0,0,right_wing,final_third_outside_box,right_foot,curled,counter_attack,1,0,1.44,2,0,0.0058,0,0,0
SYN_SHOT_000570,synthetic_modelled_not_official_event_data,2024-25,Liverpool,Premier League,LIV_PL_2024_25_25,25,2025-02-07,Chelsea,home,69,2,winning,Luis Díaz,FW,104.71,55.31,91.62,47.01,Z086,18.66,16.3,1,0,right_half_space,penalty_area,right_foot,normal,high_press_recovery,0,0,2.74,1,0,0.0506,0,0,0
SYN_SHOT_000571,synthetic_modelled_not_official_event_data,2024-25,Liverpool,Premier League,LIV_PL_2024_25_15,15,2024-11-30,Nottingham Forest,home,77,13,drawing,Darwin Núñez,FW,112.86,53.43,98.75,45.42,Z094,13.01,16.34,1,0,right_half_space,penalty_area,right_foot,half_volley,open_play,0,1,7.92,3,1,0.2241,1,0,0
SYN_SHOT_000572,synthetic_modelled_not_official_event_data,2024-25,Liverpool,Premier League,LIV_PL_2024_25_03,3,2024-09-06,Bournemouth,home,23,27,drawing,Mohamed Salah,FW,92.37,37.19,80.83,31.61,Z076,24.29,17.06,0,0,central,final_third_outside_box,left_foot,volley,open_play,1,0,1.91,1,0,0.0117,0,0,0
SYN_SHOT_000573,synthetic_modelled_not_official_event_data,2024-25,Liverpool,Premier League,LIV_PL_2024_25_26,26,2025-02-15,Crystal Palace,away,49,42,losing,Dominik Szoboszlai,MF,111.34,35.83,97.42,30.45,Z092,8.37,44.4,1,0,central,six_yard_box,other,volley,open_play,0,0,5.86,2,0,0.2044,1,0,0
SYN_SHOT_000574,synthetic_modelled_not_official_event_data,2024-25,Liverpool,Premier League,LIV_PL_2024_25_24,24,2025-01-30,Brighton,away,37,21,drawing,Mohamed Salah,FW,88.98,46.61,77.86,39.62,Z069,27.72,14.74,0,0,central,final_third_outside_box,right_foot,first_time,open_play,1,0,1.95,1,0,0.0074,0,0,0
SYN_SHOT_000575,synthetic_modelled_not_official_event_data,2024-25,Liverpool,Premier League,LIV_PL_2024_25_11,11,2024-10-30,Leicester City,home,44,43,drawing,Mohamed Salah,FW,103.13,70.17,90.24,59.65,Z088,29.59,7.14,0,0,right_wing,wide_final_third,right_foot,chip,open_play,1,0,4.61,1,0,0.0049,0,0,0
SYN_SHOT_000576,synthetic_modelled_not_official_event_data,2024-25,Liverpool,Premier League,LIV_PL_2024_25_23,23,2025-01-23,Brentford,home,17,55,winning,Dominik Szoboszlai,MF,108.0,40.0,94.5,34.0,Z085,10.5,38.43,1,0,central,penalty_area,right_foot,half_volley,penalty,0,0,0.5,0,1,0.977,0,0,0
SYN_SHOT_000577,synthetic_modelled_not_official_event_data,2024-25,Liverpool,Premier League,LIV_PL_2024_25_14,14,2024-11-24,Newcastle United,away,67,31,drawing,Cody Gakpo,FW,96.74,12.88,84.65,10.95,Z074,30.75,9.08,0,0,left_wing,final_third_outside_box,right_foot,normal,open_play,0,0,3.88,0,0,0.0069,0,0,0
SYN_SHOT_000578,synthetic_modelled_not_official_event_data,2024-25,Liverpool,Premier League,LIV_PL_2024_25_31,31,2025-03-21,Manchester City,home,43,10,winning,Diogo Jota,FW,79.89,37.37,69.9,31.77,Z060,35.17,11.86,0,0,central,middle_third,right_foot,chip,open_play,1,0,4.32,3,0,0.0023,0,0,0
SYN_SHOT_000579,synthetic_modelled_not_official_event_data,2024-25,Liverpool,Premier League,LIV_PL_2024_25_22,22,2025-01-19,Bournemouth,away,36,48,winning,Mohamed Salah,FW,113.7,29.56,99.49,25.13,Z091,10.45,22.86,1,0,left_half_space,penalty_area,right_foot,normal,corner,1,0,3.43,4,0,0.0722,0,0,0
SYN_SHOT_000580,synthetic_modelled_not_official_event_data,2024-25,Liverpool,Premier League,LIV_PL_2024_25_30,30,2025-03-12,Leicester City,away,52,38,losing,Mohamed Salah,FW,112.78,41.88,98.68,35.6,Z093,6.52,57.84,1,0,central,six_yard_box,left_foot,placed,counter_attack,0,0,3.22,1,0,0.6668,1,0,0
SYN_SHOT_000581,synthetic_modelled_not_official_event_data,2024-25,Liverpool,Premier League,LIV_PL_2024_25_11,11,2024-10-31,Leicester City,home,42,17,winning,Mohamed Salah,FW,97.17,31.7,85.03,26.95,Z076,21.18,18.57,0,0,central,final_third_outside_box,head,normal,direct_free_kick,0,0,1.77,0,0,0.0124,1,0,0
SYN_SHOT_000582,synthetic_modelled_not_official_event_data,2024-25,Liverpool,Premier League,LIV_PL_2024_25_02,2,2024-08-28,Aston Villa,away,22,18,winning,Mohamed Salah,FW,107.05,39.34,93.67,33.44,Z084,11.34,35.73,1,0,central,penalty_area,left_foot,normal,high_press_recovery,0,0,3.45,2,0,0.3352,1,1,1
SYN_SHOT_000583,synthetic_modelled_not_official_event_data,2024-25,Liverpool,Premier League,LIV_PL_2024_25_15,15,2024-12-01,Nottingham Forest,home,85,8,drawing,Mohamed Salah,FW,111.32,46.93,97.41,39.89,Z093,9.61,35.16,1,0,central,six_yard_box,right_foot,normal,high_press_recovery,0,1,8.81,1,1,0.7102,1,1,1
SYN_SHOT_000584,synthetic_modelled_not_official_event_data,2024-25,Liverpool,Premier League,LIV_PL_2024_25_04,4,2024-09-14,Brentford,away,87,44,winning,Mohamed Salah,FW,108.96,15.39,95.34,13.09,Z082,23.04,7.78,0,0,left_wing,wide_final_third,head,power,open_play,0,0,3.22,1,0,0.0095,0,0,0
SYN_SHOT_000585,synthetic_modelled_not_official_event_data,2024-25,Liverpool,Premier League,LIV_PL_2024_25_37,37,2025-04-30,West Ham United,home,70,41,winning,Mohamed Salah,FW,112.42,38.55,98.36,32.77,Z092,6.75,56.5,1,0,central,six_yard_box,right_foot,normal,corner,1,1,7.38,2,1,0.7452,1,1,1
SYN_SHOT_000586,synthetic_modelled_not_official_event_data,2024-25,Liverpool,Premier League,LIV_PL_2024_25_05,5,2024-09-22,Brighton,home,59,18,drawing,Dominik Szoboszlai,MF,97.88,62.57,85.65,53.19,Z079,27.25,10.99,0,0,right_wing,final_third_outside_box,right_foot,chip,open_play,0,0,2.34,3,0,0.0038,0,0,0
SYN_SHOT_000587,synthetic_modelled_not_official_event_data,2024-25,Liverpool,Premier League,LIV_PL_2024_25_38,38,2025-05-08,Wolverhampton Wanderers,away,72,0,winning,Mohamed Salah,FW,98.39,59.56,86.1,50.63,Z078,25.18,12.57,0,0,right_half_space,final_third_outside_box,right_foot,normal,open_play,1,0,4.45,6,0,0.0062,0,0,0
SYN_SHOT_000588,synthetic_modelled_not_official_event_data,2024-25,Liverpool,Premier League,LIV_PL_2024_25_18,18,2024-12-20,West Ham United,away,41,20,winning,Curtis Jones,MF,100.38,54.39,87.84,46.23,Z086,21.07,16.26,0,0,right_half_space,penalty_area,right_foot,normal,counter_attack,1,1,8.14,2,1,0.0606,1,1,1
SYN_SHOT_000589,synthetic_modelled_not_official_event_data,2024-25,Liverpool,Premier League,LIV_PL_2024_25_32,32,2025-03-27,Manchester United,away,60,55,drawing,Ryan Gravenberch,MF,100.14,15.51,87.62,13.19,Z082,27.12,10.0,0,0,left_wing,wide_final_third,right_foot,curled,high_press_recovery,0,0,1.82,2,0,0.0061,0,0,0
SYN_SHOT_000590,synthetic_modelled_not_official_event_data,2024-25,Liverpool,Premier League,LIV_PL_2024_25_31,31,2025-03-21,Manchester City,home,23,17,drawing,Luis Díaz,FW,77.43,17.94,67.75,15.25,Z058,41.71,8.98,0,0,left_wing,middle_third,right_foot,normal,open_play,1,0,5.05,1,0,0.001,0,0,0
SYN_SHOT_000591,synthetic_modelled_not_official_event_data,2024-25,Liverpool,Premier League,LIV_PL_2024_25_09,9,2024-10-20,Fulham,home,68,57,winning,Mohamed Salah,FW,90.28,15.2,79.0,12.92,Z074,33.47,9.76,0,0,left_wing,final_third_outside_box,left_foot,normal,open_play,0,0,1.31,1,0,0.0036,0,0,0
SYN_SHOT_000592,synthetic_modelled_not_official_event_data,2024-25,Liverpool,Premier League,LIV_PL_2024_25_33,33,2025-04-04,Newcastle United,home,83,59,winning,Luis Díaz,FW,113.17,27.9,99.02,23.72,Z091,11.89,18.86,1,0,left_half_space,penalty_area,right_foot,normal,open_play,1,0,3.05,0,0,0.1171,0,0,0
SYN_SHOT_000593,synthetic_modelled_not_official_event_data,2024-25,Liverpool,Premier League,LIV_PL_2024_25_21,21,2025-01-12,Aston Villa,home,8,50,winning,Cody Gakpo,FW,90.03,77.64,78.77,65.99,Z080,41.37,6.45,0,0,right_wing,final_third_outside_box,right_foot,normal,open_play,0,0,5.28,0,0,0.0019,0,0,0
SYN_SHOT_000594,synthetic_modelled_not_official_event_data,2024-25,Liverpool,Premier League,LIV_PL_2024_25_18,18,2024-12-19,West Ham United,away,73,23,losing,Darwin Núñez,FW,115.97,34.28,101.47,29.14,Z092,6.0,48.75,1,1,central,six_yard_box,right_foot,power,open_play,1,0,2.42,1,1,0.764,1,0,0
SYN_SHOT_000595,synthetic_modelled_not_official_event_data,2024-25,Liverpool,Premier League,LIV_PL_2024_25_37,37,2025-05-04,West Ham United,home,3,33,winning,Luis Díaz,FW,110.25,29.14,96.47,24.77,Z091,12.57,23.37,1,0,left_half_space,penalty_area,head,first_time,corner,0,0,6.85,4,0,0.0431,0,0,0
SYN_SHOT_000596,synthetic_modelled_not_official_event_data,2024-25,Liverpool,Premier League,LIV_PL_2024_25_21,21,2025-01-08,Aston Villa,home,86,47,drawing,Mohamed Salah,FW,96.77,38.26,84.67,32.52,Z076,20.38,20.31,0,0,central,final_third_outside_box,left_foot,normal,open_play,0,0,3.59,2,0,0.0381,1,1,1
SYN_SHOT_000597,synthetic_modelled_not_official_event_data,2024-25,Liverpool,Premier League,LIV_PL_2024_25_18,18,2024-12-21,West Ham United,away,77,1,losing,Luis Díaz,FW,106.53,79.0,93.21,67.15,Z088,35.18,4.03,0,0,right_wing,wide_final_third,left_foot,normal,counter_attack,0,0,4.17,3,0,0.0022,0,0,0
SYN_SHOT_000598,synthetic_modelled_not_official_event_data,2024-25,Liverpool,Premier League,LIV_PL_2024_25_27,27,2025-02-23,Everton,home,90,9,drawing,Conor Bradley,DF,115.14,25.56,100.75,21.72,Z091,12.99,11.33,1,0,left_half_space,penalty_area,right_foot,normal,corner,1,0,2.69,2,0,0.0301,1,0,0
SYN_SHOT_000599,synthetic_modelled_not_official_event_data,2024-25,Liverpool,Premier League,LIV_PL_2024_25_14,14,2024-11-23,Newcastle United,away,63,11,drawing,Mohamed Salah,FW,110.49,21.06,96.68,17.9,Z091,18.12,10.95,1,0,left_half_space,penalty_area,right_foot,normal,open_play,0,1,5.48,1,1,0.2183,0,0,0
SYN_SHOT_000600,synthetic_modelled_not_official_event_data,2024-25,Liverpool,Premier League,LIV_PL_2024_25_09,9,2024-10-17,Fulham,home,51,55,drawing,Darwin Núñez,FW,101.29,21.69,88.62,18.44,Z083,22.59,13.56,1,0,left_half_space,penalty_area,right_foot,normal,open_play,0,0,1.36,1,0,0.0245,0,0,0
SYN_SHOT_000601,synthetic_modelled_not_official_event_data,2024-25,Liverpool,Premier League,LIV_PL_2024_25_12,12,2024-11-06,Manchester City,away,54,46,drawing,Mohamed Salah,FW,108.15,10.6,94.63,9.01,Z082,27.05,6.03,0,0,left_wing,wide_final_third,right_foot,normal,open_play,0,0,2.81,2,0,0.0066,0,0,0
SYN_SHOT_000602,synthetic_modelled_not_official_event_data,2024-25,Liverpool,Premier League,LIV_PL_2024_25_31,31,2025-03-20,Manchester City,home,2,46,losing,Luis Díaz,FW,115.6,44.27,101.15,37.63,Z093,5.29,62.6,1,1,central,six_yard_box,left_foot,curled,open_play,0,1,6.85,1,1,0.9556,1,1,1
SYN_SHOT_000603,synthetic_modelled_not_official_event_data,2024-25,Liverpool,Premier League,LIV_PL_2024_25_06,6,2024-09-25,Chelsea,away,27,59,drawing,Alexis Mac Allister,MF,113.04,28.41,98.91,24.15,Z091,11.58,20.26,1,0,left_half_space,penalty_area,head,curled,open_play,1,0,3.49,2,0,0.0607,0,0,0
SYN_SHOT_000604,synthetic_modelled_not_official_event_data,2024-25,Liverpool,Premier League,LIV_PL_2024_25_33,33,2025-04-05,Newcastle United,home,33,35,winning,Curtis Jones,MF,95.98,27.23,83.98,23.14,Z075,23.66,15.73,0,0,left_half_space,final_third_outside_box,left_foot,normal,open_play,0,0,1.84,0,0,0.0121,0,0,0
SYN_SHOT_000605,synthetic_modelled_not_official_event_data,2024-25,Liverpool,Premier League,LIV_PL_2024_25_18,18,2024-12-22,West Ham United,away,60,44,winning,Darwin Núñez,FW,84.2,27.64,73.68,23.49,Z067,33.04,12.01,0,0,left_half_space,final_third_outside_box,right_foot,normal,open_play,0,0,5.11,0,0,0.0053,0,0,0
SYN_SHOT_000606,synthetic_modelled_not_official_event_data,2024-25,Liverpool,Premier League,LIV_PL_2024_25_10,10,2024-10-23,Ipswich Town,away,17,41,drawing,Mohamed Salah,FW,88.54,16.17,77.48,13.74,Z066,34.18,9.9,0,0,left_wing,final_third_outside_box,left_foot,first_time,open_play,1,0,5.07,3,0,0.002,0,0,0
SYN_SHOT_000607,synthetic_modelled_not_official_event_data,2024-25,Liverpool,Premier League,LIV_PL_2024_25_09,9,2024-10-20,Fulham,home,16,46,losing,Ryan Gravenberch,MF,100.46,26.53,87.91,22.55,Z083,20.57,16.98,0,0,left_half_space,penalty_area,right_foot,normal,open_play,0,0,3.52,2,0,0.0187,0,0,0
SYN_SHOT_000608,synthetic_modelled_not_official_event_data,2024-25,Liverpool,Premier League,LIV_PL_2024_25_11,11,2024-11-03,Leicester City,home,49,30,drawing,Luis Díaz,FW,96.86,34.64,84.76,29.44,Z076,20.75,19.55,0,0,central,final_third_outside_box,right_foot,normal,open_play,1,0,1.53,2,0,0.0153,0,0,0
SYN_SHOT_000609,synthetic_modelled_not_official_event_data,2024-25,Liverpool,Premier League,LIV_PL_2024_25_06,6,2024-09-28,Chelsea,away,61,8,drawing,Jayden Danns,FW,107.94,43.01,94.44,36.56,Z085,10.86,36.46,1,0,central,penalty_area,right_foot,normal,open_play,1,0,1.66,5,0,0.0948,0,0,0
SYN_SHOT_000610,synthetic_modelled_not_official_event_data,2024-25,Liverpool,Premier League,LIV_PL_2024_25_37,37,2025-05-04,West Ham United,home,93,46,winning,Federico Chiesa,FW,90.89,73.45,79.53,62.43,Z080,38.17,7.36,0,0,right_wing,final_third_outside_box,right_foot,normal,open_play,0,0,0.5,4,0,0.0009,0,0,0
SYN_SHOT_000611,synthetic_modelled_not_official_event_data,2024-25,Liverpool,Premier League,LIV_PL_2024_25_27,27,2025-02-20,Everton,home,31,51,drawing,Alexis Mac Allister,MF,95.7,41.25,83.74,35.06,Z077,21.29,19.49,0,0,central,final_third_outside_box,right_foot,normal,open_play,0,0,2.44,3,0,0.0124,0,0,0
SYN_SHOT_000612,synthetic_modelled_not_official_event_data,2024-25,Liverpool,Premier League,LIV_PL_2024_25_22,22,2025-01-18,Bournemouth,away,86,29,losing,Mohamed Salah,FW,104.95,34.01,91.83,28.91,Z084,14.12,27.4,1,0,central,penalty_area,right_foot,normal,open_play,1,0,1.84,2,0,0.1113,0,0,0
SYN_SHOT_000613,synthetic_modelled_not_official_event_data,2024-25,Liverpool,Premier League,LIV_PL_2024_25_22,22,2025-01-19,Bournemouth,away,41,13,drawing,Diogo Jota,FW,99.68,56.45,87.22,47.98,Z078,22.62,14.64,0,0,right_half_space,final_third_outside_box,left_foot,chip,open_play,1,0,3.01,4,0,0.0083,0,0,0
SYN_SHOT_000614,synthetic_modelled_not_official_event_data,2024-25,Liverpool,Premier League,LIV_PL_2024_25_18,18,2024-12-22,West Ham United,away,85,50,drawing,Diogo Jota,FW,107.44,3.77,94.01,3.2,Z081,32.7,4.36,0,0,left_wing,wide_final_third,other,curled,open_play,0,0,1.38,2,0,0.0013,0,0,0
SYN_SHOT_000615,synthetic_modelled_not_official_event_data,2024-25,Liverpool,Premier League,LIV_PL_2024_25_16,16,2024-12-08,Southampton,away,1,45,winning,Diogo Jota,FW,114.94,44.0,100.57,37.4,Z093,5.58,61.27,1,1,central,six_yard_box,other,volley,open_play,0,0,4.67,2,0,0.7116,1,1,1
SYN_SHOT_000616,synthetic_modelled_not_official_event_data,2024-25,Liverpool,Premier League,LIV_PL_2024_25_27,27,2025-02-20,Everton,home,61,45,winning,Luis Díaz,FW,110.32,32.59,96.53,27.7,Z092,10.56,32.32,1,0,central,six_yard_box,left_foot,placed,open_play,0,0,4.54,3,0,0.1786,0,0,0
SYN_SHOT_000617,synthetic_modelled_not_official_event_data,2024-25,Liverpool,Premier League,LIV_PL_2024_25_21,21,2025-01-09,Aston Villa,home,38,21,winning,Luis Díaz,FW,99.32,37.03,86.91,31.48,Z076,18.27,22.46,0,0,central,final_third_outside_box,left_foot,chip,counter_attack,0,0,6.6,2,0,0.0529,1,0,0
SYN_SHOT_000618,synthetic_modelled_not_official_event_data,2024-25,Liverpool,Premier League,LIV_PL_2024_25_38,38,2025-05-10,Wolverhampton Wanderers,away,80,38,drawing,Mohamed Salah,FW,100.08,32.9,87.57,27.96,Z084,18.44,21.33,0,0,central,penalty_area,head,normal,direct_free_kick,0,0,0.5,3,0,0.0119,0,0,0
SYN_SHOT_000619,synthetic_modelled_not_official_event_data,2024-25,Liverpool,Premier League,LIV_PL_2024_25_06,6,2024-09-28,Chelsea,away,43,18,drawing,Ryan Gravenberch,MF,97.18,41.6,85.04,35.36,Z077,20.01,20.69,0,0,central,final_third_outside_box,right_foot,first_time,open_play,0,0,5.9,2,0,0.0286,0,0,0
SYN_SHOT_000620,synthetic_modelled_not_official_event_data,2024-25,Liverpool,Premier League,LIV_PL_2024_25_28,28,2025-03-01,Fulham,away,7,1,winning,Mohamed Salah,FW,91.0,50.84,79.63,43.21,Z078,26.99,14.56,0,0,right_half_space,final_third_outside_box,left_foot,volley,high_press_recovery,1,0,0.93,1,0,0.0072,0,0,0
SYN_SHOT_000621,synthetic_modelled_not_official_event_data,2024-25,Liverpool,Premier League,LIV_PL_2024_25_06,6,2024-09-25,Chelsea,away,51,35,winning,Luis Díaz,FW,103.85,42.98,90.87,36.54,Z085,14.36,28.22,1,0,central,penalty_area,right_foot,normal,open_play,0,0,4.27,2,0,0.1614,0,0,0
SYN_SHOT_000622,synthetic_modelled_not_official_event_data,2024-25,Liverpool,Premier League,LIV_PL_2024_25_38,38,2025-05-07,Wolverhampton Wanderers,away,56,25,winning,Mohamed Salah,FW,87.9,66.8,76.92,56.78,Z071,36.16,9.03,0,0,right_wing,final_third_outside_box,left_foot,first_time,counter_attack,1,0,4.19,1,0,0.0031,0,0,0
SYN_SHOT_000623,synthetic_modelled_not_official_event_data,2024-25,Liverpool,Premier League,LIV_PL_2024_25_34,34,2025-04-09,Nottingham Forest,away,24,46,drawing,Cody Gakpo,FW,103.59,52.11,90.64,44.29,Z086,17.67,19.39,1,0,right_half_space,penalty_area,right_foot,normal,open_play,0,0,3.6,2,0,0.074,1,0,0
SYN_SHOT_000624,synthetic_modelled_not_official_event_data,2024-25,Liverpool,Premier League,LIV_PL_2024_25_10,10,2024-10-26,Ipswich Town,away,78,40,drawing,Cody Gakpo,FW,89.72,3.57,78.51,3.03,Z065,40.75,6.71,0,0,left_wing,final_third_outside_box,right_foot,normal,open_play,1,0,4.02,3,0,0.0007,0,0,0
SYN_SHOT_000625,synthetic_modelled_not_official_event_data,2024-25,Liverpool,Premier League,LIV_PL_2024_25_24,24,2025-02-02,Brighton,away,5,13,drawing,Luis Díaz,FW,81.27,62.13,71.12,52.81,Z071,38.76,9.46,0,0,right_wing,final_third_outside_box,head,normal,open_play,0,0,8.43,1,0,0.0013,0,0,0
SYN_SHOT_000626,synthetic_modelled_not_official_event_data,2024-25,Liverpool,Premier League,LIV_PL_2024_25_29,29,2025-03-09,Ipswich Town,home,20,41,losing,Luis Díaz,FW,94.58,69.03,82.76,58.68,Z079,33.22,8.49,0,0,right_wing,final_third_outside_box,left_foot,normal,open_play,0,0,0.5,1,0,0.0028,1,0,0
SYN_SHOT_000627,synthetic_modelled_not_official_event_data,2024-25,Liverpool,Premier League,LIV_PL_2024_25_31,31,2025-03-23,Manchester City,home,26,42,drawing,Wataru Endo,MF,109.8,19.43,96.08,16.52,Z082,19.63,9.96,1,0,left_wing,wide_final_third,right_foot,volley,open_play,0,1,4.08,2,1,0.1323,1,0,0
SYN_SHOT_000628,synthetic_modelled_not_official_event_data,2024-25,Liverpool,Premier League,LIV_PL_2024_25_15,15,2024-11-29,Nottingham Forest,home,28,53,winning,Darwin Núñez,FW,100.67,38.46,88.08,32.69,Z084,16.97,24.28,0,0,central,penalty_area,right_foot,normal,open_play,0,0,6.38,5,0,0.0312,0,0,0
SYN_SHOT_000629,synthetic_modelled_not_official_event_data,2024-25,Liverpool,Premier League,LIV_PL_2024_25_25,25,2025-02-09,Chelsea,home,47,27,winning,Diogo Jota,FW,96.78,42.45,84.68,36.08,Z077,20.42,20.22,0,0,central,final_third_outside_box,head,placed,open_play,0,0,1.07,3,0,0.011,0,0,0
SYN_SHOT_000630,synthetic_modelled_not_official_event_data,2024-25,Liverpool,Premier League,LIV_PL_2024_25_31,31,2025-03-21,Manchester City,home,50,30,losing,Mohamed Salah,FW,112.4,42.55,98.35,36.16,Z093,6.99,53.88,1,0,central,six_yard_box,head,normal,counter_attack,0,0,4.88,2,0,0.5148,1,1,1
SYN_SHOT_000631,synthetic_modelled_not_official_event_data,2024-25,Liverpool,Premier League,LIV_PL_2024_25_13,13,2024-11-13,Manchester United,home,35,42,winning,Mohamed Salah,FW,90.48,37.23,79.17,31.65,Z076,25.93,16.0,0,0,central,final_third_outside_box,right_foot,first_time,open_play,0,0,3.07,5,0,0.0114,1,0,0
SYN_SHOT_000632,synthetic_modelled_not_official_event_data,2024-25,Liverpool,Premier League,LIV_PL_2024_25_28,28,2025-03-02,Fulham,away,76,44,winning,Jayden Danns,FW,109.31,11.93,95.65,10.14,Z082,25.62,6.08,0,0,left_wing,wide_final_third,right_foot,curled,corner,0,0,4.03,4,0,0.0032,0,0,0
SYN_SHOT_000633,synthetic_modelled_not_official_event_data,2024-25,Liverpool,Premier League,LIV_PL_2024_25_16,16,2024-12-08,Southampton,away,77,46,winning,Jayden Danns,FW,112.82,51.01,98.71,43.36,Z094,11.28,22.02,1,0,right_half_space,penalty_area,head,normal,counter_attack,1,0,0.5,3,0,0.0382,0,0,0
SYN_SHOT_000634,synthetic_modelled_not_official_event_data,2024-25,Liverpool,Premier League,LIV_PL_2024_25_12,12,2024-11-07,Manchester City,away,7,17,drawing,Cody Gakpo,FW,111.45,51.44,97.52,43.73,Z094,12.27,21.76,1,0,right_half_space,penalty_area,head,normal,corner,1,0,0.58,1,0,0.0363,1,0,0
SYN_SHOT_000635,synthetic_modelled_not_official_event_data,2024-25,Liverpool,Premier League,LIV_PL_2024_25_04,4,2024-09-12,Brentford,away,46,4,winning,Harvey Elliott,MF,106.06,34.25,92.8,29.11,Z084,13.14,29.28,1,0,central,penalty_area,left_foot,curled,open_play,0,0,2.54,1,0,0.1242,1,0,0
SYN_SHOT_000636,synthetic_modelled_not_official_event_data,2024-25,Liverpool,Premier League,LIV_PL_2024_25_24,24,2025-02-02,Brighton,away,82,4,drawing,Mohamed Salah,FW,98.36,50.93,86.06,43.29,Z078,21.09,17.81,0,0,right_half_space,final_third_outside_box,left_foot,first_time,open_play,1,0,5.21,5,0,0.0116,0,0,0
SYN_SHOT_000637,synthetic_modelled_not_official_event_data,2024-25,Liverpool,Premier League,LIV_PL_2024_25_19,19,2024-12-25,Wolverhampton Wanderers,home,29,3,drawing,Diogo Jota,FW,119.14,26.84,104.25,22.82,Z091,11.21,2.79,1,0,left_half_space,penalty_area,right_foot,volley,open_play,0,0,3.17,1,0,0.0991,0,0,0
SYN_SHOT_000638,synthetic_modelled_not_official_event_data,2024-25,Liverpool,Premier League,LIV_PL_2024_25_28,28,2025-02-28,Fulham,away,72,25,drawing,Dominik Szoboszlai,MF,99.46,45.63,87.02,38.78,Z077,18.6,21.59,0,0,central,final_third_outside_box,right_foot,power,open_play,0,0,4.94,0,0,0.0482,0,0,0
SYN_SHOT_000639,synthetic_modelled_not_official_event_data,2024-25,Liverpool,Premier League,LIV_PL_2024_25_06,6,2024-09-26,Chelsea,away,18,5,drawing,Mohamed Salah,FW,114.29,10.28,100.0,8.74,Z090,25.75,3.22,0,0,left_wing,wide_final_third,right_foot,power,open_play,0,0,3.58,1,0,0.0094,0,0,0
SYN_SHOT_000640,synthetic_modelled_not_official_event_data,2024-25,Liverpool,Premier League,LIV_PL_2024_25_14,14,2024-11-23,Newcastle United,away,69,8,drawing,Ibrahima Konaté,DF,118.42,33.9,103.62,28.82,Z092,5.36,33.35,1,1,central,six_yard_box,left_foot,normal,open_play,1,0,4.77,0,1,0.7057,1,0,0
SYN_SHOT_000641,synthetic_modelled_not_official_event_data,2024-25,Liverpool,Premier League,LIV_PL_2024_25_21,21,2025-01-08,Aston Villa,home,73,11,drawing,Mohamed Salah,FW,84.58,63.0,74.01,53.55,Z071,36.65,9.68,0,0,right_wing,final_third_outside_box,left_foot,curled,open_play,0,0,2.13,0,0,0.0032,0,0,0
SYN_SHOT_000642,synthetic_modelled_not_official_event_data,2024-25,Liverpool,Premier League,LIV_PL_2024_25_34,34,2025-04-13,Nottingham Forest,away,32,30,drawing,Luis Díaz,FW,98.6,45.77,86.27,38.9,Z077,19.36,20.78,0,0,central,final_third_outside_box,left_foot,volley,counter_attack,0,1,6.11,3,1,0.1075,1,0,0
SYN_SHOT_000643,synthetic_modelled_not_official_event_data,2024-25,Liverpool,Premier League,LIV_PL_2024_25_30,30,2025-03-15,Leicester City,away,29,38,drawing,Luis Díaz,FW,111.69,71.72,97.73,60.96,Z096,27.93,3.97,0,0,right_wing,wide_final_third,right_foot,normal,open_play,0,0,3.43,1,0,0.0061,0,0,0
SYN_SHOT_000644,synthetic_modelled_not_official_event_data,2024-25,Liverpool,Premier League,LIV_PL_2024_25_29,29,2025-03-09,Ipswich Town,home,24,36,drawing,Dominik Szoboszlai,MF,103.19,65.52,90.29,55.69,Z087,26.21,9.08,0,0,right_wing,wide_final_third,head,normal,open_play,0,0,2.92,2,0,0.004,1,0,0
SYN_SHOT_000645,synthetic_modelled_not_official_event_data,2024-25,Liverpool,Premier League,LIV_PL_2024_25_13,13,2024-11-14,Manchester United,home,80,43,drawing,Mohamed Salah,FW,107.54,4.67,94.1,3.97,Z081,31.95,4.53,0,0,left_wing,wide_final_third,head,curled,corner,0,0,4.67,3,0,0.0014,1,0,0
SYN_SHOT_000646,synthetic_modelled_not_official_event_data,2024-25,Liverpool,Premier League,LIV_PL_2024_25_23,23,2025-01-24,Brentford,home,87,49,drawing,Cody Gakpo,FW,107.98,44.5,94.48,37.83,Z085,11.19,34.53,1,0,central,penalty_area,right_foot,first_time,open_play,1,0,3.63,0,0,0.2429,1,1,1
SYN_SHOT_000647,synthetic_modelled_not_official_event_data,2024-25,Liverpool,Premier League,LIV_PL_2024_25_34,34,2025-04-10,Nottingham Forest,away,6,16,drawing,Luis Díaz,FW,110.03,50.74,96.28,43.13,Z094,12.63,23.61,1,0,right_half_space,penalty_area,left_foot,volley,free_kick_indirect,0,1,3.98,1,1,0.3894,1,0,0
SYN_SHOT_000648,synthetic_modelled_not_official_event_data,2024-25,Liverpool,Premier League,LIV_PL_2024_25_14,14,2024-11-20,Newcastle United,away,75,8,winning,Mohamed Salah,FW,116.79,57.81,102.19,49.14,Z094,15.4,5.25,1,0,right_half_space,penalty_area,left_foot,normal,open_play,0,0,1.98,2,0,0.0547,0,0,0
SYN_SHOT_000649,synthetic_modelled_not_official_event_data,2024-25,Liverpool,Premier League,LIV_PL_2024_25_33,33,2025-04-02,Newcastle United,home,94,29,losing,Luis Díaz,FW,80.83,37.48,70.72,31.86,Z068,34.34,12.14,0,0,central,final_third_outside_box,right_foot,placed,counter_attack,0,0,3.23,3,0,0.004,0,0,0
SYN_SHOT_000650,synthetic_modelled_not_official_event_data,2024-25,Liverpool,Premier League,LIV_PL_2024_25_02,2,2024-08-30,Aston Villa,away,43,10,winning,Luis Díaz,FW,108.98,52.21,95.36,44.38,Z086,14.17,20.64,1,0,right_half_space,penalty_area,right_foot,normal,open_play,1,0,8.25,0,0,0.0976,0,0,0
SYN_SHOT_000651,synthetic_modelled_not_official_event_data,2024-25,Liverpool,Premier League,LIV_PL_2024_25_19,19,2024-12-25,Wolverhampton Wanderers,home,87,57,drawing,Diogo Jota,FW,105.67,64.68,92.46,54.98,Z087,24.44,8.93,0,0,right_wing,wide_final_third,left_foot,normal,high_press_recovery,0,0,3.42,2,0,0.0144,0,0,0
SYN_SHOT_000652,synthetic_modelled_not_official_event_data,2024-25,Liverpool,Premier League,LIV_PL_2024_25_32,32,2025-03-28,Manchester United,away,15,3,drawing,Cody Gakpo,FW,104.92,34.03,91.81,28.93,Z084,14.14,27.38,1,0,central,penalty_area,left_foot,normal,high_press_recovery,1,0,4.88,0,0,0.1737,1,0,0
SYN_SHOT_000653,synthetic_modelled_not_official_event_data,2024-25,Liverpool,Premier League,LIV_PL_2024_25_24,24,2025-02-02,Brighton,away,45,37,losing,Mohamed Salah,FW,90.91,56.52,79.55,48.05,Z078,29.07,12.63,0,0,right_half_space,final_third_outside_box,left_foot,normal,open_play,1,0,1.3,0,0,0.0059,0,0,0
SYN_SHOT_000654,synthetic_modelled_not_official_event_data,2024-25,Liverpool,Premier League,LIV_PL_2024_25_05,5,2024-09-19,Brighton,home,6,17,drawing,Luis Díaz,FW,105.69,28.43,92.48,24.16,Z083,15.92,20.89,1,0,left_half_space,penalty_area,right_foot,normal,open_play,0,0,3.64,1,0,0.0897,0,0,0
SYN_SHOT_000655,synthetic_modelled_not_official_event_data,2024-25,Liverpool,Premier League,LIV_PL_2024_25_32,32,2025-03-30,Manchester United,away,87,50,drawing,Cody Gakpo,FW,95.67,32.28,83.71,27.44,Z076,22.28,17.89,0,0,central,final_third_outside_box,left_foot,normal,open_play,0,0,1.84,3,0,0.0115,1,0,0
SYN_SHOT_000656,synthetic_modelled_not_official_event_data,2024-25,Liverpool,Premier League,LIV_PL_2024_25_03,3,2024-09-08,Bournemouth,home,10,56,drawing,Luis Díaz,FW,98.98,33.19,86.6,28.21,Z076,19.29,20.59,0,0,central,final_third_outside_box,right_foot,normal,counter_attack,0,1,3.85,2,1,0.1592,1,1,1
SYN_SHOT_000657,synthetic_modelled_not_official_event_data,2024-25,Liverpool,Premier League,LIV_PL_2024_25_27,27,2025-02-23,Everton,home,17,2,drawing,Mohamed Salah,FW,97.63,50.67,85.43,43.07,Z078,21.57,17.59,0,0,right_half_space,final_third_outside_box,left_foot,normal,direct_free_kick,0,0,3.93,1,0,0.0188,1,0,0
SYN_SHOT_000658,synthetic_modelled_not_official_event_data,2024-25,Liverpool,Premier League,LIV_PL_2024_25_16,16,2024-12-05,Southampton,away,40,47,winning,Ibrahima Konaté,DF,108.18,28.42,94.66,24.15,Z083,14.28,21.67,1,0,left_half_space,penalty_area,right_foot,normal,corner,0,1,7.67,0,1,0.2724,1,0,0
SYN_SHOT_000659,synthetic_modelled_not_official_event_data,2024-25,Liverpool,Premier League,LIV_PL_2024_25_04,4,2024-09-13,Brentford,away,83,39,winning,Mohamed Salah,FW,108.0,40.0,94.5,34.0,Z085,10.5,38.43,1,0,central,penalty_area,left_foot,first_time,penalty,0,0,0.72,2,1,0.9781,1,1,1
SYN_SHOT_000660,synthetic_modelled_not_official_event_data,2024-25,Liverpool,Premier League,LIV_PL_2024_25_01,1,2024-08-21,Arsenal,home,37,1,winning,Alexis Mac Allister,MF,94.49,26.41,82.68,22.45,Z075,25.13,14.8,0,0,left_half_space,final_third_outside_box,right_foot,volley,direct_free_kick,1,0,1.14,4,0,0.0029,1,0,0
SYN_SHOT_000661,synthetic_modelled_not_official_event_data,2024-25,Liverpool,Premier League,LIV_PL_2024_25_27,27,2025-02-19,Everton,home,93,10,drawing,Ryan Gravenberch,MF,90.97,35.16,79.6,29.89,Z076,25.73,15.99,0,0,central,final_third_outside_box,right_foot,normal,open_play,0,0,1.01,3,0,0.0061,1,1,1
SYN_SHOT_000662,synthetic_modelled_not_official_event_data,2024-25,Liverpool,Premier League,LIV_PL_2024_25_35,35,2025-04-20,Southampton,home,79,16,losing,Mohamed Salah,FW,108.47,27.07,94.92,23.01,Z083,14.92,19.44,1,0,left_half_space,penalty_area,other,normal,open_play,1,0,3.39,0,0,0.0484,1,0,0
SYN_SHOT_000663,synthetic_modelled_not_official_event_data,2024-25,Liverpool,Premier League,LIV_PL_2024_25_20,20,2025-01-05,Arsenal,away,80,4,drawing,Diogo Jota,FW,107.0,53.24,93.62,45.26,Z086,16.01,18.93,1,0,right_half_space,penalty_area,right_foot,normal,counter_attack,1,0,4.01,2,0,0.0886,0,0,0
SYN_SHOT_000664,synthetic_modelled_not_official_event_data,2024-25,Liverpool,Premier League,LIV_PL_2024_25_25,25,2025-02-06,Chelsea,home,76,35,winning,Cody Gakpo,FW,107.03,24.34,93.65,20.69,Z083,17.49,15.85,1,0,left_half_space,penalty_area,right_foot,normal,open_play,0,0,5.37,4,0,0.0443,1,0,0
SYN_SHOT_000665,synthetic_modelled_not_official_event_data,2024-25,Liverpool,Premier League,LIV_PL_2024_25_16,16,2024-12-04,Southampton,away,70,27,drawing,Mohamed Salah,FW,110.98,1.0,97.1,0.85,Z089,34.08,2.88,0,0,left_wing,wide_final_third,left_foot,power,open_play,0,0,1.79,1,0,0.0027,0,0,0
SYN_SHOT_000666,synthetic_modelled_not_official_event_data,2024-25,Liverpool,Premier League,LIV_PL_2024_25_11,11,2024-11-01,Leicester City,home,94,19,winning,Curtis Jones,MF,89.1,79.0,77.96,67.15,Z072,42.78,6.22,0,0,right_wing,final_third_outside_box,left_foot,normal,free_kick_indirect,0,0,5.98,3,0,0.0007,0,0,0
SYN_SHOT_000667,synthetic_modelled_not_official_event_data,2024-25,Liverpool,Premier League,LIV_PL_2024_25_29,29,2025-03-08,Ipswich Town,home,16,50,winning,Dominik Szoboszlai,MF,83.18,65.17,72.78,55.4,Z071,38.67,9.04,0,0,right_wing,final_third_outside_box,right_foot,normal,open_play,1,0,2.75,0,0,0.0014,0,0,0
SYN_SHOT_000668,synthetic_modelled_not_official_event_data,2024-25,Liverpool,Premier League,LIV_PL_2024_25_32,32,2025-03-29,Manchester United,away,45,8,winning,Darwin Núñez,FW,119.5,24.78,104.56,21.07,Z091,12.94,1.19,1,0,left_half_space,penalty_area,right_foot,normal,open_play,0,0,1.88,2,0,0.0484,0,0,0
SYN_SHOT_000669,synthetic_modelled_not_official_event_data,2024-25,Liverpool,Premier League,LIV_PL_2024_25_02,2,2024-08-30,Aston Villa,away,74,8,drawing,Mohamed Salah,FW,81.29,26.16,71.13,22.24,Z067,35.86,11.03,0,0,left_half_space,final_third_outside_box,other,first_time,open_play,1,0,2.15,2,0,0.0009,0,0,0
SYN_SHOT_000670,synthetic_modelled_not_official_event_data,2024-25,Liverpool,Premier League,LIV_PL_2024_25_13,13,2024-11-14,Manchester United,home,55,25,drawing,Diogo Jota,FW,116.78,27.13,102.18,23.06,Z091,11.3,10.24,1,0,left_half_space,penalty_area,right_foot,half_volley,open_play,1,0,1.71,1,0,0.0676,0,0,0
SYN_SHOT_000671,synthetic_modelled_not_official_event_data,2024-25,Liverpool,Premier League,LIV_PL_2024_25_29,29,2025-03-08,Ipswich Town,home,61,53,drawing,Cody Gakpo,FW,109.31,34.78,95.65,29.56,Z084,10.35,36.14,1,0,central,penalty_area,right_foot,normal,open_play,1,0,4.7,1,0,0.2248,1,0,0
SYN_SHOT_000672,synthetic_modelled_not_official_event_data,2024-25,Liverpool,Premier League,LIV_PL_2024_25_01,1,2024-08-25,Arsenal,home,12,50,losing,Tyler Morton,MF,119.5,48.86,104.56,41.53,Z093,7.55,4.21,1,1,central,six_yard_box,left_foot,first_time,open_play,1,0,3.68,5,0,0.1506,1,0,0
SYN_SHOT_000673,synthetic_modelled_not_official_event_data,2024-25,Liverpool,Premier League,LIV_PL_2024_25_37,37,2025-05-02,West Ham United,home,70,25,drawing,Dominik Szoboszlai,MF,111.54,3.32,97.6,2.82,Z089,32.04,3.06,0,0,left_wing,wide_final_third,left_foot,normal,open_play,1,0,4.39,5,0,0.0016,0,0,0
SYN_SHOT_000674,synthetic_modelled_not_official_event_data,2024-25,Liverpool,Premier League,LIV_PL_2024_25_10,10,2024-10-24,Ipswich Town,away,72,3,drawing,Ryan Gravenberch,MF,80.99,64.32,70.86,54.67,Z071,39.91,8.99,0,0,right_wing,final_third_outside_box,right_foot,placed,counter_attack,1,0,3.38,4,0,0.0009,0,0,0
SYN_SHOT_000675,synthetic_modelled_not_official_event_data,2024-25,Liverpool,Premier League,LIV_PL_2024_25_16,16,2024-12-05,Southampton,away,19,54,winning,Mohamed Salah,FW,108.92,79.0,95.3,67.15,Z088,34.54,3.44,0,0,right_wing,wide_final_third,left_foot,volley,open_play,0,0,1.37,3,0,0.0016,0,0,0
SYN_SHOT_000676,synthetic_modelled_not_official_event_data,2024-25,Liverpool,Premier League,LIV_PL_2024_25_36,36,2025-04-25,Tottenham Hotspur,away,86,8,losing,Alexis Mac Allister,MF,107.53,38.13,94.09,32.41,Z084,11.03,36.43,1,0,central,penalty_area,left_foot,normal,open_play,0,0,2.62,1,0,0.1984,1,1,1
SYN_SHOT_000677,synthetic_modelled_not_official_event_data,2024-25,Liverpool,Premier League,LIV_PL_2024_25_27,27,2025-02-20,Everton,home,3,56,winning,Mohamed Salah,FW,104.07,43.02,91.06,36.57,Z085,14.18,28.55,1,0,central,penalty_area,left_foot,half_volley,open_play,1,0,3.55,3,0,0.1001,0,0,0
SYN_SHOT_000678,synthetic_modelled_not_official_event_data,2024-25,Liverpool,Premier League,LIV_PL_2024_25_14,14,2024-11-22,Newcastle United,away,65,9,winning,Mohamed Salah,FW,103.8,61.33,90.82,52.13,Z087,23.01,11.36,1,0,right_wing,wide_final_third,right_foot,first_time,free_kick_indirect,0,0,0.83,5,0,0.0184,0,0,0
SYN_SHOT_000679,synthetic_modelled_not_official_event_data,2024-25,Liverpool,Premier League,LIV_PL_2024_25_09,9,2024-10-17,Fulham,home,92,27,drawing,Ryan Gravenberch,MF,89.18,50.01,78.03,42.51,Z070,28.28,14.09,0,0,right_half_space,final_third_outside_box,right_foot,normal,open_play,1,0,1.99,1,0,0.0037,0,0,0
SYN_SHOT_000680,synthetic_modelled_not_official_event_data,2024-25,Liverpool,Premier League,LIV_PL_2024_25_19,19,2024-12-26,Wolverhampton Wanderers,home,84,31,losing,Darwin Núñez,FW,109.59,52.14,95.89,44.32,Z086,13.77,20.74,1,0,right_half_space,penalty_area,right_foot,normal,open_play,0,0,2.29,1,0,0.0806,1,1,1
SYN_SHOT_000681,synthetic_modelled_not_official_event_data,2024-25,Liverpool,Premier League,LIV_PL_2024_25_33,33,2025-04-02,Newcastle United,home,20,22,losing,Mohamed Salah,FW,113.95,50.23,99.7,42.69,Z094,10.18,23.26,1,1,right_half_space,penalty_area,right_foot,normal,open_play,0,0,4.14,2,0,0.4478,1,1,1
SYN_SHOT_000682,synthetic_modelled_not_official_event_data,2024-25,Liverpool,Premier League,LIV_PL_2024_25_29,29,2025-03-08,Ipswich Town,home,83,13,winning,Mohamed Salah,FW,91.48,42.12,80.05,35.8,Z077,25.02,16.61,0,0,central,final_third_outside_box,left_foot,chip,counter_attack,1,1,2.97,4,1,0.0344,0,0,0
SYN_SHOT_000683,synthetic_modelled_not_official_event_data,2024-25,Liverpool,Premier League,LIV_PL_2024_25_31,31,2025-03-19,Manchester City,home,12,0,drawing,Diogo Jota,FW,111.06,33.1,97.18,28.13,Z092,9.78,34.86,1,0,central,six_yard_box,left_foot,normal,open_play,1,0,0.5,0,0,0.2416,1,0,0
SYN_SHOT_000684,synthetic_modelled_not_official_event_data,2024-25,Liverpool,Premier League,LIV_PL_2024_25_12,12,2024-11-07,Manchester City,away,44,42,drawing,Mohamed Salah,FW,97.19,42.83,85.04,36.41,Z077,20.1,20.5,0,0,central,final_third_outside_box,head,power,free_kick_indirect,1,0,0.5,6,0,0.0087,0,0,0
SYN_SHOT_000685,synthetic_modelled_not_official_event_data,2024-25,Liverpool,Premier League,LIV_PL_2024_25_34,34,2025-04-09,Nottingham Forest,away,76,23,drawing,Mohamed Salah,FW,108.94,30.59,95.33,26.0,Z084,12.55,26.17,1,0,central,penalty_area,left_foot,half_volley,corner,0,0,2.67,3,0,0.0668,1,0,0
SYN_SHOT_000686,synthetic_modelled_not_official_event_data,2024-25,Liverpool,Premier League,LIV_PL_2024_25_16,16,2024-12-05,Southampton,away,36,37,winning,Mohamed Salah,FW,106.24,53.03,92.96,45.08,Z086,16.36,19.11,1,0,right_half_space,penalty_area,left_foot,normal,open_play,0,0,2.55,1,0,0.0754,1,0,0
SYN_SHOT_000687,synthetic_modelled_not_official_event_data,2024-25,Liverpool,Premier League,LIV_PL_2024_25_02,2,2024-08-30,Aston Villa,away,3,45,winning,Mohamed Salah,FW,103.64,30.99,90.68,26.34,Z084,16.24,22.72,1,0,central,penalty_area,left_foot,normal,open_play,0,0,3.96,1,0,0.1117,1,0,0
SYN_SHOT_000688,synthetic_modelled_not_official_event_data,2024-25,Liverpool,Premier League,LIV_PL_2024_25_38,38,2025-05-09,Wolverhampton Wanderers,away,61,53,drawing,Mohamed Salah,FW,99.75,50.98,87.28,43.33,Z078,20.03,18.5,0,0,right_half_space,final_third_outside_box,left_foot,normal,open_play,1,0,1.61,4,0,0.01,0,0,0
SYN_SHOT_000689,synthetic_modelled_not_official_event_data,2024-25,Liverpool,Premier League,LIV_PL_2024_25_21,21,2025-01-08,Aston Villa,home,38,49,drawing,Mohamed Salah,FW,104.96,29.79,91.84,25.32,Z083,15.76,22.28,1,0,left_half_space,penalty_area,left_foot,normal,open_play,1,0,2.64,2,0,0.064,1,0,0
SYN_SHOT_000690,synthetic_modelled_not_official_event_data,2024-25,Liverpool,Premier League,LIV_PL_2024_25_20,20,2025-01-02,Arsenal,away,31,59,losing,Alexis Mac Allister,MF,109.87,65.12,96.13,55.36,Z087,23.12,7.1,0,0,right_wing,wide_final_third,right_foot,normal,open_play,0,0,0.5,3,0,0.0052,0,0,0
SYN_SHOT_000691,synthetic_modelled_not_official_event_data,2024-25,Liverpool,Premier League,LIV_PL_2024_25_17,17,2024-12-14,Tottenham Hotspur,home,33,19,losing,Mohamed Salah,FW,99.03,37.15,86.65,31.57,Z076,18.51,22.19,0,0,central,final_third_outside_box,left_foot,chip,open_play,0,0,1.82,1,0,0.0372,0,0,0
SYN_SHOT_000692,synthetic_modelled_not_official_event_data,2024-25,Liverpool,Premier League,LIV_PL_2024_25_24,24,2025-01-31,Brighton,away,37,30,winning,Cody Gakpo,FW,103.69,26.46,90.73,22.49,Z083,18.33,17.94,1,0,left_half_space,penalty_area,right_foot,power,open_play,0,0,5.09,3,0,0.0431,1,0,0
SYN_SHOT_000693,synthetic_modelled_not_official_event_data,2024-25,Liverpool,Premier League,LIV_PL_2024_25_26,26,2025-02-16,Crystal Palace,away,91,38,drawing,Alexis Mac Allister,MF,105.65,32.28,92.44,27.43,Z084,14.17,26.13,1,0,central,penalty_area,other,normal,open_play,0,0,2.25,3,0,0.0325,0,0,0
SYN_SHOT_000694,synthetic_modelled_not_official_event_data,2024-25,Liverpool,Premier League,LIV_PL_2024_25_06,6,2024-09-28,Chelsea,away,11,4,drawing,Mohamed Salah,FW,105.09,45.18,91.96,38.4,Z085,13.77,28.47,1,0,central,penalty_area,left_foot,normal,open_play,0,0,5.55,1,0,0.2056,1,0,0
SYN_SHOT_000695,synthetic_modelled_not_official_event_data,2024-25,Liverpool,Premier League,LIV_PL_2024_25_16,16,2024-12-07,Southampton,away,94,38,drawing,Luis Díaz,FW,110.51,53.46,96.7,45.44,Z094,14.14,18.05,1,0,right_half_space,penalty_area,right_foot,first_time,open_play,1,0,2.21,2,0,0.0544,0,0,0
SYN_SHOT_000696,synthetic_modelled_not_official_event_data,2024-25,Liverpool,Premier League,LIV_PL_2024_25_21,21,2025-01-11,Aston Villa,home,68,56,losing,Mohamed Salah,FW,104.78,22.26,91.68,18.92,Z083,20.12,13.99,1,0,left_half_space,penalty_area,head,normal,free_kick_indirect,1,0,1.58,3,0,0.0127,0,0,0
SYN_SHOT_000697,synthetic_modelled_not_official_event_data,2024-25,Liverpool,Premier League,LIV_PL_2024_25_16,16,2024-12-05,Southampton,away,88,51,winning,Cody Gakpo,FW,112.54,36.77,98.48,31.25,Z092,7.08,52.45,1,0,central,six_yard_box,left_foot,normal,open_play,1,0,3.63,2,0,0.4188,1,0,0
SYN_SHOT_000698,synthetic_modelled_not_official_event_data,2024-25,Liverpool,Premier League,LIV_PL_2024_25_20,20,2025-01-01,Arsenal,away,3,1,drawing,Trey Nyoni,MF,102.36,79.0,89.57,67.15,Z088,36.57,4.88,0,0,right_wing,wide_final_third,right_foot,placed,open_play,1,0,1.28,3,0,0.0007,0,0,0
SYN_SHOT_000699,synthetic_modelled_not_official_event_data,2024-25,Liverpool,Premier League,LIV_PL_2024_25_16,16,2024-12-06,Southampton,away,75,19,winning,Darwin Núñez,FW,101.81,42.13,89.08,35.81,Z085,16.02,25.59,1,0,central,penalty_area,right_foot,normal,open_play,1,0,2.19,0,0,0.0843,1,0,0
SYN_SHOT_000700,synthetic_modelled_not_official_event_data,2024-25,Liverpool,Premier League,LIV_PL_2024_25_22,22,2025-01-15,Bournemouth,away,39,14,winning,Mohamed Salah,FW,104.92,38.63,91.8,32.84,Z084,13.25,30.79,1,0,central,penalty_area,head,first_time,open_play,0,0,3.28,2,0,0.159,1,0,0
SYN_SHOT_000701,synthetic_modelled_not_official_event_data,2024-25,Liverpool,Premier League,LIV_PL_2024_25_28,28,2025-03-01,Fulham,away,6,40,losing,Alexis Mac Allister,MF,103.96,24.24,90.97,20.6,Z083,19.4,15.8,1,0,left_half_space,penalty_area,other,first_time,open_play,0,0,5.61,1,0,0.0212,1,0,0
SYN_SHOT_000702,synthetic_modelled_not_official_event_data,2024-25,Liverpool,Premier League,LIV_PL_2024_25_28,28,2025-02-28,Fulham,away,62,36,drawing,Darwin Núñez,FW,101.88,48.54,89.14,41.26,Z085,17.44,21.77,1,0,central,penalty_area,head,first_time,throw_in,1,0,3.09,1,0,0.0348,0,0,0
SYN_SHOT_000703,synthetic_modelled_not_official_event_data,2024-25,Liverpool,Premier League,LIV_PL_2024_25_11,11,2024-11-03,Leicester City,home,31,31,drawing,Luis Díaz,FW,112.75,40.32,98.66,34.27,Z093,6.35,59.93,1,0,central,six_yard_box,right_foot,normal,open_play,1,0,4.77,0,0,0.5527,1,1,1
SYN_SHOT_000704,synthetic_modelled_not_official_event_data,2024-25,Liverpool,Premier League,LIV_PL_2024_25_27,27,2025-02-22,Everton,home,59,28,drawing,Mohamed Salah,FW,80.61,42.11,70.54,35.79,Z069,34.51,12.09,0,0,central,final_third_outside_box,left_foot,normal,open_play,1,0,0.5,1,0,0.0031,0,0,0
SYN_SHOT_000705,synthetic_modelled_not_official_event_data,2024-25,Liverpool,Premier League,LIV_PL_2024_25_16,16,2024-12-06,Southampton,away,65,39,drawing,Harvey Elliott,MF,101.0,17.64,88.37,15.0,Z082,25.25,11.03,0,0,left_wing,wide_final_third,left_foot,volley,open_play,1,0,0.5,5,0,0.003,0,0,0
SYN_SHOT_000706,synthetic_modelled_not_official_event_data,2024-25,Liverpool,Premier League,LIV_PL_2024_25_16,16,2024-12-07,Southampton,away,89,2,winning,Trent Kone-Doherty,FW,94.58,39.14,82.76,33.27,Z076,22.26,18.67,0,0,central,final_third_outside_box,right_foot,half_volley,open_play,1,0,4.14,4,0,0.009,0,0,0
SYN_SHOT_000707,synthetic_modelled_not_official_event_data,2024-25,Liverpool,Premier League,LIV_PL_2024_25_22,22,2025-01-18,Bournemouth,away,16,50,drawing,Mohamed Salah,FW,106.3,35.72,93.02,30.36,Z084,12.52,31.44,1,0,central,penalty_area,left_foot,normal,open_play,0,0,3.83,0,0,0.2971,1,1,1
SYN_SHOT_000708,synthetic_modelled_not_official_event_data,2024-25,Liverpool,Premier League,LIV_PL_2024_25_29,29,2025-03-07,Ipswich Town,home,28,38,drawing,Mohamed Salah,FW,94.22,19.58,82.44,16.64,Z074,28.46,11.71,0,0,left_wing,final_third_outside_box,left_foot,first_time,open_play,0,0,0.5,3,0,0.0043,0,0,0
SYN_SHOT_000709,synthetic_modelled_not_official_event_data,2024-25,Liverpool,Premier League,LIV_PL_2024_25_38,38,2025-05-08,Wolverhampton Wanderers,away,80,30,drawing,Darwin Núñez,FW,103.84,30.85,90.86,26.23,Z084,16.14,22.73,1,0,central,penalty_area,left_foot,power,open_play,0,1,6.32,0,1,0.3336,0,0,0
SYN_SHOT_000710,synthetic_modelled_not_official_event_data,2024-25,Liverpool,Premier League,LIV_PL_2024_25_09,9,2024-10-20,Fulham,home,75,12,drawing,Kostas Tsimikas,DF,80.73,30.23,70.64,25.7,Z068,35.35,11.5,0,0,central,final_third_outside_box,left_foot,normal,open_play,1,0,0.52,4,0,0.0007,0,0,0
SYN_SHOT_000711,synthetic_modelled_not_official_event_data,2024-25,Liverpool,Premier League,LIV_PL_2024_25_12,12,2024-11-08,Manchester City,away,35,11,drawing,Mohamed Salah,FW,110.81,20.33,96.96,17.28,Z091,18.55,10.09,1,0,left_half_space,penalty_area,head,first_time,corner,1,1,5.52,1,1,0.0756,0,0,0
SYN_SHOT_000712,synthetic_modelled_not_official_event_data,2024-25,Liverpool,Premier League,LIV_PL_2024_25_25,25,2025-02-08,Chelsea,home,32,39,winning,Diogo Jota,FW,88.9,55.17,77.79,46.9,Z070,30.12,12.57,0,0,right_half_space,final_third_outside_box,right_foot,volley,throw_in,0,0,3.53,5,0,0.0047,1,0,0
SYN_SHOT_000713,synthetic_modelled_not_official_event_data,2024-25,Liverpool,Premier League,LIV_PL_2024_25_35,35,2025-04-17,Southampton,home,93,28,winning,Mohamed Salah,FW,112.38,36.61,98.33,31.12,Z092,7.26,51.12,1,0,central,six_yard_box,other,normal,open_play,1,0,4.19,3,0,0.1806,1,1,1
SYN_SHOT_000714,synthetic_modelled_not_official_event_data,2024-25,Liverpool,Premier League,LIV_PL_2024_25_31,31,2025-03-21,Manchester City,home,75,50,drawing,Mohamed Salah,FW,117.54,36.09,102.85,30.68,Z092,3.96,81.77,1,1,central,six_yard_box,right_foot,volley,open_play,0,0,3.04,4,0,0.8461,1,1,1
SYN_SHOT_000715,synthetic_modelled_not_official_event_data,2024-25,Liverpool,Premier League,LIV_PL_2024_25_37,37,2025-05-02,West Ham United,home,58,7,drawing,Diogo Jota,FW,100.87,23.16,88.26,19.68,Z083,22.03,14.56,0,0,left_half_space,penalty_area,right_foot,normal,open_play,1,0,5.18,2,0,0.0138,1,0,0
SYN_SHOT_000716,synthetic_modelled_not_official_event_data,2024-25,Liverpool,Premier League,LIV_PL_2024_25_23,23,2025-01-24,Brentford,home,37,39,drawing,Cody Gakpo,FW,117.79,46.75,103.07,39.74,Z093,6.06,31.28,1,1,central,six_yard_box,left_foot,chip,high_press_recovery,0,0,2.02,1,1,0.768,1,1,1
SYN_SHOT_000717,synthetic_modelled_not_official_event_data,2024-25,Liverpool,Premier League,LIV_PL_2024_25_38,38,2025-05-08,Wolverhampton Wanderers,away,86,49,drawing,Luis Díaz,FW,108.0,40.0,94.5,34.0,Z085,10.5,38.43,1,0,central,penalty_area,right_foot,normal,penalty,0,0,1.12,1,1,0.9729,1,1,1
SYN_SHOT_000718,synthetic_modelled_not_official_event_data,2024-25,Liverpool,Premier League,LIV_PL_2024_25_16,16,2024-12-08,Southampton,away,33,2,drawing,Luis Díaz,FW,82.44,41.8,72.14,35.53,Z069,32.9,12.68,0,0,central,final_third_outside_box,left_foot,normal,open_play,0,0,2.58,3,0,0.0028,0,0,0
SYN_SHOT_000719,synthetic_modelled_not_official_event_data,2024-25,Liverpool,Premier League,LIV_PL_2024_25_34,34,2025-04-11,Nottingham Forest,away,66,14,drawing,Harvey Elliott,MF,93.31,41.95,81.65,35.66,Z077,23.41,17.73,0,0,central,final_third_outside_box,left_foot,normal,open_play,0,0,2.8,3,0,0.0085,0,0,0
SYN_SHOT_000720,synthetic_modelled_not_official_event_data,2024-25,Liverpool,Premier League,LIV_PL_2024_25_12,12,2024-11-09,Manchester City,away,17,33,winning,Mohamed Salah,FW,107.46,31.22,94.03,26.54,Z084,13.27,26.28,1,0,central,penalty_area,left_foot,normal,open_play,0,0,2.84,3,0,0.0858,1,1,1
SYN_SHOT_000721,synthetic_modelled_not_official_event_data,2024-25,Liverpool,Premier League,LIV_PL_2024_25_13,13,2024-11-14,Manchester United,home,45,15,winning,Luis Díaz,FW,103.46,21.52,90.52,18.29,Z083,21.36,13.45,1,0,left_half_space,penalty_area,left_foot,normal,open_play,1,0,6.14,3,0,0.0182,0,0,0
SYN_SHOT_000722,synthetic_modelled_not_official_event_data,2024-25,Liverpool,Premier League,LIV_PL_2024_25_27,27,2025-02-21,Everton,home,34,16,drawing,Trey Nyoni,MF,116.99,39.8,102.37,33.83,Z092,2.64,108.44,1,1,central,six_yard_box,right_foot,normal,open_play,1,0,2.91,4,0,0.6914,1,1,1
SYN_SHOT_000723,synthetic_modelled_not_official_event_data,2024-25,Liverpool,Premier League,LIV_PL_2024_25_29,29,2025-03-08,Ipswich Town,home,82,25,drawing,Federico Chiesa,FW,95.41,65.63,83.48,55.78,Z079,30.62,9.67,0,0,right_wing,final_third_outside_box,left_foot,normal,open_play,0,0,2.73,4,0,0.0023,0,0,0
SYN_SHOT_000724,synthetic_modelled_not_official_event_data,2024-25,Liverpool,Premier League,LIV_PL_2024_25_32,32,2025-03-26,Manchester United,away,11,33,drawing,Diogo Jota,FW,98.24,46.45,85.96,39.48,Z077,19.81,20.18,0,0,central,final_third_outside_box,right_foot,volley,open_play,0,0,0.5,2,0,0.0285,0,0,0
SYN_SHOT_000725,synthetic_modelled_not_official_event_data,2024-25,Liverpool,Premier League,LIV_PL_2024_25_25,25,2025-02-08,Chelsea,home,82,26,winning,Federico Chiesa,FW,111.55,32.92,97.6,27.98,Z092,9.54,34.93,1,0,central,six_yard_box,right_foot,volley,open_play,0,0,3.35,2,0,0.2782,1,0,0
SYN_SHOT_000726,synthetic_modelled_not_official_event_data,2024-25,Liverpool,Premier League,LIV_PL_2024_25_38,38,2025-05-09,Wolverhampton Wanderers,away,62,45,winning,Mohamed Salah,FW,112.23,19.41,98.2,16.5,Z090,18.78,8.35,1,0,left_wing,wide_final_third,right_foot,power,counter_attack,1,0,3.76,1,0,0.0504,1,0,0
SYN_SHOT_000727,synthetic_modelled_not_official_event_data,2024-25,Liverpool,Premier League,LIV_PL_2024_25_23,23,2025-01-25,Brentford,home,33,53,winning,Mohamed Salah,FW,104.04,33.07,91.04,28.11,Z084,15.16,25.29,1,0,central,penalty_area,left_foot,normal,high_press_recovery,0,0,0.5,1,0,0.1462,1,1,1
SYN_SHOT_000728,synthetic_modelled_not_official_event_data,2024-25,Liverpool,Premier League,LIV_PL_2024_25_05,5,2024-09-18,Brighton,home,61,44,winning,Luis Díaz,FW,117.3,50.83,102.64,43.21,Z094,9.5,12.68,1,0,right_half_space,penalty_area,head,normal,open_play,0,0,4.24,3,0,0.0602,0,0,0
SYN_SHOT_000729,synthetic_modelled_not_official_event_data,2024-25,Liverpool,Premier League,LIV_PL_2024_25_17,17,2024-12-14,Tottenham Hotspur,home,21,49,winning,Mohamed Salah,FW,107.71,42.86,94.25,36.43,Z085,11.02,36.05,1,0,central,penalty_area,left_foot,half_volley,open_play,0,0,3.12,2,0,0.3126,1,1,1
SYN_SHOT_000730,synthetic_modelled_not_official_event_data,2024-25,Liverpool,Premier League,LIV_PL_2024_25_32,32,2025-03-27,Manchester United,away,66,1,losing,Dominik Szoboszlai,MF,119.5,49.26,104.56,41.87,Z093,7.88,3.76,1,1,central,six_yard_box,right_foot,half_volley,open_play,0,0,5.54,4,0,0.2086,0,0,0
SYN_SHOT_000731,synthetic_modelled_not_official_event_data,2024-25,Liverpool,Premier League,LIV_PL_2024_25_31,31,2025-03-23,Manchester City,home,17,12,drawing,Mohamed Salah,FW,95.1,65.8,83.21,55.93,Z079,30.92,9.61,0,0,right_wing,final_third_outside_box,left_foot,normal,direct_free_kick,1,0,3.94,1,0,0.0035,0,0,0
SYN_SHOT_000732,synthetic_modelled_not_official_event_data,2024-25,Liverpool,Premier League,LIV_PL_2024_25_04,4,2024-09-14,Brentford,away,86,17,winning,Mohamed Salah,FW,98.6,54.27,86.28,46.13,Z078,22.31,15.8,0,0,right_half_space,final_third_outside_box,right_foot,normal,open_play,1,0,4.19,2,0,0.0148,0,0,0
SYN_SHOT_000733,synthetic_modelled_not_official_event_data,2024-25,Liverpool,Premier League,LIV_PL_2024_25_10,10,2024-10-26,Ipswich Town,away,26,28,winning,Ryan Gravenberch,MF,98.98,36.42,86.61,30.95,Z076,18.64,21.95,0,0,central,final_third_outside_box,left_foot,first_time,open_play,0,0,2.67,4,0,0.0167,0,0,0
SYN_SHOT_000734,synthetic_modelled_not_official_event_data,2024-25,Liverpool,Premier League,LIV_PL_2024_25_29,29,2025-03-05,Ipswich Town,home,92,0,winning,Luis Díaz,FW,100.16,52.19,87.64,44.36,Z086,20.22,17.82,0,0,right_half_space,penalty_area,right_foot,power,open_play,0,0,0.5,1,0,0.0169,0,0,0
SYN_SHOT_000735,synthetic_modelled_not_official_event_data,2024-25,Liverpool,Premier League,LIV_PL_2024_25_09,9,2024-10-20,Fulham,home,79,17,drawing,Federico Chiesa,FW,106.64,51.47,93.31,43.75,Z086,15.22,21.4,1,0,right_half_space,penalty_area,right_foot,power,open_play,0,0,2.31,0,0,0.0871,1,0,0
SYN_SHOT_000736,synthetic_modelled_not_official_event_data,2024-25,Liverpool,Premier League,LIV_PL_2024_25_25,25,2025-02-08,Chelsea,home,95,50,losing,Cody Gakpo,FW,92.84,62.63,81.23,53.23,Z079,30.57,10.69,0,0,right_wing,final_third_outside_box,right_foot,normal,open_play,1,0,3.71,2,0,0.0041,0,0,0
SYN_SHOT_000737,synthetic_modelled_not_official_event_data,2024-25,Liverpool,Premier League,LIV_PL_2024_25_36,36,2025-04-25,Tottenham Hotspur,away,49,55,winning,Mohamed Salah,FW,102.47,29.09,89.66,24.72,Z083,17.92,20.03,1,0,left_half_space,penalty_area,left_foot,volley,open_play,0,0,2.12,2,0,0.0656,1,1,1
SYN_SHOT_000738,synthetic_modelled_not_official_event_data,2024-25,Liverpool,Premier League,LIV_PL_2024_25_09,9,2024-10-16,Fulham,home,18,34,drawing,Diogo Jota,FW,105.78,16.94,92.56,14.4,Z082,23.22,9.83,1,0,left_wing,wide_final_third,head,normal,free_kick_indirect,0,0,3.55,1,0,0.0217,0,0,0
SYN_SHOT_000739,synthetic_modelled_not_official_event_data,2024-25,Liverpool,Premier League,LIV_PL_2024_25_16,16,2024-12-05,Southampton,away,80,47,winning,Mohamed Salah,FW,117.02,62.09,102.39,52.77,Z095,18.95,3.16,1,0,right_wing,wide_final_third,left_foot,curled,counter_attack,0,0,5.21,4,0,0.0382,0,0,0
SYN_SHOT_000740,synthetic_modelled_not_official_event_data,2024-25,Liverpool,Premier League,LIV_PL_2024_25_33,33,2025-04-04,Newcastle United,home,10,35,drawing,Mohamed Salah,FW,97.2,48.89,85.05,41.56,Z077,21.33,18.3,0,0,central,final_third_outside_box,head,normal,open_play,0,0,3.3,2,0,0.0162,0,0,0
SYN_SHOT_000741,synthetic_modelled_not_official_event_data,2024-25,Liverpool,Premier League,LIV_PL_2024_25_38,38,2025-05-08,Wolverhampton Wanderers,away,65,9,losing,Conor Bradley,DF,119.11,29.56,104.22,25.13,Z091,8.91,4.92,1,1,left_half_space,penalty_area,right_foot,power,corner,1,0,0.5,0,1,0.2567,1,0,0
SYN_SHOT_000742,synthetic_modelled_not_official_event_data,2024-25,Liverpool,Premier League,LIV_PL_2024_25_37,37,2025-04-30,West Ham United,home,49,33,drawing,Luis Díaz,FW,111.07,48.1,97.18,40.88,Z093,10.42,31.03,1,0,central,six_yard_box,right_foot,normal,open_play,0,0,2.05,3,0,0.1089,1,0,0
SYN_SHOT_000743,synthetic_modelled_not_official_event_data,2024-25,Liverpool,Premier League,LIV_PL_2024_25_30,30,2025-03-14,Leicester City,away,42,50,winning,Mohamed Salah,FW,105.84,49.27,92.61,41.88,Z085,14.69,24.16,1,0,central,penalty_area,left_foot,normal,open_play,0,0,1.09,0,0,0.1303,0,0,0
SYN_SHOT_000744,synthetic_modelled_not_official_event_data,2024-25,Liverpool,Premier League,LIV_PL_2024_25_07,7,2024-10-05,Crystal Palace,home,63,43,drawing,Luis Díaz,FW,100.41,37.34,87.86,31.74,Z084,17.29,23.72,0,0,central,penalty_area,right_foot,curled,open_play,0,0,3.37,0,0,0.0611,0,0,0
SYN_SHOT_000745,synthetic_modelled_not_official_event_data,2024-25,Liverpool,Premier League,LIV_PL_2024_25_07,7,2024-10-02,Crystal Palace,home,51,12,winning,Diogo Jota,FW,106.15,61.62,92.88,52.37,Z087,22.01,10.67,1,0,right_wing,wide_final_third,head,normal,counter_attack,0,0,4.12,1,0,0.0325,0,0,0
SYN_SHOT_000746,synthetic_modelled_not_official_event_data,2024-25,Liverpool,Premier League,LIV_PL_2024_25_33,33,2025-04-06,Newcastle United,home,40,50,drawing,Mohamed Salah,FW,89.03,1.0,77.9,0.85,Z065,42.82,6.22,0,0,left_wing,final_third_outside_box,left_foot,volley,open_play,0,0,2.64,4,0,0.0007,1,0,0
SYN_SHOT_000747,synthetic_modelled_not_official_event_data,2024-25,Liverpool,Premier League,LIV_PL_2024_25_34,34,2025-04-12,Nottingham Forest,away,61,23,winning,Mohamed Salah,FW,101.26,58.24,88.6,49.5,Z086,22.57,13.61,1,0,right_half_space,penalty_area,left_foot,normal,throw_in,1,0,5.9,1,0,0.0308,1,0,0
SYN_SHOT_000748,synthetic_modelled_not_official_event_data,2024-25,Liverpool,Premier League,LIV_PL_2024_25_36,36,2025-04-23,Tottenham Hotspur,away,78,41,losing,Trent Alexander-Arnold,DF,95.08,57.35,83.2,48.75,Z078,26.32,13.22,0,0,right_half_space,final_third_outside_box,right_foot,normal,counter_attack,0,0,2.14,3,0,0.0037,0,0,0
SYN_SHOT_000749,synthetic_modelled_not_official_event_data,2024-25,Liverpool,Premier League,LIV_PL_2024_25_08,8,2024-10-09,Everton,away,58,16,winning,Mohamed Salah,FW,106.43,34.76,93.13,29.55,Z084,12.68,30.53,1,0,central,penalty_area,left_foot,power,open_play,0,0,4.1,0,0,0.2872,0,0,0
SYN_SHOT_000750,synthetic_modelled_not_official_event_data,2024-25,Liverpool,Premier League,LIV_PL_2024_25_06,6,2024-09-25,Chelsea,away,1,39,winning,Cody Gakpo,FW,110.09,9.4,96.33,7.99,Z089,27.42,4.92,0,0,left_wing,wide_final_third,right_foot,first_time,open_play,0,0,5.45,2,0,0.0069,0,0,0
SYN_SHOT_000751,synthetic_modelled_not_official_event_data,2024-25,Liverpool,Premier League,LIV_PL_2024_25_08,8,2024-10-12,Everton,away,7,7,losing,Mohamed Salah,FW,87.96,21.61,76.97,18.37,Z067,32.1,11.41,0,0,left_half_space,final_third_outside_box,left_foot,first_time,direct_free_kick,0,0,1.82,0,0,0.0044,0,0,0
SYN_SHOT_000752,synthetic_modelled_not_official_event_data,2024-25,Liverpool,Premier League,LIV_PL_2024_25_09,9,2024-10-17,Fulham,home,72,10,winning,Ryan Gravenberch,MF,119.5,63.65,104.56,54.1,Z095,20.11,0.47,1,0,right_wing,wide_final_third,right_foot,chip,counter_attack,1,0,1.74,0,0,0.0219,0,0,0
SYN_SHOT_000753,synthetic_modelled_not_official_event_data,2024-25,Liverpool,Premier League,LIV_PL_2024_25_23,23,2025-01-24,Brentford,home,36,32,drawing,Joe Gomez,DF,109.91,29.54,96.17,25.11,Z083,12.53,24.23,1,0,left_half_space,penalty_area,head,normal,open_play,0,0,4.27,0,0,0.076,0,0,0
SYN_SHOT_000754,synthetic_modelled_not_official_event_data,2024-25,Liverpool,Premier League,LIV_PL_2024_25_05,5,2024-09-19,Brighton,home,18,6,losing,Luis Díaz,FW,102.39,51.06,89.59,43.4,Z086,18.05,19.85,1,0,right_half_space,penalty_area,right_foot,normal,open_play,1,0,1.78,0,0,0.0476,1,0,0
SYN_SHOT_000755,synthetic_modelled_not_official_event_data,2024-25,Liverpool,Premier League,LIV_PL_2024_25_27,27,2025-02-21,Everton,home,17,44,drawing,Mohamed Salah,FW,110.46,58.64,96.65,49.85,Z094,17.91,11.24,1,0,right_half_space,penalty_area,left_foot,normal,open_play,0,1,6.23,1,1,0.2241,1,1,1
SYN_SHOT_000756,synthetic_modelled_not_official_event_data,2024-25,Liverpool,Premier League,LIV_PL_2024_25_04,4,2024-09-12,Brentford,away,70,11,winning,Cody Gakpo,FW,119.5,29.5,104.56,25.07,Z091,8.94,2.76,1,1,left_half_space,penalty_area,head,normal,open_play,1,0,2.81,1,1,0.2196,1,0,0
SYN_SHOT_000757,synthetic_modelled_not_official_event_data,2024-25,Liverpool,Premier League,LIV_PL_2024_25_07,7,2024-10-06,Crystal Palace,home,65,11,drawing,Mohamed Salah,FW,119.5,24.34,104.56,20.69,Z091,13.32,1.12,1,0,left_half_space,penalty_area,right_foot,normal,open_play,0,0,1.52,1,0,0.0604,0,0,0
SYN_SHOT_000758,synthetic_modelled_not_official_event_data,2024-25,Liverpool,Premier League,LIV_PL_2024_25_18,18,2024-12-18,West Ham United,away,93,49,winning,Mohamed Salah,FW,111.1,33.51,97.21,28.49,Z092,9.54,36.29,1,0,central,six_yard_box,left_foot,curled,open_play,0,0,4.17,1,0,0.3521,0,0,0
SYN_SHOT_000759,synthetic_modelled_not_official_event_data,2024-25,Liverpool,Premier League,LIV_PL_2024_25_09,9,2024-10-16,Fulham,home,58,34,drawing,Harvey Elliott,MF,103.62,49.73,90.67,42.27,Z085,16.54,21.95,1,0,central,penalty_area,left_foot,volley,open_play,1,0,1.31,0,0,0.0505,0,0,0
SYN_SHOT_000760,synthetic_modelled_not_official_event_data,2024-25,Liverpool,Premier League,LIV_PL_2024_25_28,28,2025-02-28,Fulham,away,44,39,drawing,Cody Gakpo,FW,112.63,19.24,98.55,16.35,Z090,18.79,7.92,1,0,left_wing,wide_final_third,left_foot,normal,open_play,1,0,2.51,3,0,0.0158,1,0,0
SYN_SHOT_000761,synthetic_modelled_not_official_event_data,2024-25,Liverpool,Premier League,LIV_PL_2024_25_10,10,2024-10-26,Ipswich Town,away,48,24,winning,Virgil van Dijk,DF,112.65,17.74,98.57,15.08,Z090,19.99,6.95,1,0,left_wing,wide_final_third,left_foot,curled,corner,1,0,1.36,1,0,0.0131,0,0,0
SYN_SHOT_000762,synthetic_modelled_not_official_event_data,2024-25,Liverpool,Premier League,LIV_PL_2024_25_29,29,2025-03-07,Ipswich Town,home,94,46,winning,Mohamed Salah,FW,85.2,57.96,74.55,49.27,Z070,34.07,11.0,0,0,right_half_space,final_third_outside_box,head,normal,counter_attack,0,0,4.53,1,0,0.0038,0,0,0
SYN_SHOT_000763,synthetic_modelled_not_official_event_data,2024-25,Liverpool,Premier League,LIV_PL_2024_25_11,11,2024-11-03,Leicester City,home,18,54,losing,Cody Gakpo,FW,90.55,44.2,79.23,37.57,Z077,26.01,15.87,0,0,central,final_third_outside_box,right_foot,normal,open_play,1,0,2.91,1,0,0.0078,0,0,0
SYN_SHOT_000764,synthetic_modelled_not_official_event_data,2024-25,Liverpool,Premier League,LIV_PL_2024_25_31,31,2025-03-22,Manchester City,home,86,57,losing,Darwin Núñez,FW,116.13,30.24,101.62,25.71,Z092,8.96,20.34,1,1,central,six_yard_box,left_foot,normal,open_play,0,0,3.03,1,1,0.5758,1,1,1
SYN_SHOT_000765,synthetic_modelled_not_official_event_data,2024-25,Liverpool,Premier League,LIV_PL_2024_25_30,30,2025-03-13,Leicester City,away,41,45,winning,Mohamed Salah,FW,110.25,18.73,96.47,15.92,Z090,19.99,9.18,1,0,left_wing,wide_final_third,right_foot,volley,open_play,0,0,1.48,1,0,0.0374,0,0,0
SYN_SHOT_000766,synthetic_modelled_not_official_event_data,2024-25,Liverpool,Premier League,LIV_PL_2024_25_12,12,2024-11-07,Manchester City,away,46,22,winning,Luis Díaz,FW,83.14,64.1,72.75,54.48,Z071,38.21,9.27,0,0,right_wing,final_third_outside_box,left_foot,normal,free_kick_indirect,1,0,2.05,6,0,0.0007,0,0,0
SYN_SHOT_000767,synthetic_modelled_not_official_event_data,2024-25,Liverpool,Premier League,LIV_PL_2024_25_13,13,2024-11-14,Manchester United,home,42,25,winning,Alexis Mac Allister,MF,113.81,13.38,99.58,11.38,Z090,23.26,4.3,0,0,left_wing,wide_final_third,right_foot,normal,open_play,0,0,1.74,2,0,0.0074,1,0,0
SYN_SHOT_000768,synthetic_modelled_not_official_event_data,2024-25,Liverpool,Premier League,LIV_PL_2024_25_29,29,2025-03-08,Ipswich Town,home,62,54,winning,Harvey Elliott,MF,108.84,38.67,95.23,32.87,Z084,9.83,40.64,1,0,central,penalty_area,left_foot,normal,counter_attack,1,0,5.11,6,0,0.1899,1,1,1
SYN_SHOT_000769,synthetic_modelled_not_official_event_data,2024-25,Liverpool,Premier League,LIV_PL_2024_25_25,25,2025-02-09,Chelsea,home,47,23,drawing,Mohamed Salah,FW,118.28,13.8,103.5,11.73,Z090,22.32,1.3,0,0,left_wing,wide_final_third,right_foot,normal,open_play,0,0,3.87,1,0,0.0131,0,0,0
SYN_SHOT_000770,synthetic_modelled_not_official_event_data,2024-25,Liverpool,Premier League,LIV_PL_2024_25_12,12,2024-11-07,Manchester City,away,88,16,winning,Cody Gakpo,FW,93.58,1.0,81.88,0.85,Z073,40.42,5.96,0,0,left_wing,final_third_outside_box,right_foot,normal,open_play,0,0,5.73,2,0,0.0016,0,0,0
SYN_SHOT_000771,synthetic_modelled_not_official_event_data,2024-25,Liverpool,Premier League,LIV_PL_2024_25_09,9,2024-10-16,Fulham,home,46,57,drawing,Jayden Danns,FW,73.13,22.07,63.99,18.76,Z059,43.75,8.98,0,0,left_half_space,middle_third,left_foot,normal,open_play,1,0,0.5,1,0,0.0005,0,0,0
SYN_SHOT_000772,synthetic_modelled_not_official_event_data,2024-25,Liverpool,Premier League,LIV_PL_2024_25_05,5,2024-09-20,Brighton,home,5,56,winning,Mohamed Salah,FW,108.0,40.0,94.5,34.0,Z085,10.5,38.43,1,0,central,penalty_area,left_foot,normal,penalty,0,0,4.77,1,1,0.9837,1,1,1
SYN_SHOT_000773,synthetic_modelled_not_official_event_data,2024-25,Liverpool,Premier League,LIV_PL_2024_25_19,19,2024-12-25,Wolverhampton Wanderers,home,93,35,drawing,Diogo Jota,FW,115.35,35.39,100.93,30.08,Z092,5.65,58.17,1,1,central,six_yard_box,right_foot,normal,open_play,1,0,1.7,1,1,0.8513,1,1,1
SYN_SHOT_000774,synthetic_modelled_not_official_event_data,2024-25,Liverpool,Premier League,LIV_PL_2024_25_27,27,2025-02-19,Everton,home,25,26,drawing,Dominik Szoboszlai,MF,108.64,59.97,95.06,50.98,Z086,19.68,11.02,1,0,right_half_space,penalty_area,right_foot,normal,open_play,1,0,2.95,2,0,0.0218,0,0,0
SYN_SHOT_000775,synthetic_modelled_not_official_event_data,2024-25,Liverpool,Premier League,LIV_PL_2024_25_35,35,2025-04-16,Southampton,home,50,49,winning,Diogo Jota,FW,108.85,45.78,95.25,38.91,Z085,10.92,34.01,1,0,central,penalty_area,left_foot,first_time,open_play,0,0,1.52,1,0,0.231,1,0,0
SYN_SHOT_000776,synthetic_modelled_not_official_event_data,2024-25,Liverpool,Premier League,LIV_PL_2024_25_16,16,2024-12-07,Southampton,away,28,49,winning,Mohamed Salah,FW,91.57,25.45,80.12,21.63,Z075,27.78,13.5,0,0,left_half_space,final_third_outside_box,head,normal,open_play,1,0,3.86,4,0,0.003,1,0,0
SYN_SHOT_000777,synthetic_modelled_not_official_event_data,2024-25,Liverpool,Premier League,LIV_PL_2024_25_23,23,2025-01-25,Brentford,home,12,36,drawing,Dominik Szoboszlai,MF,114.46,43.31,100.15,36.82,Z093,5.61,63.03,1,1,central,six_yard_box,right_foot,normal,free_kick_indirect,0,0,2.62,1,1,0.8826,1,0,0
SYN_SHOT_000778,synthetic_modelled_not_official_event_data,2024-25,Liverpool,Premier League,LIV_PL_2024_25_06,6,2024-09-26,Chelsea,away,61,48,losing,Dominik Szoboszlai,MF,106.53,43.3,93.22,36.8,Z085,12.11,32.9,1,0,central,penalty_area,right_foot,normal,open_play,0,0,1.38,4,0,0.1124,1,1,1
SYN_SHOT_000779,synthetic_modelled_not_official_event_data,2024-25,Liverpool,Premier League,LIV_PL_2024_25_11,11,2024-11-02,Leicester City,home,28,40,drawing,Mohamed Salah,FW,107.0,59.52,93.62,50.59,Z086,20.11,12.02,1,0,right_half_space,penalty_area,left_foot,normal,open_play,0,0,3.44,4,0,0.0349,0,0,0
SYN_SHOT_000780,synthetic_modelled_not_official_event_data,2024-25,Liverpool,Premier League,LIV_PL_2024_25_37,37,2025-05-03,West Ham United,home,67,31,losing,Cody Gakpo,FW,94.58,42.22,82.75,35.88,Z077,22.33,18.56,0,0,central,final_third_outside_box,left_foot,half_volley,open_play,0,0,7.37,2,0,0.0244,0,0,0
SYN_SHOT_000781,synthetic_modelled_not_official_event_data,2024-25,Liverpool,Premier League,LIV_PL_2024_25_08,8,2024-10-09,Everton,away,20,13,winning,Mohamed Salah,FW,113.19,41.38,99.04,35.18,Z093,6.08,61.67,1,0,central,six_yard_box,left_foot,power,counter_attack,0,0,2.14,0,0,0.6941,1,0,0
SYN_SHOT_000782,synthetic_modelled_not_official_event_data,2024-25,Liverpool,Premier League,LIV_PL_2024_25_38,38,2025-05-10,Wolverhampton Wanderers,away,59,33,drawing,Luis Díaz,FW,119.5,51.97,104.56,44.18,Z094,10.19,2.03,1,0,right_half_space,penalty_area,right_foot,curled,high_press_recovery,0,1,7.01,1,1,0.3263,1,0,0
SYN_SHOT_000783,synthetic_modelled_not_official_event_data,2024-25,Liverpool,Premier League,LIV_PL_2024_25_02,2,2024-08-28,Aston Villa,away,29,51,winning,Mohamed Salah,FW,89.0,33.45,77.88,28.43,Z068,27.69,14.77,0,0,central,final_third_outside_box,left_foot,chip,open_play,0,0,2.59,0,0,0.0134,0,0,0
SYN_SHOT_000784,synthetic_modelled_not_official_event_data,2024-25,Liverpool,Premier League,LIV_PL_2024_25_19,19,2024-12-26,Wolverhampton Wanderers,home,9,22,winning,Mohamed Salah,FW,107.55,1.0,94.11,0.85,Z081,34.89,3.79,0,0,left_wing,wide_final_third,left_foot,volley,open_play,0,0,1.55,2,0,0.0025,0,0,0
SYN_SHOT_000785,synthetic_modelled_not_official_event_data,2024-25,Liverpool,Premier League,LIV_PL_2024_25_15,15,2024-11-30,Nottingham Forest,home,52,52,losing,Cody Gakpo,FW,102.48,21.64,89.67,18.39,Z083,21.87,13.56,1,0,left_half_space,penalty_area,right_foot,normal,open_play,0,1,3.32,0,1,0.1748,1,1,1
SYN_SHOT_000786,synthetic_modelled_not_official_event_data,2024-25,Liverpool,Premier League,LIV_PL_2024_25_14,14,2024-11-23,Newcastle United,away,93,10,drawing,Mohamed Salah,FW,113.77,41.54,99.55,35.31,Z093,5.61,65.68,1,1,central,six_yard_box,right_foot,normal,open_play,1,0,4.44,0,1,0.9312,1,1,1
SYN_SHOT_000787,synthetic_modelled_not_official_event_data,2024-25,Liverpool,Premier League,LIV_PL_2024_25_21,21,2025-01-09,Aston Villa,home,6,52,winning,Alexis Mac Allister,MF,91.55,46.1,80.11,39.19,Z077,25.42,16.06,0,0,central,final_third_outside_box,left_foot,normal,open_play,0,0,1.72,3,0,0.0069,1,0,0
SYN_SHOT_000788,synthetic_modelled_not_official_event_data,2024-25,Liverpool,Premier League,LIV_PL_2024_25_05,5,2024-09-21,Brighton,home,21,36,winning,Mohamed Salah,FW,100.55,11.65,87.98,9.91,Z082,29.5,8.27,0,0,left_wing,wide_final_third,left_foot,first_time,open_play,1,0,2.33,3,0,0.0024,0,0,0
SYN_SHOT_000789,synthetic_modelled_not_official_event_data,2024-25,Liverpool,Premier League,LIV_PL_2024_25_26,26,2025-02-14,Crystal Palace,away,35,56,drawing,Mohamed Salah,FW,108.52,78.88,94.96,67.05,Z088,34.54,3.57,0,0,right_wing,wide_final_third,left_foot,curled,open_play,0,0,5.04,1,0,0.0035,0,0,0
SYN_SHOT_000790,synthetic_modelled_not_official_event_data,2024-25,Liverpool,Premier League,LIV_PL_2024_25_22,22,2025-01-19,Bournemouth,away,51,17,losing,Dominik Szoboszlai,MF,114.74,46.53,100.39,39.55,Z093,7.21,41.11,1,1,central,six_yard_box,right_foot,normal,high_press_recovery,1,0,5.49,2,0,0.6144,1,1,1
SYN_SHOT_000791,synthetic_modelled_not_official_event_data,2024-25,Liverpool,Premier League,LIV_PL_2024_25_35,35,2025-04-20,Southampton,home,31,36,drawing,Mohamed Salah,FW,108.0,40.0,94.5,34.0,Z085,10.5,38.43,1,0,central,penalty_area,left_foot,normal,penalty,0,0,2.57,3,1,0.9661,1,1,1
SYN_SHOT_000792,synthetic_modelled_not_official_event_data,2024-25,Liverpool,Premier League,LIV_PL_2024_25_11,11,2024-11-03,Leicester City,home,73,33,winning,Cody Gakpo,FW,113.28,30.76,99.12,26.15,Z092,9.81,27.45,1,0,central,six_yard_box,right_foot,half_volley,open_play,1,0,2.01,1,0,0.1182,1,0,0
SYN_SHOT_000793,synthetic_modelled_not_official_event_data,2024-25,Liverpool,Premier League,LIV_PL_2024_25_28,28,2025-03-01,Fulham,away,3,33,drawing,Dominik Szoboszlai,MF,110.4,23.09,96.6,19.63,Z091,16.65,13.12,1,0,left_half_space,penalty_area,head,normal,open_play,0,0,3.39,4,0,0.0257,0,0,0
SYN_SHOT_000794,synthetic_modelled_not_official_event_data,2024-25,Liverpool,Premier League,LIV_PL_2024_25_02,2,2024-09-01,Aston Villa,away,4,50,winning,Mohamed Salah,FW,109.54,42.62,95.84,36.23,Z085,9.42,41.64,1,0,central,penalty_area,left_foot,normal,counter_attack,1,0,4.11,3,0,0.2747,1,0,0
SYN_SHOT_000795,synthetic_modelled_not_official_event_data,2024-25,Liverpool,Premier League,LIV_PL_2024_25_35,35,2025-04-18,Southampton,home,1,36,drawing,Cody Gakpo,FW,103.7,39.49,90.73,33.57,Z084,14.27,28.75,1,0,central,penalty_area,right_foot,normal,open_play,0,0,5.87,0,0,0.2091,0,0,0
SYN_SHOT_000796,synthetic_modelled_not_official_event_data,2024-25,Liverpool,Premier League,LIV_PL_2024_25_37,37,2025-05-01,West Ham United,home,20,51,drawing,Luis Díaz,FW,114.81,29.5,100.46,25.08,Z091,10.01,20.95,1,1,left_half_space,penalty_area,head,normal,corner,0,0,3.06,2,0,0.2166,0,0,0
SYN_SHOT_000797,synthetic_modelled_not_official_event_data,2024-25,Liverpool,Premier League,LIV_PL_2024_25_14,14,2024-11-22,Newcastle United,away,56,10,winning,Mohamed Salah,FW,114.84,24.5,100.48,20.83,Z091,13.92,10.38,1,0,left_half_space,penalty_area,left_foot,normal,free_kick_indirect,0,0,0.5,2,0,0.0751,0,0,0
SYN_SHOT_000798,synthetic_modelled_not_official_event_data,2024-25,Liverpool,Premier League,LIV_PL_2024_25_16,16,2024-12-08,Southampton,away,21,10,drawing,Luis Díaz,FW,109.3,31.77,95.63,27.0,Z084,11.69,29.08,1,0,central,penalty_area,right_foot,first_time,open_play,0,0,1.8,2,0,0.1344,1,0,0
SYN_SHOT_000799,synthetic_modelled_not_official_event_data,2024-25,Liverpool,Premier League,LIV_PL_2024_25_15,15,2024-11-30,Nottingham Forest,home,17,52,winning,Virgil van Dijk,DF,103.58,58.16,90.64,49.43,Z086,21.08,13.7,1,0,right_half_space,penalty_area,right_foot,power,high_press_recovery,0,0,6.38,2,0,0.0272,0,0,0
SYN_SHOT_000800,synthetic_modelled_not_official_event_data,2024-25,Liverpool,Premier League,LIV_PL_2024_25_12,12,2024-11-08,Manchester City,away,90,33,drawing,Diogo Jota,FW,90.32,59.65,79.03,50.7,Z078,30.88,11.43,0,0,right_half_space,final_third_outside_box,right_foot,first_time,open_play,0,0,2.61,2,0,0.0048,0,0,0
SYN_SHOT_000801,synthetic_modelled_not_official_event_data,2024-25,Liverpool,Premier League,LIV_PL_2024_25_31,31,2025-03-23,Manchester City,home,84,56,drawing,Ibrahima Konaté,DF,93.76,58.97,82.04,50.12,Z078,28.05,12.26,0,0,right_half_space,final_third_outside_box,other,volley,free_kick_indirect,1,0,2.38,3,0,0.0009,0,0,0
SYN_SHOT_000802,synthetic_modelled_not_official_event_data,2024-25,Liverpool,Premier League,LIV_PL_2024_25_24,24,2025-02-02,Brighton,away,72,25,drawing,Federico Chiesa,FW,85.87,43.87,75.13,37.29,Z069,30.05,13.81,0,0,central,final_third_outside_box,left_foot,normal,open_play,1,0,1.37,5,0,0.0026,0,0,0
SYN_SHOT_000803,synthetic_modelled_not_official_event_data,2024-25,Liverpool,Premier League,LIV_PL_2024_25_11,11,2024-11-03,Leicester City,home,46,3,losing,Mohamed Salah,FW,94.12,23.58,82.35,20.04,Z075,26.6,13.43,0,0,left_half_space,final_third_outside_box,left_foot,volley,direct_free_kick,1,0,2.97,1,0,0.0049,0,0,0
SYN_SHOT_000804,synthetic_modelled_not_official_event_data,2024-25,Liverpool,Premier League,LIV_PL_2024_25_14,14,2024-11-22,Newcastle United,away,92,42,drawing,Luis Díaz,FW,119.5,64.57,104.56,54.88,Z095,20.89,0.43,0,0,right_wing,wide_final_third,other,power,open_play,0,0,2.5,5,0,0.0025,0,0,0
SYN_SHOT_000805,synthetic_modelled_not_official_event_data,2024-25,Liverpool,Premier League,LIV_PL_2024_25_10,10,2024-10-27,Ipswich Town,away,8,14,drawing,Cody Gakpo,FW,95.39,38.25,83.46,32.51,Z076,21.59,19.2,0,0,central,final_third_outside_box,right_foot,first_time,open_play,0,0,2.7,2,0,0.0201,0,0,0
SYN_SHOT_000806,synthetic_modelled_not_official_event_data,2024-25,Liverpool,Premier League,LIV_PL_2024_25_26,26,2025-02-16,Crystal Palace,away,17,50,winning,Mohamed Salah,FW,101.14,12.04,88.5,10.23,Z082,28.94,8.34,0,0,left_wing,wide_final_third,right_foot,normal,open_play,0,0,1.43,1,0,0.0057,0,0,0
SYN_SHOT_000807,synthetic_modelled_not_official_event_data,2024-25,Liverpool,Premier League,LIV_PL_2024_25_19,19,2024-12-29,Wolverhampton Wanderers,home,12,23,winning,Diogo Jota,FW,100.31,69.81,87.77,59.34,Z087,30.64,7.76,0,0,right_wing,wide_final_third,left_foot,normal,open_play,0,0,2.95,5,0,0.0028,0,0,0
SYN_SHOT_000808,synthetic_modelled_not_official_event_data,2024-25,Liverpool,Premier League,LIV_PL_2024_25_29,29,2025-03-07,Ipswich Town,home,75,27,winning,Luis Díaz,FW,104.6,59.85,91.53,50.87,Z086,21.59,12.29,1,0,right_half_space,penalty_area,right_foot,normal,open_play,1,0,5.27,1,0,0.0266,0,0,0
SYN_SHOT_000809,synthetic_modelled_not_official_event_data,2024-25,Liverpool,Premier League,LIV_PL_2024_25_12,12,2024-11-06,Manchester City,away,29,34,losing,Luis Díaz,FW,107.74,49.76,94.27,42.29,Z085,13.56,24.73,1,0,central,penalty_area,right_foot,power,open_play,0,0,4.2,4,0,0.0855,0,0,0
SYN_SHOT_000810,synthetic_modelled_not_official_event_data,2024-25,Liverpool,Premier League,LIV_PL_2024_25_06,6,2024-09-28,Chelsea,away,23,26,drawing,Jayden Danns,FW,102.78,70.11,89.93,59.6,Z088,29.7,7.23,0,0,right_wing,wide_final_third,left_foot,first_time,open_play,1,0,1.51,2,0,0.0024,0,0,0
SYN_SHOT_000811,synthetic_modelled_not_official_event_data,2024-25,Liverpool,Premier League,LIV_PL_2024_25_32,32,2025-03-27,Manchester United,away,33,54,winning,Luis Díaz,FW,106.15,60.94,92.89,51.8,Z087,21.53,11.15,1,0,right_wing,wide_final_third,right_foot,normal,free_kick_indirect,0,0,2.79,2,0,0.0271,0,0,0
SYN_SHOT_000812,synthetic_modelled_not_official_event_data,2024-25,Liverpool,Premier League,LIV_PL_2024_25_16,16,2024-12-06,Southampton,away,13,21,losing,Diogo Jota,FW,90.21,63.45,78.93,53.93,Z079,32.81,10.17,0,0,right_wing,final_third_outside_box,head,normal,open_play,0,0,3.53,6,0,0.002,0,0,0
SYN_SHOT_000813,synthetic_modelled_not_official_event_data,2024-25,Liverpool,Premier League,LIV_PL_2024_25_35,35,2025-04-18,Southampton,home,23,32,drawing,Curtis Jones,MF,110.46,71.65,96.65,60.91,Z096,28.17,4.48,0,0,right_wing,wide_final_third,head,normal,corner,0,0,2.28,2,0,0.0018,0,0,0
SYN_SHOT_000814,synthetic_modelled_not_official_event_data,2024-25,Liverpool,Premier League,LIV_PL_2024_25_16,16,2024-12-06,Southampton,away,16,55,winning,Mohamed Salah,FW,99.53,47.32,87.09,40.22,Z077,18.96,20.74,0,0,central,final_third_outside_box,right_foot,curled,open_play,0,0,2.98,1,0,0.0338,0,0,0
SYN_SHOT_000815,synthetic_modelled_not_official_event_data,2024-25,Liverpool,Premier League,LIV_PL_2024_25_22,22,2025-01-17,Bournemouth,away,92,52,drawing,Darwin Núñez,FW,108.49,21.63,94.93,18.39,Z083,18.58,12.53,1,0,left_half_space,penalty_area,left_foot,normal,free_kick_indirect,0,0,1.99,1,0,0.0371,0,0,0
SYN_SHOT_000816,synthetic_modelled_not_official_event_data,2024-25,Liverpool,Premier League,LIV_PL_2024_25_05,5,2024-09-21,Brighton,home,94,0,drawing,Cody Gakpo,FW,97.22,33.64,85.07,28.6,Z076,20.65,19.45,0,0,central,final_third_outside_box,other,normal,open_play,1,0,3.44,2,0,0.0093,0,0,0
SYN_SHOT_000817,synthetic_modelled_not_official_event_data,2024-25,Liverpool,Premier League,LIV_PL_2024_25_11,11,2024-10-30,Leicester City,home,52,56,drawing,Mohamed Salah,FW,101.81,44.86,89.08,38.13,Z085,16.44,24.39,1,0,central,penalty_area,right_foot,normal,counter_attack,1,0,3.1,0,0,0.1621,0,0,0
SYN_SHOT_000818,synthetic_modelled_not_official_event_data,2024-25,Liverpool,Premier League,LIV_PL_2024_25_03,3,2024-09-05,Bournemouth,home,53,0,losing,Cody Gakpo,FW,119.5,24.95,104.56,21.21,Z091,12.8,1.22,1,0,left_half_space,penalty_area,head,normal,high_press_recovery,0,1,3.95,4,1,0.1288,0,0,0
SYN_SHOT_000819,synthetic_modelled_not_official_event_data,2024-25,Liverpool,Premier League,LIV_PL_2024_25_22,22,2025-01-19,Bournemouth,away,20,24,drawing,Trent Kone-Doherty,FW,107.04,64.83,93.66,55.11,Z087,23.96,8.42,0,0,right_wing,wide_final_third,right_foot,normal,counter_attack,0,0,3.44,1,0,0.0118,0,0,0
SYN_SHOT_000820,synthetic_modelled_not_official_event_data,2024-25,Liverpool,Premier League,LIV_PL_2024_25_08,8,2024-10-10,Everton,away,47,24,drawing,Darwin Núñez,FW,109.12,38.47,95.48,32.7,Z084,9.61,41.44,1,0,central,penalty_area,right_foot,normal,free_kick_indirect,0,0,3.96,1,0,0.3255,1,0,0
SYN_SHOT_000821,synthetic_modelled_not_official_event_data,2024-25,Liverpool,Premier League,LIV_PL_2024_25_31,31,2025-03-20,Manchester City,home,77,25,winning,Kieran Morrison,MF,105.7,23.4,92.49,19.89,Z083,18.86,14.98,1,0,left_half_space,penalty_area,head,normal,open_play,0,0,5.68,3,0,0.0193,0,0,0
SYN_SHOT_000822,synthetic_modelled_not_official_event_data,2024-25,Liverpool,Premier League,LIV_PL_2024_25_28,28,2025-03-01,Fulham,away,31,10,losing,Mohamed Salah,FW,119.5,19.94,104.56,16.95,Z090,17.06,0.66,1,0,left_wing,wide_final_third,left_foot,normal,open_play,1,0,3.95,1,0,0.0377,0,0,0
SYN_SHOT_000823,synthetic_modelled_not_official_event_data,2024-25,Liverpool,Premier League,LIV_PL_2024_25_23,23,2025-01-24,Brentford,home,41,20,winning,Mohamed Salah,FW,101.63,79.0,88.93,67.15,Z088,36.84,5.0,0,0,right_wing,wide_final_third,left_foot,first_time,open_play,0,0,1.62,4,0,0.0013,1,0,0
SYN_SHOT_000824,synthetic_modelled_not_official_event_data,2024-25,Liverpool,Premier League,LIV_PL_2024_25_36,36,2025-04-23,Tottenham Hotspur,away,36,34,winning,Jayden Danns,FW,95.27,50.16,83.36,42.64,Z078,23.3,16.66,0,0,right_half_space,final_third_outside_box,head,half_volley,counter_attack,1,0,7.26,1,0,0.0075,0,0,0
SYN_SHOT_000825,synthetic_modelled_not_official_event_data,2024-25,Liverpool,Premier League,LIV_PL_2024_25_06,6,2024-09-29,Chelsea,away,91,33,drawing,Luis Díaz,FW,112.03,36.44,98.02,30.97,Z092,7.61,48.97,1,0,central,six_yard_box,right_foot,normal,counter_attack,1,1,4.05,1,1,0.7518,1,0,0
SYN_SHOT_000826,synthetic_modelled_not_official_event_data,2024-25,Liverpool,Premier League,LIV_PL_2024_25_37,37,2025-05-01,West Ham United,home,67,7,winning,Cody Gakpo,FW,111.6,41.56,97.65,35.33,Z093,7.47,51.78,1,0,central,six_yard_box,right_foot,power,counter_attack,0,0,2.88,2,0,0.4765,1,1,1
SYN_SHOT_000827,synthetic_modelled_not_official_event_data,2024-25,Liverpool,Premier League,LIV_PL_2024_25_36,36,2025-04-26,Tottenham Hotspur,away,95,35,losing,Alexis Mac Allister,MF,112.54,31.24,98.47,26.55,Z092,9.9,29.44,1,0,central,six_yard_box,right_foot,normal,corner,0,0,0.5,0,0,0.1364,1,1,1
SYN_SHOT_000828,synthetic_modelled_not_official_event_data,2024-25,Liverpool,Premier League,LIV_PL_2024_25_31,31,2025-03-20,Manchester City,home,91,20,drawing,Cody Gakpo,FW,111.08,35.52,97.2,30.19,Z092,8.68,42.66,1,0,central,six_yard_box,left_foot,first_time,corner,1,0,0.5,1,0,0.1851,1,1,1
SYN_SHOT_000829,synthetic_modelled_not_official_event_data,2024-25,Liverpool,Premier League,LIV_PL_2024_25_09,9,2024-10-19,Fulham,home,64,42,drawing,Mohamed Salah,FW,95.51,22.73,83.57,19.32,Z075,25.97,13.34,0,0,left_half_space,final_third_outside_box,left_foot,volley,counter_attack,0,0,3.52,2,0,0.0163,0,0,0
SYN_SHOT_000830,synthetic_modelled_not_official_event_data,2024-25,Liverpool,Premier League,LIV_PL_2024_25_38,38,2025-05-10,Wolverhampton Wanderers,away,5,46,drawing,Mohamed Salah,FW,110.99,18.86,97.12,16.03,Z090,19.62,8.82,1,0,left_wing,wide_final_third,left_foot,normal,open_play,1,1,4.84,3,1,0.0897,0,0,0
SYN_SHOT_000831,synthetic_modelled_not_official_event_data,2024-25,Liverpool,Premier League,LIV_PL_2024_25_27,27,2025-02-22,Everton,home,67,16,drawing,Diogo Jota,FW,103.41,29.56,90.49,25.12,Z083,17.01,21.05,1,0,left_half_space,penalty_area,left_foot,first_time,open_play,0,0,3.03,1,0,0.093,1,0,0
SYN_SHOT_000832,synthetic_modelled_not_official_event_data,2024-25,Liverpool,Premier League,LIV_PL_2024_25_20,20,2025-01-03,Arsenal,away,23,6,losing,Darwin Núñez,FW,109.62,35.44,95.92,30.12,Z084,9.87,38.32,1,0,central,penalty_area,right_foot,normal,open_play,0,0,4.47,4,0,0.2123,1,0,0
SYN_SHOT_000833,synthetic_modelled_not_official_event_data,2024-25,Liverpool,Premier League,LIV_PL_2024_25_25,25,2025-02-05,Chelsea,home,84,18,winning,Cody Gakpo,FW,86.15,40.7,75.38,34.6,Z069,29.63,14.08,0,0,central,final_third_outside_box,head,curled,open_play,1,0,3.73,1,0,0.0042,0,0,0
SYN_SHOT_000834,synthetic_modelled_not_official_event_data,2024-25,Liverpool,Premier League,LIV_PL_2024_25_36,36,2025-04-27,Tottenham Hotspur,away,31,21,losing,Luis Díaz,FW,89.01,66.38,77.89,56.42,Z071,35.18,9.21,0,0,right_wing,final_third_outside_box,right_foot,curled,high_press_recovery,1,0,2.9,0,0,0.0024,1,0,0
SYN_SHOT_000835,synthetic_modelled_not_official_event_data,2024-25,Liverpool,Premier League,LIV_PL_2024_25_31,31,2025-03-20,Manchester City,home,4,25,losing,Alexis Mac Allister,MF,110.6,18.57,96.77,15.78,Z090,19.99,8.87,1,0,left_wing,wide_final_third,left_foot,normal,counter_attack,0,0,3.74,3,0,0.0299,0,0,0
SYN_SHOT_000836,synthetic_modelled_not_official_event_data,2024-25,Liverpool,Premier League,LIV_PL_2024_25_04,4,2024-09-15,Brentford,away,90,14,winning,Mohamed Salah,FW,105.08,60.65,91.94,51.55,Z087,21.87,11.61,1,0,right_wing,wide_final_third,left_foot,normal,open_play,0,0,4.22,2,0,0.0437,0,0,0
SYN_SHOT_000837,synthetic_modelled_not_official_event_data,2024-25,Liverpool,Premier League,LIV_PL_2024_25_12,12,2024-11-09,Manchester City,away,65,55,losing,Mohamed Salah,FW,90.42,49.54,79.12,42.11,Z077,27.12,14.7,0,0,central,final_third_outside_box,left_foot,normal,free_kick_indirect,0,0,0.5,6,0,0.0056,0,0,0
SYN_SHOT_000838,synthetic_modelled_not_official_event_data,2024-25,Liverpool,Premier League,LIV_PL_2024_25_28,28,2025-03-02,Fulham,away,33,19,winning,Andy Robertson,DF,87.0,13.5,76.12,11.48,Z066,36.62,9.05,0,0,left_wing,final_third_outside_box,right_foot,normal,open_play,1,0,4.71,4,0,0.0007,0,0,0
SYN_SHOT_000839,synthetic_modelled_not_official_event_data,2024-25,Liverpool,Premier League,LIV_PL_2024_25_07,7,2024-10-05,Crystal Palace,home,61,12,winning,Luis Díaz,FW,104.87,32.26,91.76,27.42,Z084,14.78,25.29,1,0,central,penalty_area,right_foot,volley,corner,1,0,3.28,3,0,0.0501,0,0,0
SYN_SHOT_000840,synthetic_modelled_not_official_event_data,2024-25,Liverpool,Premier League,LIV_PL_2024_25_14,14,2024-11-24,Newcastle United,away,94,39,drawing,Darwin Núñez,FW,94.55,11.64,82.73,9.9,Z074,32.81,8.71,0,0,left_wing,final_third_outside_box,left_foot,placed,open_play,1,0,5.72,2,0,0.0027,0,0,0
SYN_SHOT_000841,synthetic_modelled_not_official_event_data,2024-25,Liverpool,Premier League,LIV_PL_2024_25_06,6,2024-09-25,Chelsea,away,25,3,losing,Luis Díaz,FW,105.2,51.31,92.05,43.62,Z086,16.13,21.01,1,0,right_half_space,penalty_area,right_foot,normal,open_play,0,0,1.52,1,0,0.0668,0,0,0
SYN_SHOT_000842,synthetic_modelled_not_official_event_data,2024-25,Liverpool,Premier League,LIV_PL_2024_25_12,12,2024-11-09,Manchester City,away,45,43,winning,Harvey Elliott,MF,103.39,44.61,90.46,37.91,Z085,15.06,26.52,1,0,central,penalty_area,head,power,throw_in,1,0,1.92,2,0,0.0446,0,0,0
SYN_SHOT_000843,synthetic_modelled_not_official_event_data,2024-25,Liverpool,Premier League,LIV_PL_2024_25_06,6,2024-09-27,Chelsea,away,11,39,drawing,Jayden Danns,FW,104.25,22.9,91.22,19.46,Z083,20.03,14.58,1,0,left_half_space,penalty_area,left_foot,normal,open_play,0,0,6.72,1,0,0.0401,1,0,0
SYN_SHOT_000844,synthetic_modelled_not_official_event_data,2024-25,Liverpool,Premier League,LIV_PL_2024_25_24,24,2025-01-31,Brighton,away,87,2,winning,Cody Gakpo,FW,96.58,73.79,84.51,62.72,Z080,35.28,6.95,0,0,right_wing,final_third_outside_box,left_foot,first_time,free_kick_indirect,0,0,6.74,3,0,0.0019,0,0,0
SYN_SHOT_000845,synthetic_modelled_not_official_event_data,2024-25,Liverpool,Premier League,LIV_PL_2024_25_07,7,2024-10-05,Crystal Palace,home,9,44,drawing,Mohamed Salah,FW,79.49,37.07,69.55,31.51,Z060,35.54,11.73,0,0,central,middle_third,right_foot,normal,open_play,0,0,3.73,4,0,0.0033,0,0,0
SYN_SHOT_000846,synthetic_modelled_not_official_event_data,2024-25,Liverpool,Premier League,LIV_PL_2024_25_25,25,2025-02-09,Chelsea,home,49,48,winning,Conor Bradley,DF,113.18,40.57,99.03,34.48,Z093,5.98,62.82,1,0,central,six_yard_box,right_foot,volley,free_kick_indirect,1,0,4.3,0,0,0.5418,1,1,1
SYN_SHOT_000847,synthetic_modelled_not_official_event_data,2024-25,Liverpool,Premier League,LIV_PL_2024_25_28,28,2025-02-26,Fulham,away,68,16,drawing,Mohamed Salah,FW,115.93,50.93,101.44,43.29,Z094,9.95,16.94,1,0,right_half_space,penalty_area,right_foot,normal,open_play,0,1,4.27,3,1,0.3567,1,0,0
SYN_SHOT_000848,synthetic_modelled_not_official_event_data,2024-25,Liverpool,Premier League,LIV_PL_2024_25_02,2,2024-09-01,Aston Villa,away,41,33,drawing,Luis Díaz,FW,101.83,42.22,89.1,35.89,Z085,16.01,25.6,1,0,central,penalty_area,right_foot,normal,counter_attack,1,0,5.22,1,0,0.1167,1,1,1
SYN_SHOT_000849,synthetic_modelled_not_official_event_data,2024-25,Liverpool,Premier League,LIV_PL_2024_25_26,26,2025-02-15,Crystal Palace,away,81,31,winning,Cody Gakpo,FW,102.95,38.74,90.08,32.93,Z084,14.96,27.43,1,0,central,penalty_area,head,normal,open_play,1,0,3.03,2,0,0.0757,1,1,1
SYN_SHOT_000850,synthetic_modelled_not_official_event_data,2024-25,Liverpool,Premier League,LIV_PL_2024_25_19,19,2024-12-27,Wolverhampton Wanderers,home,36,54,drawing,Mohamed Salah,FW,97.05,69.93,84.92,59.44,Z079,32.42,8.07,0,0,right_wing,final_third_outside_box,head,normal,free_kick_indirect,0,0,4.43,2,0,0.0033,0,0,0
SYN_SHOT_000851,synthetic_modelled_not_official_event_data,2024-25,Liverpool,Premier League,LIV_PL_2024_25_38,38,2025-05-09,Wolverhampton Wanderers,away,37,3,winning,Alexis Mac Allister,MF,112.09,31.28,98.08,26.59,Z092,10.14,29.52,1,0,central,six_yard_box,left_foot,normal,open_play,1,0,0.5,2,0,0.1072,0,0,0
SYN_SHOT_000852,synthetic_modelled_not_official_event_data,2024-25,Liverpool,Premier League,LIV_PL_2024_25_30,30,2025-03-15,Leicester City,away,74,14,drawing,Mohamed Salah,FW,100.95,49.75,88.34,42.29,Z085,18.61,20.12,0,0,central,penalty_area,left_foot,normal,open_play,0,0,2.69,2,0,0.0271,0,0,0
SYN_SHOT_000853,synthetic_modelled_not_official_event_data,2024-25,Liverpool,Premier League,LIV_PL_2024_25_38,38,2025-05-09,Wolverhampton Wanderers,away,5,41,losing,Mohamed Salah,FW,106.79,41.42,93.44,35.21,Z085,11.62,34.82,1,0,central,penalty_area,right_foot,normal,open_play,1,0,4.32,3,0,0.1549,1,0,0
SYN_SHOT_000854,synthetic_modelled_not_official_event_data,2024-25,Liverpool,Premier League,LIV_PL_2024_25_25,25,2025-02-05,Chelsea,home,86,24,losing,Diogo Jota,FW,112.18,29.1,98.16,24.74,Z091,11.51,22.79,1,0,left_half_space,penalty_area,right_foot,normal,open_play,1,0,4.23,2,0,0.1258,0,0,0
SYN_SHOT_000855,synthetic_modelled_not_official_event_data,2024-25,Liverpool,Premier League,LIV_PL_2024_25_26,26,2025-02-13,Crystal Palace,away,13,36,winning,Mohamed Salah,FW,105.69,14.32,92.48,12.17,Z082,25.17,8.41,0,0,left_wing,wide_final_third,right_foot,normal,open_play,0,0,2.15,1,0,0.0088,0,0,0
SYN_SHOT_000856,synthetic_modelled_not_official_event_data,2024-25,Liverpool,Premier League,LIV_PL_2024_25_16,16,2024-12-06,Southampton,away,51,27,winning,Diogo Jota,FW,115.91,68.49,101.42,58.22,Z095,24.48,2.56,0,0,right_wing,wide_final_third,head,normal,open_play,0,0,2.04,2,0,0.0048,0,0,0
SYN_SHOT_000857,synthetic_modelled_not_official_event_data,2024-25,Liverpool,Premier League,LIV_PL_2024_25_30,30,2025-03-12,Leicester City,away,9,26,winning,Diogo Jota,FW,99.53,42.49,87.09,36.12,Z077,18.04,22.8,0,0,central,final_third_outside_box,right_foot,normal,open_play,1,0,5.73,1,0,0.036,0,0,0
SYN_SHOT_000858,synthetic_modelled_not_official_event_data,2024-25,Liverpool,Premier League,LIV_PL_2024_25_26,26,2025-02-13,Crystal Palace,away,40,8,winning,Mohamed Salah,FW,115.52,45.31,101.08,38.52,Z093,5.98,52.05,1,1,central,six_yard_box,left_foot,chip,high_press_recovery,0,0,3.88,1,1,0.9142,1,1,1
SYN_SHOT_000859,synthetic_modelled_not_official_event_data,2024-25,Liverpool,Premier League,LIV_PL_2024_25_33,33,2025-04-03,Newcastle United,home,21,53,drawing,Luis Díaz,FW,98.43,42.33,86.12,35.98,Z077,18.98,21.72,0,0,central,final_third_outside_box,head,curled,open_play,0,0,0.5,3,0,0.0116,0,0,0
SYN_SHOT_000860,synthetic_modelled_not_official_event_data,2024-25,Liverpool,Premier League,LIV_PL_2024_25_08,8,2024-10-12,Everton,away,15,34,winning,Darwin Núñez,FW,104.86,77.05,91.75,65.49,Z088,34.17,4.8,0,0,right_wing,wide_final_third,right_foot,chip,open_play,0,0,0.97,3,0,0.0014,0,0,0
SYN_SHOT_000861,synthetic_modelled_not_official_event_data,2024-25,Liverpool,Premier League,LIV_PL_2024_25_19,19,2024-12-29,Wolverhampton Wanderers,home,87,26,losing,Diogo Jota,FW,89.67,1.0,78.46,0.85,Z065,42.47,6.19,0,0,left_wing,final_third_outside_box,head,power,open_play,0,0,2.01,3,0,0.0004,0,0,0
SYN_SHOT_000862,synthetic_modelled_not_official_event_data,2024-25,Liverpool,Premier League,LIV_PL_2024_25_14,14,2024-11-24,Newcastle United,away,68,10,winning,Luis Díaz,FW,110.64,14.82,96.81,12.6,Z090,22.92,6.68,0,0,left_wing,wide_final_third,head,normal,corner,0,0,0.96,1,0,0.0039,0,0,0
SYN_SHOT_000863,synthetic_modelled_not_official_event_data,2024-25,Liverpool,Premier League,LIV_PL_2024_25_07,7,2024-10-06,Crystal Palace,home,66,20,drawing,Dominik Szoboszlai,MF,81.0,35.63,70.88,30.28,Z068,34.33,12.1,0,0,central,final_third_outside_box,right_foot,curled,high_press_recovery,0,0,5.1,1,0,0.0055,0,0,0
SYN_SHOT_000864,synthetic_modelled_not_official_event_data,2024-25,Liverpool,Premier League,LIV_PL_2024_25_27,27,2025-02-21,Everton,home,63,30,drawing,Mohamed Salah,FW,99.42,42.71,86.99,36.31,Z077,18.16,22.63,0,0,central,final_third_outside_box,left_foot,normal,direct_free_kick,0,0,1.79,4,0,0.0199,1,0,0
SYN_SHOT_000865,synthetic_modelled_not_official_event_data,2024-25,Liverpool,Premier League,LIV_PL_2024_25_31,31,2025-03-20,Manchester City,home,93,19,drawing,Luis Díaz,FW,93.75,34.66,82.03,29.46,Z076,23.41,17.45,0,0,central,final_third_outside_box,left_foot,normal,open_play,1,0,2.61,2,0,0.0105,0,0,0
SYN_SHOT_000866,synthetic_modelled_not_official_event_data,2024-25,Liverpool,Premier League,LIV_PL_2024_25_35,35,2025-04-19,Southampton,home,4,13,drawing,Diogo Jota,FW,94.94,17.25,83.07,14.66,Z074,29.24,10.8,0,0,left_wing,final_third_outside_box,right_foot,normal,open_play,1,0,3.79,2,0,0.0054,0,0,0
SYN_SHOT_000867,synthetic_modelled_not_official_event_data,2024-25,Liverpool,Premier League,LIV_PL_2024_25_21,21,2025-01-08,Aston Villa,home,5,3,losing,Luis Díaz,FW,108.87,58.62,95.26,49.83,Z086,18.58,12.12,1,0,right_half_space,penalty_area,left_foot,chip,open_play,0,0,4.08,0,0,0.0654,0,0,0
SYN_SHOT_000868,synthetic_modelled_not_official_event_data,2024-25,Liverpool,Premier League,LIV_PL_2024_25_15,15,2024-11-30,Nottingham Forest,home,48,47,drawing,Alexis Mac Allister,MF,99.98,33.67,87.48,28.62,Z076,18.33,21.68,0,0,central,final_third_outside_box,right_foot,power,open_play,1,0,3.73,1,0,0.0274,0,0,0
SYN_SHOT_000869,synthetic_modelled_not_official_event_data,2024-25,Liverpool,Premier League,LIV_PL_2024_25_13,13,2024-11-14,Manchester United,home,54,2,losing,Joe Gomez,DF,119.5,36.28,104.56,30.84,Z092,3.19,135.21,1,1,central,six_yard_box,right_foot,normal,free_kick_indirect,0,0,1.67,1,1,0.9083,1,1,1
SYN_SHOT_000870,synthetic_modelled_not_official_event_data,2024-25,Liverpool,Premier League,LIV_PL_2024_25_09,9,2024-10-16,Fulham,home,45,6,drawing,Cody Gakpo,FW,107.53,20.96,94.08,17.81,Z083,19.52,12.26,1,0,left_half_space,penalty_area,left_foot,curled,open_play,1,1,4.34,1,1,0.1274,0,0,0
SYN_SHOT_000871,synthetic_modelled_not_official_event_data,2024-25,Liverpool,Premier League,LIV_PL_2024_25_36,36,2025-04-26,Tottenham Hotspur,away,54,27,winning,James McConnell,MF,104.41,35.32,91.36,30.03,Z084,14.21,27.92,1,0,central,penalty_area,head,normal,corner,1,0,1.84,2,0,0.0366,0,0,0
SYN_SHOT_000872,synthetic_modelled_not_official_event_data,2024-25,Liverpool,Premier League,LIV_PL_2024_25_11,11,2024-10-30,Leicester City,home,80,37,drawing,Mohamed Salah,FW,105.04,25.26,91.91,21.47,Z083,18.12,16.92,1,0,left_half_space,penalty_area,left_foot,first_time,open_play,0,0,6.93,1,0,0.0773,0,0,0
SYN_SHOT_000873,synthetic_modelled_not_official_event_data,2024-25,Liverpool,Premier League,LIV_PL_2024_25_12,12,2024-11-09,Manchester City,away,61,30,winning,Trent Alexander-Arnold,DF,91.91,44.86,80.42,38.13,Z077,24.92,16.49,0,0,central,final_third_outside_box,right_foot,normal,counter_attack,0,1,5.22,3,1,0.033,0,0,0
SYN_SHOT_000874,synthetic_modelled_not_official_event_data,2024-25,Liverpool,Premier League,LIV_PL_2024_25_24,24,2025-02-01,Brighton,away,36,43,winning,Cody Gakpo,FW,78.89,19.33,69.03,16.43,Z058,40.03,9.41,0,0,left_wing,middle_third,head,placed,open_play,0,0,1.93,1,0,0.0009,1,0,0
SYN_SHOT_000875,synthetic_modelled_not_official_event_data,2024-25,Liverpool,Premier League,LIV_PL_2024_25_34,34,2025-04-13,Nottingham Forest,away,64,9,winning,Mohamed Salah,FW,116.23,30.84,101.7,26.21,Z092,8.46,22.57,1,1,central,six_yard_box,head,normal,corner,0,0,3.03,0,1,0.5414,1,1,1
SYN_SHOT_000876,synthetic_modelled_not_official_event_data,2024-25,Liverpool,Premier League,LIV_PL_2024_25_17,17,2024-12-12,Tottenham Hotspur,home,95,1,winning,Dominik Szoboszlai,MF,100.39,15.83,87.84,13.45,Z082,26.77,10.13,0,0,left_wing,wide_final_third,right_foot,curled,open_play,1,0,1.96,3,0,0.0027,0,0,0
SYN_SHOT_000877,synthetic_modelled_not_official_event_data,2024-25,Liverpool,Premier League,LIV_PL_2024_25_14,14,2024-11-21,Newcastle United,away,46,56,winning,Mohamed Salah,FW,98.16,61.24,85.89,52.06,Z079,26.29,11.66,0,0,right_wing,final_third_outside_box,right_foot,normal,free_kick_indirect,0,0,4.93,1,0,0.0116,0,0,0
SYN_SHOT_000878,synthetic_modelled_not_official_event_data,2024-25,Liverpool,Premier League,LIV_PL_2024_25_15,15,2024-11-27,Nottingham Forest,home,56,48,winning,Mohamed Salah,FW,106.78,28.01,93.43,23.81,Z083,15.42,20.68,1,0,left_half_space,penalty_area,right_foot,normal,open_play,0,0,0.5,2,0,0.0874,1,0,0
SYN_SHOT_000879,synthetic_modelled_not_official_event_data,2024-25,Liverpool,Premier League,LIV_PL_2024_25_30,30,2025-03-14,Leicester City,away,88,43,drawing,Dominik Szoboszlai,MF,113.17,24.17,99.02,20.54,Z091,14.73,12.14,1,0,left_half_space,penalty_area,right_foot,normal,open_play,0,0,4.69,1,0,0.0727,1,0,0
SYN_SHOT_000880,synthetic_modelled_not_official_event_data,2024-25,Liverpool,Premier League,LIV_PL_2024_25_37,37,2025-04-30,West Ham United,home,54,12,losing,Cody Gakpo,FW,102.1,32.8,89.33,27.88,Z084,16.82,23.05,1,0,central,penalty_area,left_foot,normal,open_play,0,0,3.7,1,0,0.1131,0,0,0
SYN_SHOT_000881,synthetic_modelled_not_official_event_data,2024-25,Liverpool,Premier League,LIV_PL_2024_25_38,38,2025-05-11,Wolverhampton Wanderers,away,9,5,winning,Cody Gakpo,FW,105.53,30.11,92.34,25.6,Z084,15.2,23.08,1,0,central,penalty_area,head,normal,open_play,0,0,4.68,3,0,0.0464,0,0,0
SYN_SHOT_000882,synthetic_modelled_not_official_event_data,2024-25,Liverpool,Premier League,LIV_PL_2024_25_19,19,2024-12-25,Wolverhampton Wanderers,home,63,19,drawing,Harvey Elliott,MF,95.96,48.67,83.97,41.37,Z077,22.29,17.67,0,0,central,final_third_outside_box,left_foot,curled,open_play,0,0,0.5,2,0,0.0117,1,0,0
SYN_SHOT_000883,synthetic_modelled_not_official_event_data,2024-25,Liverpool,Premier League,LIV_PL_2024_25_25,25,2025-02-07,Chelsea,home,4,51,drawing,Mohamed Salah,FW,79.73,37.78,69.76,32.11,Z060,35.29,11.83,0,0,central,middle_third,head,normal,open_play,1,0,2.68,2,0,0.0018,0,0,0
SYN_SHOT_000884,synthetic_modelled_not_official_event_data,2024-25,Liverpool,Premier League,LIV_PL_2024_25_28,28,2025-02-26,Fulham,away,32,8,losing,Mohamed Salah,FW,114.52,79.0,100.2,67.15,Z096,33.5,1.81,0,0,right_wing,wide_final_third,head,normal,corner,0,0,0.5,1,0,0.0012,0,0,0
SYN_SHOT_000885,synthetic_modelled_not_official_event_data,2024-25,Liverpool,Premier League,LIV_PL_2024_25_23,23,2025-01-24,Brentford,home,45,30,winning,Virgil van Dijk,DF,94.52,44.1,82.7,37.48,Z077,22.57,18.22,0,0,central,final_third_outside_box,right_foot,half_volley,free_kick_indirect,0,0,4.02,1,0,0.0171,0,0,0
SYN_SHOT_000886,synthetic_modelled_not_official_event_data,2024-25,Liverpool,Premier League,LIV_PL_2024_25_19,19,2024-12-29,Wolverhampton Wanderers,home,81,18,losing,Luis Díaz,FW,104.81,67.87,91.71,57.69,Z087,27.16,7.65,0,0,right_wing,wide_final_third,right_foot,normal,counter_attack,0,0,5.51,2,0,0.0095,0,0,0
SYN_SHOT_000887,synthetic_modelled_not_official_event_data,2024-25,Liverpool,Premier League,LIV_PL_2024_25_27,27,2025-02-22,Everton,home,59,21,drawing,Mohamed Salah,FW,110.92,49.71,97.05,42.26,Z093,11.46,26.25,1,0,central,six_yard_box,right_foot,normal,counter_attack,0,1,5.41,0,1,0.6204,1,1,1
SYN_SHOT_000888,synthetic_modelled_not_official_event_data,2024-25,Liverpool,Premier League,LIV_PL_2024_25_21,21,2025-01-10,Aston Villa,home,57,53,drawing,Cody Gakpo,FW,112.16,71.44,98.14,60.73,Z096,27.59,3.84,0,0,right_wing,wide_final_third,right_foot,normal,open_play,1,0,0.5,1,0,0.0034,1,0,0
SYN_SHOT_000889,synthetic_modelled_not_official_event_data,2024-25,Liverpool,Premier League,LIV_PL_2024_25_04,4,2024-09-14,Brentford,away,23,53,drawing,Mohamed Salah,FW,95.43,60.98,83.5,51.83,Z079,27.93,11.6,0,0,right_wing,final_third_outside_box,right_foot,first_time,open_play,1,0,0.5,1,0,0.0051,0,0,0
SYN_SHOT_000890,synthetic_modelled_not_official_event_data,2024-25,Liverpool,Premier League,LIV_PL_2024_25_01,1,2024-08-25,Arsenal,home,91,47,losing,Mohamed Salah,FW,116.33,56.53,101.79,48.05,Z094,14.41,6.91,1,0,right_half_space,penalty_area,head,volley,corner,0,0,1.69,1,0,0.0299,1,0,0
SYN_SHOT_000891,synthetic_modelled_not_official_event_data,2024-25,Liverpool,Premier League,LIV_PL_2024_25_22,22,2025-01-18,Bournemouth,away,54,37,drawing,Dominik Szoboszlai,MF,103.24,51.77,90.33,44.01,Z086,17.76,19.58,1,0,right_half_space,penalty_area,right_foot,normal,open_play,1,0,3.89,0,0,0.06,0,0,0
SYN_SHOT_000892,synthetic_modelled_not_official_event_data,2024-25,Liverpool,Premier League,LIV_PL_2024_25_19,19,2024-12-25,Wolverhampton Wanderers,home,70,2,drawing,Luis Díaz,FW,108.17,31.9,94.65,27.12,Z084,12.43,28.23,1,0,central,penalty_area,right_foot,chip,throw_in,1,0,6.37,3,0,0.0776,0,0,0
SYN_SHOT_000893,synthetic_modelled_not_official_event_data,2024-25,Liverpool,Premier League,LIV_PL_2024_25_38,38,2025-05-10,Wolverhampton Wanderers,away,60,52,winning,Luis Díaz,FW,104.66,49.26,91.57,41.87,Z085,15.56,23.25,1,0,central,penalty_area,right_foot,power,open_play,0,0,5.25,1,0,0.0998,1,1,1
SYN_SHOT_000894,synthetic_modelled_not_official_event_data,2024-25,Liverpool,Premier League,LIV_PL_2024_25_26,26,2025-02-13,Crystal Palace,away,84,16,drawing,Federico Chiesa,FW,112.7,28.41,98.61,24.15,Z091,11.74,20.59,1,0,left_half_space,penalty_area,right_foot,normal,open_play,1,0,0.5,0,0,0.0889,0,0,0
SYN_SHOT_000895,synthetic_modelled_not_official_event_data,2024-25,Liverpool,Premier League,LIV_PL_2024_25_22,22,2025-01-15,Bournemouth,away,49,8,drawing,Mohamed Salah,FW,103.64,78.95,90.68,67.11,Z088,36.07,4.65,0,0,right_wing,wide_final_third,right_foot,normal,open_play,1,0,6.0,3,0,0.0014,1,0,0
SYN_SHOT_000896,synthetic_modelled_not_official_event_data,2024-25,Liverpool,Premier League,LIV_PL_2024_25_23,23,2025-01-24,Brentford,home,89,14,drawing,Mohamed Salah,FW,105.86,34.36,92.63,29.21,Z084,13.27,29.11,1,0,central,penalty_area,left_foot,normal,open_play,0,0,0.73,1,0,0.1718,0,0,0
SYN_SHOT_000897,synthetic_modelled_not_official_event_data,2024-25,Liverpool,Premier League,LIV_PL_2024_25_08,8,2024-10-11,Everton,away,57,44,winning,Mohamed Salah,FW,102.52,43.62,89.7,37.08,Z085,15.6,25.95,1,0,central,penalty_area,left_foot,normal,open_play,0,0,3.18,1,0,0.1618,1,0,0
SYN_SHOT_000898,synthetic_modelled_not_official_event_data,2024-25,Liverpool,Premier League,LIV_PL_2024_25_06,6,2024-09-25,Chelsea,away,40,20,winning,Mohamed Salah,FW,95.22,39.88,83.32,33.9,Z076,21.68,19.17,0,0,central,final_third_outside_box,right_foot,volley,direct_free_kick,1,0,0.69,3,0,0.0084,0,0,0
SYN_SHOT_000899,synthetic_modelled_not_official_event_data,2024-25,Liverpool,Premier League,LIV_PL_2024_25_08,8,2024-10-12,Everton,away,51,46,losing,Cody Gakpo,FW,89.28,29.69,78.12,25.24,Z067,28.27,14.06,0,0,left_half_space,final_third_outside_box,right_foot,first_time,open_play,0,0,0.5,2,0,0.0062,0,0,0
SYN_SHOT_000900,synthetic_modelled_not_official_event_data,2024-25,Liverpool,Premier League,LIV_PL_2024_25_10,10,2024-10-23,Ipswich Town,away,56,48,winning,Mohamed Salah,FW,116.86,37.36,102.25,31.75,Z092,3.55,92.31,1,1,central,six_yard_box,head,normal,corner,0,0,3.5,2,0,0.8025,1,0,0
SYN_SHOT_000901,synthetic_modelled_not_official_event_data,2024-25,Liverpool,Premier League,LIV_PL_2024_25_34,34,2025-04-09,Nottingham Forest,away,2,47,losing,Mohamed Salah,FW,112.36,41.03,98.31,34.88,Z093,6.74,56.76,1,0,central,six_yard_box,left_foot,power,corner,0,0,5.03,1,0,0.508,0,0,0
SYN_SHOT_000902,synthetic_modelled_not_official_event_data,2024-25,Liverpool,Premier League,LIV_PL_2024_25_22,22,2025-01-16,Bournemouth,away,57,58,winning,Trent Alexander-Arnold,DF,109.27,23.38,95.61,19.87,Z083,16.96,14.07,1,0,left_half_space,penalty_area,left_foot,curled,open_play,0,0,7.41,0,0,0.0526,0,0,0
SYN_SHOT_000903,synthetic_modelled_not_official_event_data,2024-25,Liverpool,Premier League,LIV_PL_2024_25_13,13,2024-11-17,Manchester United,home,73,19,drawing,Mohamed Salah,FW,96.53,36.94,84.47,31.4,Z076,20.7,19.91,0,0,central,final_third_outside_box,left_foot,first_time,high_press_recovery,0,0,5.82,2,0,0.0419,0,0,0
SYN_SHOT_000904,synthetic_modelled_not_official_event_data,2024-25,Liverpool,Premier League,LIV_PL_2024_25_26,26,2025-02-15,Crystal Palace,away,53,4,winning,Luis Díaz,FW,88.48,34.93,77.42,29.69,Z068,27.92,14.77,0,0,central,final_third_outside_box,right_foot,normal,open_play,0,0,4.15,1,0,0.011,0,0,0
SYN_SHOT_000905,synthetic_modelled_not_official_event_data,2024-25,Liverpool,Premier League,LIV_PL_2024_25_30,30,2025-03-13,Leicester City,away,27,59,winning,Mohamed Salah,FW,110.53,39.09,96.72,33.23,Z092,8.32,47.37,1,0,central,six_yard_box,head,normal,open_play,0,0,2.82,1,0,0.2981,0,0,0
SYN_SHOT_000906,synthetic_modelled_not_official_event_data,2024-25,Liverpool,Premier League,LIV_PL_2024_25_08,8,2024-10-09,Everton,away,11,34,winning,Kieran Morrison,MF,93.08,62.0,81.45,52.7,Z079,30.07,10.95,0,0,right_wing,final_third_outside_box,right_foot,normal,open_play,0,0,4.72,5,0,0.0033,0,0,0
SYN_SHOT_000907,synthetic_modelled_not_official_event_data,2024-25,Liverpool,Premier League,LIV_PL_2024_25_19,19,2024-12-25,Wolverhampton Wanderers,home,10,0,losing,Cody Gakpo,FW,105.62,58.81,92.41,49.99,Z086,20.35,12.95,1,0,right_half_space,penalty_area,right_foot,chip,counter_attack,0,1,4.46,0,1,0.2411,1,0,0
SYN_SHOT_000908,synthetic_modelled_not_official_event_data,2024-25,Liverpool,Premier League,LIV_PL_2024_25_28,28,2025-02-27,Fulham,away,94,5,drawing,Jayden Danns,FW,105.77,51.49,92.55,43.77,Z086,15.83,21.03,1,0,right_half_space,penalty_area,right_foot,normal,open_play,0,0,0.5,3,0,0.038,0,0,0
SYN_SHOT_000909,synthetic_modelled_not_official_event_data,2024-25,Liverpool,Premier League,LIV_PL_2024_25_03,3,2024-09-05,Bournemouth,home,95,36,winning,Harvey Elliott,MF,107.71,60.65,94.25,51.55,Z087,20.59,10.86,1,0,right_wing,wide_final_third,right_foot,normal,counter_attack,0,0,1.68,1,0,0.0319,0,0,0
SYN_SHOT_000910,synthetic_modelled_not_official_event_data,2024-25,Liverpool,Premier League,LIV_PL_2024_25_19,19,2024-12-29,Wolverhampton Wanderers,home,90,15,drawing,Mohamed Salah,FW,95.61,44.6,83.66,37.91,Z077,21.7,18.86,0,0,central,final_third_outside_box,left_foot,first_time,open_play,0,0,0.5,4,0,0.0151,1,0,0
SYN_SHOT_000911,synthetic_modelled_not_official_event_data,2024-25,Liverpool,Premier League,LIV_PL_2024_25_26,26,2025-02-13,Crystal Palace,away,34,13,losing,Darwin Núñez,FW,103.99,34.32,90.99,29.17,Z084,14.82,26.44,1,0,central,penalty_area,head,placed,open_play,0,0,3.19,1,0,0.0937,0,0,0
SYN_SHOT_000912,synthetic_modelled_not_official_event_data,2024-25,Liverpool,Premier League,LIV_PL_2024_25_13,13,2024-11-16,Manchester United,home,47,5,losing,Wataru Endo,MF,107.33,25.41,93.92,21.6,Z083,16.63,17.13,1,0,left_half_space,penalty_area,right_foot,first_time,open_play,0,0,4.95,0,0,0.0793,1,0,0
SYN_SHOT_000913,synthetic_modelled_not_official_event_data,2024-25,Liverpool,Premier League,LIV_PL_2024_25_24,24,2025-01-30,Brighton,away,3,56,losing,Diogo Jota,FW,103.96,39.92,90.96,33.93,Z084,14.04,29.23,1,0,central,penalty_area,right_foot,power,open_play,0,0,2.47,1,0,0.1521,1,0,0
SYN_SHOT_000914,synthetic_modelled_not_official_event_data,2024-25,Liverpool,Premier League,LIV_PL_2024_25_34,34,2025-04-09,Nottingham Forest,away,31,0,drawing,Darwin Núñez,FW,102.32,11.92,89.53,10.13,Z082,28.44,8.1,0,0,left_wing,wide_final_third,right_foot,first_time,open_play,0,0,1.15,2,0,0.0046,0,0,0
SYN_SHOT_000915,synthetic_modelled_not_official_event_data,2024-25,Liverpool,Premier League,LIV_PL_2024_25_24,24,2025-01-29,Brighton,away,17,34,drawing,Darwin Núñez,FW,110.04,40.15,96.29,34.13,Z093,8.72,45.56,1,0,central,six_yard_box,right_foot,normal,open_play,1,1,5.92,1,1,0.6361,1,1,1
SYN_SHOT_000916,synthetic_modelled_not_official_event_data,2024-25,Liverpool,Premier League,LIV_PL_2024_25_03,3,2024-09-04,Bournemouth,home,59,13,drawing,Luis Díaz,FW,88.01,31.48,77.01,26.76,Z068,28.91,13.99,0,0,central,final_third_outside_box,left_foot,first_time,free_kick_indirect,0,0,0.5,4,0,0.0035,0,0,0
SYN_SHOT_000917,synthetic_modelled_not_official_event_data,2024-25,Liverpool,Premier League,LIV_PL_2024_25_20,20,2025-01-02,Arsenal,away,9,42,drawing,Cody Gakpo,FW,97.17,40.49,85.03,34.42,Z077,19.98,20.76,0,0,central,final_third_outside_box,left_foot,placed,open_play,1,0,4.7,1,0,0.0242,1,0,0
SYN_SHOT_000918,synthetic_modelled_not_official_event_data,2024-25,Liverpool,Premier League,LIV_PL_2024_25_35,35,2025-04-19,Southampton,home,90,3,drawing,Luis Díaz,FW,87.09,9.19,76.2,7.81,Z065,38.92,7.99,0,0,left_wing,final_third_outside_box,right_foot,volley,open_play,0,0,5.19,3,0,0.0012,1,0,0
SYN_SHOT_000919,synthetic_modelled_not_official_event_data,2024-25,Liverpool,Premier League,LIV_PL_2024_25_29,29,2025-03-05,Ipswich Town,home,78,47,winning,Tyler Morton,MF,80.16,53.75,70.14,45.69,Z070,36.77,10.79,0,0,right_half_space,final_third_outside_box,right_foot,normal,open_play,0,0,3.21,0,0,0.0031,0,0,0
SYN_SHOT_000920,synthetic_modelled_not_official_event_data,2024-25,Liverpool,Premier League,LIV_PL_2024_25_14,14,2024-11-24,Newcastle United,away,88,44,losing,Mohamed Salah,FW,79.55,30.3,69.6,25.76,Z060,36.34,11.21,0,0,central,middle_third,other,volley,counter_attack,0,0,1.57,1,0,0.0015,0,0,0
SYN_SHOT_000921,synthetic_modelled_not_official_event_data,2024-25,Liverpool,Premier League,LIV_PL_2024_25_27,27,2025-02-20,Everton,home,70,31,winning,Mohamed Salah,FW,114.83,33.84,100.47,28.77,Z092,6.92,43.85,1,1,central,six_yard_box,right_foot,half_volley,high_press_recovery,0,0,2.41,4,0,0.6199,1,0,0
SYN_SHOT_000922,synthetic_modelled_not_official_event_data,2024-25,Liverpool,Premier League,LIV_PL_2024_25_18,18,2024-12-21,West Ham United,away,83,25,drawing,Curtis Jones,MF,117.5,23.87,102.81,20.29,Z091,13.89,5.1,1,0,left_half_space,penalty_area,head,normal,open_play,0,0,1.38,0,0,0.0363,0,0,0
SYN_SHOT_000923,synthetic_modelled_not_official_event_data,2024-25,Liverpool,Premier League,LIV_PL_2024_25_07,7,2024-10-03,Crystal Palace,home,93,29,winning,Cody Gakpo,FW,116.77,25.42,102.18,21.6,Z091,12.71,7.94,1,0,left_half_space,penalty_area,right_foot,first_time,open_play,0,0,1.53,1,0,0.0671,1,0,0
SYN_SHOT_000924,synthetic_modelled_not_official_event_data,2024-25,Liverpool,Premier League,LIV_PL_2024_25_25,25,2025-02-06,Chelsea,home,4,10,winning,James McConnell,MF,108.24,36.52,94.71,31.04,Z084,10.71,36.64,1,0,central,penalty_area,other,first_time,throw_in,0,0,6.09,1,0,0.1211,0,0,0
SYN_SHOT_000925,synthetic_modelled_not_official_event_data,2024-25,Liverpool,Premier League,LIV_PL_2024_25_23,23,2025-01-26,Brentford,home,64,50,drawing,Darwin Núñez,FW,89.04,29.02,77.91,24.67,Z067,28.65,13.8,0,0,left_half_space,final_third_outside_box,left_foot,placed,counter_attack,0,0,2.99,1,0,0.0069,0,0,0
SYN_SHOT_000926,synthetic_modelled_not_official_event_data,2024-25,Liverpool,Premier League,LIV_PL_2024_25_31,31,2025-03-22,Manchester City,home,13,18,winning,Darwin Núñez,FW,103.78,35.4,90.81,30.09,Z084,14.72,27.07,1,0,central,penalty_area,left_foot,normal,open_play,0,0,6.32,0,0,0.177,0,0,0
SYN_SHOT_000927,synthetic_modelled_not_official_event_data,2024-25,Liverpool,Premier League,LIV_PL_2024_25_14,14,2024-11-21,Newcastle United,away,72,59,drawing,Mohamed Salah,FW,101.4,58.03,88.72,49.32,Z086,22.35,13.77,1,0,right_half_space,penalty_area,left_foot,normal,open_play,1,0,6.82,2,0,0.0317,0,0,0
SYN_SHOT_000928,synthetic_modelled_not_official_event_data,2024-25,Liverpool,Premier League,LIV_PL_2024_25_30,30,2025-03-16,Leicester City,away,4,14,drawing,Mohamed Salah,FW,101.54,1.0,88.85,0.85,Z081,36.88,5.02,0,0,left_wing,wide_final_third,right_foot,normal,open_play,0,0,3.5,0,0,0.0036,1,0,0
SYN_SHOT_000929,synthetic_modelled_not_official_event_data,2024-25,Liverpool,Premier League,LIV_PL_2024_25_09,9,2024-10-20,Fulham,home,10,41,drawing,Cody Gakpo,FW,96.77,8.89,84.68,7.55,Z073,33.35,7.71,0,0,left_wing,final_third_outside_box,right_foot,normal,open_play,1,0,3.19,3,0,0.0017,1,0,0
SYN_SHOT_000930,synthetic_modelled_not_official_event_data,2024-25,Liverpool,Premier League,LIV_PL_2024_25_37,37,2025-05-04,West Ham United,home,57,28,drawing,Diogo Jota,FW,94.76,25.68,82.91,21.83,Z075,25.22,14.56,0,0,left_half_space,final_third_outside_box,right_foot,volley,open_play,1,0,6.13,3,0,0.0062,1,0,0
SYN_SHOT_000931,synthetic_modelled_not_official_event_data,2024-25,Liverpool,Premier League,LIV_PL_2024_25_27,27,2025-02-22,Everton,home,49,12,winning,Luis Díaz,FW,109.33,31.54,95.66,26.81,Z084,11.78,28.57,1,0,central,penalty_area,right_foot,volley,counter_attack,1,0,0.5,1,0,0.1203,0,0,0
SYN_SHOT_000932,synthetic_modelled_not_official_event_data,2024-25,Liverpool,Premier League,LIV_PL_2024_25_20,20,2025-01-02,Arsenal,away,90,8,losing,Darwin Núñez,FW,119.5,74.67,104.56,63.47,Z096,29.47,0.21,0,0,right_wing,wide_final_third,right_foot,normal,open_play,1,0,4.45,3,0,0.0019,0,0,0
SYN_SHOT_000933,synthetic_modelled_not_official_event_data,2024-25,Liverpool,Premier League,LIV_PL_2024_25_16,16,2024-12-06,Southampton,away,53,23,losing,Alexis Mac Allister,MF,104.5,65.74,91.44,55.88,Z087,25.74,8.69,0,0,right_wing,wide_final_third,left_foot,normal,open_play,0,0,0.5,2,0,0.0064,0,0,0
SYN_SHOT_000934,synthetic_modelled_not_official_event_data,2024-25,Liverpool,Premier League,LIV_PL_2024_25_05,5,2024-09-18,Brighton,home,95,16,drawing,Federico Chiesa,FW,107.76,1.0,94.29,0.85,Z081,34.84,3.74,0,0,left_wing,wide_final_third,other,normal,open_play,0,0,2.01,1,0,0.0008,0,0,0
SYN_SHOT_000935,synthetic_modelled_not_official_event_data,2024-25,Liverpool,Premier League,LIV_PL_2024_25_06,6,2024-09-25,Chelsea,away,46,48,winning,James Norris,DF,119.5,25.68,104.56,21.83,Z091,12.18,1.36,1,0,left_half_space,penalty_area,head,normal,corner,1,0,3.08,1,0,0.0207,0,0,0
SYN_SHOT_000936,synthetic_modelled_not_official_event_data,2024-25,Liverpool,Premier League,LIV_PL_2024_25_31,31,2025-03-19,Manchester City,home,24,13,winning,Tyler Morton,MF,103.59,54.51,90.64,46.34,Z086,18.93,16.94,1,0,right_half_space,penalty_area,head,first_time,open_play,0,0,4.09,5,0,0.0204,0,0,0
SYN_SHOT_000937,synthetic_modelled_not_official_event_data,2024-25,Liverpool,Premier League,LIV_PL_2024_25_24,24,2025-01-31,Brighton,away,9,20,drawing,Mohamed Salah,FW,119.5,39.41,104.56,33.5,Z092,0.67,166.11,1,1,central,six_yard_box,left_foot,volley,counter_attack,0,1,7.84,1,1,0.985,1,1,1
SYN_SHOT_000938,synthetic_modelled_not_official_event_data,2024-25,Liverpool,Premier League,LIV_PL_2024_25_29,29,2025-03-08,Ipswich Town,home,91,19,winning,Cody Gakpo,FW,89.4,36.86,78.23,31.33,Z068,26.9,15.42,0,0,central,final_third_outside_box,right_foot,normal,free_kick_indirect,1,0,5.86,0,0,0.0119,0,0,0
SYN_SHOT_000939,synthetic_modelled_not_official_event_data,2024-25,Liverpool,Premier League,LIV_PL_2024_25_23,23,2025-01-26,Brentford,home,9,1,drawing,Mohamed Salah,FW,72.39,47.9,63.34,40.72,Z061,42.19,9.79,0,0,central,middle_third,right_foot,normal,open_play,0,0,2.34,1,0,0.0017,0,0,0
SYN_SHOT_000940,synthetic_modelled_not_official_event_data,2024-25,Liverpool,Premier League,LIV_PL_2024_25_35,35,2025-04-17,Southampton,home,95,25,drawing,Ryan Gravenberch,MF,114.63,35.11,100.3,29.85,Z092,6.27,52.98,1,1,central,six_yard_box,head,half_volley,open_play,0,0,3.37,1,1,0.7962,1,1,1
SYN_SHOT_000941,synthetic_modelled_not_official_event_data,2024-25,Liverpool,Premier League,LIV_PL_2024_25_12,12,2024-11-10,Manchester City,away,87,51,winning,Mohamed Salah,FW,116.9,4.76,102.29,4.05,Z089,30.08,1.28,0,0,left_wing,wide_final_third,right_foot,normal,open_play,0,0,2.19,2,0,0.004,0,0,0
SYN_SHOT_000942,synthetic_modelled_not_official_event_data,2024-25,Liverpool,Premier League,LIV_PL_2024_25_13,13,2024-11-15,Manchester United,home,32,34,losing,Luis Díaz,FW,86.8,6.96,75.95,5.92,Z065,40.4,7.48,0,0,left_wing,final_third_outside_box,right_foot,normal,open_play,0,0,2.86,1,0,0.0012,0,0,0
SYN_SHOT_000943,synthetic_modelled_not_official_event_data,2024-25,Liverpool,Premier League,LIV_PL_2024_25_15,15,2024-12-01,Nottingham Forest,home,61,39,drawing,Luis Díaz,FW,108.54,77.64,94.97,66.0,Z088,33.53,3.78,0,0,right_wing,wide_final_third,right_foot,volley,counter_attack,0,0,2.85,1,0,0.003,1,0,0
SYN_SHOT_000944,synthetic_modelled_not_official_event_data,2024-25,Liverpool,Premier League,LIV_PL_2024_25_12,12,2024-11-09,Manchester City,away,41,49,losing,Mohamed Salah,FW,96.94,26.48,84.82,22.51,Z075,23.22,15.69,0,0,left_half_space,final_third_outside_box,left_foot,normal,open_play,1,0,2.1,2,0,0.0099,0,0,0
SYN_SHOT_000945,synthetic_modelled_not_official_event_data,2024-25,Liverpool,Premier League,LIV_PL_2024_25_03,3,2024-09-04,Bournemouth,home,40,16,drawing,Dominik Szoboszlai,MF,105.01,34.37,91.88,29.21,Z084,13.96,27.87,1,0,central,penalty_area,head,first_time,corner,0,0,3.05,1,0,0.0763,1,0,0
SYN_SHOT_000946,synthetic_modelled_not_official_event_data,2024-25,Liverpool,Premier League,LIV_PL_2024_25_05,5,2024-09-18,Brighton,home,73,45,drawing,Mohamed Salah,FW,110.14,40.51,96.37,34.43,Z093,8.64,45.9,1,0,central,six_yard_box,right_foot,normal,high_press_recovery,0,0,5.34,2,0,0.4897,1,0,0
SYN_SHOT_000947,synthetic_modelled_not_official_event_data,2024-25,Liverpool,Premier League,LIV_PL_2024_25_12,12,2024-11-08,Manchester City,away,21,58,losing,Mohamed Salah,FW,91.77,39.92,80.3,33.93,Z076,24.7,16.86,0,0,central,final_third_outside_box,left_foot,normal,counter_attack,0,0,4.08,4,0,0.0173,1,0,0
SYN_SHOT_000948,synthetic_modelled_not_official_event_data,2024-25,Liverpool,Premier League,LIV_PL_2024_25_38,38,2025-05-07,Wolverhampton Wanderers,away,51,26,drawing,Cody Gakpo,FW,113.72,5.07,99.51,4.31,Z089,30.19,2.56,0,0,left_wing,wide_final_third,right_foot,normal,open_play,1,0,2.45,1,0,0.0024,0,0,0
SYN_SHOT_000949,synthetic_modelled_not_official_event_data,2024-25,Liverpool,Premier League,LIV_PL_2024_25_04,4,2024-09-13,Brentford,away,54,51,winning,Cody Gakpo,FW,116.25,19.65,101.72,16.7,Z090,17.61,4.63,1,0,left_wing,wide_final_third,head,normal,corner,1,1,4.05,1,1,0.0599,0,0,0
SYN_SHOT_000950,synthetic_modelled_not_official_event_data,2024-25,Liverpool,Premier League,LIV_PL_2024_25_06,6,2024-09-26,Chelsea,away,80,24,losing,Mohamed Salah,FW,90.52,10.03,79.21,8.52,Z074,36.25,8.26,0,0,left_wing,final_third_outside_box,head,power,open_play,0,0,0.9,2,0,0.0016,0,0,0
SYN_SHOT_000951,synthetic_modelled_not_official_event_data,2024-25,Liverpool,Premier League,LIV_PL_2024_25_11,11,2024-11-02,Leicester City,home,23,50,winning,Jayden Danns,FW,108.6,43.67,95.03,37.12,Z085,10.45,37.3,1,0,central,penalty_area,right_foot,normal,open_play,1,0,0.64,1,0,0.1504,0,0,0
SYN_SHOT_000952,synthetic_modelled_not_official_event_data,2024-25,Liverpool,Premier League,LIV_PL_2024_25_22,22,2025-01-15,Bournemouth,away,57,43,drawing,Cody Gakpo,FW,101.32,27.06,88.66,23.0,Z083,19.7,17.71,1,0,left_half_space,penalty_area,left_foot,normal,open_play,1,0,5.41,0,0,0.0514,0,0,0
SYN_SHOT_000953,synthetic_modelled_not_official_event_data,2024-25,Liverpool,Premier League,LIV_PL_2024_25_30,30,2025-03-12,Leicester City,away,6,59,drawing,Cody Gakpo,FW,77.69,28.95,67.98,24.61,Z059,38.19,10.62,0,0,left_half_space,middle_third,left_foot,normal,open_play,1,0,1.78,3,0,0.0008,1,0,0
SYN_SHOT_000954,synthetic_modelled_not_official_event_data,2024-25,Liverpool,Premier League,LIV_PL_2024_25_27,27,2025-02-19,Everton,home,4,6,losing,Cody Gakpo,FW,97.1,65.96,84.96,56.06,Z079,29.8,9.52,0,0,right_wing,final_third_outside_box,right_foot,normal,open_play,0,0,1.13,6,0,0.0029,0,0,0
SYN_SHOT_000955,synthetic_modelled_not_official_event_data,2024-25,Liverpool,Premier League,LIV_PL_2024_25_14,14,2024-11-20,Newcastle United,away,64,15,drawing,Cody Gakpo,FW,106.57,34.27,93.25,29.13,Z084,12.72,30.1,1,0,central,penalty_area,left_foot,normal,open_play,0,0,4.74,1,0,0.2046,1,0,0
SYN_SHOT_000956,synthetic_modelled_not_official_event_data,2024-25,Liverpool,Premier League,LIV_PL_2024_25_36,36,2025-04-24,Tottenham Hotspur,away,11,40,drawing,Luis Díaz,FW,100.77,79.0,88.17,67.15,Z088,37.18,5.14,0,0,right_wing,wide_final_third,head,normal,open_play,0,0,4.6,1,0,0.0014,0,0,0
SYN_SHOT_000957,synthetic_modelled_not_official_event_data,2024-25,Liverpool,Premier League,LIV_PL_2024_25_20,20,2025-01-02,Arsenal,away,27,26,winning,Cody Gakpo,FW,106.44,44.18,93.14,37.55,Z085,12.38,31.82,1,0,central,penalty_area,left_foot,first_time,high_press_recovery,0,0,0.77,1,0,0.1958,0,0,0
SYN_SHOT_000958,synthetic_modelled_not_official_event_data,2024-25,Liverpool,Premier League,LIV_PL_2024_25_10,10,2024-10-27,Ipswich Town,away,79,23,losing,Diogo Jota,FW,100.34,16.72,87.8,14.21,Z082,26.22,10.58,0,0,left_wing,wide_final_third,right_foot,normal,open_play,0,0,4.35,2,0,0.0107,0,0,0
SYN_SHOT_000959,synthetic_modelled_not_official_event_data,2024-25,Liverpool,Premier League,LIV_PL_2024_25_29,29,2025-03-07,Ipswich Town,home,71,52,drawing,Mohamed Salah,FW,104.9,53.06,91.79,45.11,Z086,17.26,18.78,1,0,right_half_space,penalty_area,left_foot,normal,open_play,1,0,0.5,1,0,0.0488,0,0,0
SYN_SHOT_000960,synthetic_modelled_not_official_event_data,2024-25,Liverpool,Premier League,LIV_PL_2024_25_22,22,2025-01-17,Bournemouth,away,95,29,drawing,Mohamed Salah,FW,111.09,34.0,97.21,28.9,Z092,9.31,37.88,1,0,central,six_yard_box,left_foot,volley,open_play,1,0,3.27,1,0,0.293,1,0,0
SYN_SHOT_000961,synthetic_modelled_not_official_event_data,2024-25,Liverpool,Premier League,LIV_PL_2024_25_25,25,2025-02-09,Chelsea,home,46,52,losing,Mohamed Salah,FW,110.69,79.0,96.85,67.15,Z096,34.14,2.96,0,0,right_wing,wide_final_third,left_foot,power,open_play,0,0,5.59,6,0,0.0023,1,0,0
SYN_SHOT_000962,synthetic_modelled_not_official_event_data,2024-25,Liverpool,Premier League,LIV_PL_2024_25_09,9,2024-10-20,Fulham,home,39,33,winning,Cody Gakpo,FW,101.73,29.4,89.01,24.99,Z083,18.35,19.89,1,0,left_half_space,penalty_area,right_foot,normal,open_play,0,0,6.61,3,0,0.0457,0,0,0
SYN_SHOT_000963,synthetic_modelled_not_official_event_data,2024-25,Liverpool,Premier League,LIV_PL_2024_25_04,4,2024-09-11,Brentford,away,89,25,winning,Cody Gakpo,FW,99.05,43.46,86.67,36.94,Z077,18.56,22.05,0,0,central,final_third_outside_box,right_foot,curled,high_press_recovery,0,0,3.44,0,0,0.0605,0,0,0
SYN_SHOT_000964,synthetic_modelled_not_official_event_data,2024-25,Liverpool,Premier League,LIV_PL_2024_25_25,25,2025-02-05,Chelsea,home,64,31,drawing,Mohamed Salah,FW,112.89,2.36,98.78,2.01,Z089,32.59,2.48,0,0,left_wing,wide_final_third,right_foot,volley,open_play,0,0,4.24,3,0,0.0027,0,0,0
SYN_SHOT_000965,synthetic_modelled_not_official_event_data,2024-25,Liverpool,Premier League,LIV_PL_2024_25_37,37,2025-05-02,West Ham United,home,87,12,drawing,Mohamed Salah,FW,107.11,34.96,93.72,29.71,Z084,12.06,31.99,1,0,central,penalty_area,left_foot,power,open_play,0,0,4.16,3,0,0.1839,0,0,0
SYN_SHOT_000966,synthetic_modelled_not_official_event_data,2024-25,Liverpool,Premier League,LIV_PL_2024_25_24,24,2025-01-30,Brighton,away,89,41,losing,Trent Kone-Doherty,FW,110.14,44.55,96.38,37.87,Z093,9.45,39.73,1,0,central,six_yard_box,right_foot,half_volley,open_play,1,0,2.88,3,0,0.1206,1,0,0
SYN_SHOT_000967,synthetic_modelled_not_official_event_data,2024-25,Liverpool,Premier League,LIV_PL_2024_25_16,16,2024-12-08,Southampton,away,11,24,winning,Mohamed Salah,FW,93.56,39.16,81.86,33.29,Z076,23.15,17.96,0,0,central,final_third_outside_box,left_foot,normal,counter_attack,0,0,3.99,0,0,0.0421,0,0,0
SYN_SHOT_000968,synthetic_modelled_not_official_event_data,2024-25,Liverpool,Premier League,LIV_PL_2024_25_31,31,2025-03-20,Manchester City,home,75,45,winning,Mohamed Salah,FW,93.22,16.2,81.56,13.77,Z074,30.96,10.29,0,0,left_wing,final_third_outside_box,left_foot,curled,free_kick_indirect,0,0,2.47,1,0,0.0049,0,0,0
SYN_SHOT_000969,synthetic_modelled_not_official_event_data,2024-25,Liverpool,Premier League,LIV_PL_2024_25_27,27,2025-02-22,Everton,home,42,57,drawing,Luis Díaz,FW,111.51,53.94,97.57,45.85,Z094,13.99,16.62,1,0,right_half_space,penalty_area,right_foot,normal,open_play,1,0,2.97,1,0,0.0529,0,0,0
SYN_SHOT_000970,synthetic_modelled_not_official_event_data,2024-25,Liverpool,Premier League,LIV_PL_2024_25_38,38,2025-05-07,Wolverhampton Wanderers,away,77,9,winning,Diogo Jota,FW,119.5,42.37,104.56,36.02,Z093,2.06,160.68,1,1,central,six_yard_box,right_foot,placed,open_play,0,0,3.11,0,1,0.9649,1,1,1
SYN_SHOT_000971,synthetic_modelled_not_official_event_data,2024-25,Liverpool,Premier League,LIV_PL_2024_25_22,22,2025-01-19,Bournemouth,away,32,11,drawing,Mohamed Salah,FW,98.56,24.45,86.24,20.78,Z075,22.95,14.98,0,0,left_half_space,final_third_outside_box,left_foot,normal,throw_in,0,0,2.7,2,0,0.0141,1,1,1
SYN_SHOT_000972,synthetic_modelled_not_official_event_data,2024-25,Liverpool,Premier League,LIV_PL_2024_25_13,13,2024-11-13,Manchester United,home,52,41,losing,Mohamed Salah,FW,119.5,69.14,104.56,58.77,Z095,24.77,0.31,0,0,right_wing,wide_final_third,left_foot,normal,corner,1,0,2.04,1,0,0.0035,0,0,0
SYN_SHOT_000973,synthetic_modelled_not_official_event_data,2024-25,Liverpool,Premier League,LIV_PL_2024_25_22,22,2025-01-17,Bournemouth,away,25,34,losing,Diogo Jota,FW,83.49,7.71,73.05,6.55,Z065,42.12,7.57,0,0,left_wing,final_third_outside_box,other,power,open_play,0,0,2.24,1,0,0.0005,0,0,0
SYN_SHOT_000974,synthetic_modelled_not_official_event_data,2024-25,Liverpool,Premier League,LIV_PL_2024_25_15,15,2024-12-01,Nottingham Forest,home,49,50,drawing,Trey Nyoni,MF,119.5,48.32,104.56,41.08,Z093,7.09,4.97,1,1,central,six_yard_box,left_foot,power,open_play,0,0,3.0,2,0,0.24,1,0,0
SYN_SHOT_000975,synthetic_modelled_not_official_event_data,2024-25,Liverpool,Premier League,LIV_PL_2024_25_08,8,2024-10-11,Everton,away,40,58,losing,Curtis Jones,MF,89.73,51.96,78.52,44.17,Z070,28.37,13.76,0,0,right_half_space,final_third_outside_box,right_foot,power,open_play,0,0,4.48,1,0,0.007,0,0,0
SYN_SHOT_000976,synthetic_modelled_not_official_event_data,2024-25,Liverpool,Premier League,LIV_PL_2024_25_21,21,2025-01-10,Aston Villa,home,94,27,drawing,Dominik Szoboszlai,MF,107.57,25.55,94.12,21.72,Z083,16.41,17.29,1,0,left_half_space,penalty_area,right_foot,normal,corner,1,0,2.75,0,0,0.0349,0,0,0
SYN_SHOT_000977,synthetic_modelled_not_official_event_data,2024-25,Liverpool,Premier League,LIV_PL_2024_25_04,4,2024-09-11,Brentford,away,8,57,drawing,Mohamed Salah,FW,81.81,35.58,71.58,30.24,Z068,33.63,12.35,0,0,central,final_third_outside_box,left_foot,normal,open_play,1,0,4.42,2,0,0.0047,0,0,0
SYN_SHOT_000978,synthetic_modelled_not_official_event_data,2024-25,Liverpool,Premier League,LIV_PL_2024_25_36,36,2025-04-26,Tottenham Hotspur,away,28,37,winning,Mohamed Salah,FW,105.82,49.7,92.59,42.25,Z085,14.9,23.53,1,0,central,penalty_area,left_foot,volley,open_play,0,0,4.47,2,0,0.1309,0,0,0
SYN_SHOT_000979,synthetic_modelled_not_official_event_data,2024-25,Liverpool,Premier League,LIV_PL_2024_25_03,3,2024-09-04,Bournemouth,home,74,44,drawing,Mohamed Salah,FW,104.3,35.67,91.26,30.32,Z084,14.23,28.03,1,0,central,penalty_area,other,normal,free_kick_indirect,0,0,2.24,1,0,0.0712,1,0,0
SYN_SHOT_000980,synthetic_modelled_not_official_event_data,2024-25,Liverpool,Premier League,LIV_PL_2024_25_24,24,2025-01-31,Brighton,away,53,49,losing,Mohamed Salah,FW,119.5,44.01,104.56,37.41,Z093,3.44,116.37,1,1,central,six_yard_box,right_foot,volley,open_play,0,0,3.42,1,1,0.951,1,1,1
SYN_SHOT_000981,synthetic_modelled_not_official_event_data,2024-25,Liverpool,Premier League,LIV_PL_2024_25_25,25,2025-02-09,Chelsea,home,49,1,winning,Mohamed Salah,FW,100.6,46.2,88.02,39.27,Z085,17.77,22.33,0,0,central,penalty_area,right_foot,normal,open_play,0,0,0.5,4,0,0.0263,0,0,0
SYN_SHOT_000982,synthetic_modelled_not_official_event_data,2024-25,Liverpool,Premier League,LIV_PL_2024_25_22,22,2025-01-18,Bournemouth,away,42,55,drawing,Dominik Szoboszlai,MF,110.8,73.38,96.95,62.38,Z096,29.5,3.93,0,0,right_wing,wide_final_third,right_foot,curled,open_play,0,0,1.55,3,0,0.0023,0,0,0
SYN_SHOT_000983,synthetic_modelled_not_official_event_data,2024-25,Liverpool,Premier League,LIV_PL_2024_25_23,23,2025-01-22,Brentford,home,44,35,drawing,Mohamed Salah,FW,105.88,35.77,92.64,30.4,Z084,12.87,30.72,1,0,central,penalty_area,head,curled,corner,0,1,5.98,2,1,0.3602,0,0,0
SYN_SHOT_000984,synthetic_modelled_not_official_event_data,2024-25,Liverpool,Premier League,LIV_PL_2024_25_09,9,2024-10-17,Fulham,home,75,19,drawing,Joe Gomez,DF,113.15,28.97,99.01,24.63,Z091,11.12,21.68,1,0,left_half_space,penalty_area,head,power,corner,1,0,1.15,1,0,0.0333,1,0,0
SYN_SHOT_000985,synthetic_modelled_not_official_event_data,2024-25,Liverpool,Premier League,LIV_PL_2024_25_34,34,2025-04-13,Nottingham Forest,away,10,31,winning,Alexis Mac Allister,MF,115.75,56.7,101.28,48.2,Z094,14.68,7.67,1,0,right_half_space,penalty_area,head,normal,corner,1,0,5.44,3,0,0.0133,0,0,0
SYN_SHOT_000986,synthetic_modelled_not_official_event_data,2024-25,Liverpool,Premier League,LIV_PL_2024_25_18,18,2024-12-22,West Ham United,away,65,47,drawing,Luis Díaz,FW,99.79,50.56,87.32,42.98,Z078,19.83,18.82,0,0,right_half_space,final_third_outside_box,left_foot,normal,open_play,0,0,1.97,3,0,0.0117,0,0,0
SYN_SHOT_000987,synthetic_modelled_not_official_event_data,2024-25,Liverpool,Premier League,LIV_PL_2024_25_20,20,2025-01-04,Arsenal,away,88,51,winning,Cody Gakpo,FW,96.24,61.66,84.21,52.41,Z079,27.77,11.35,0,0,right_wing,final_third_outside_box,right_foot,normal,counter_attack,1,0,5.18,1,0,0.0074,0,0,0
SYN_SHOT_000988,synthetic_modelled_not_official_event_data,2024-25,Liverpool,Premier League,LIV_PL_2024_25_34,34,2025-04-10,Nottingham Forest,away,26,52,drawing,Mohamed Salah,FW,110.78,38.24,96.93,32.5,Z092,8.21,47.59,1,0,central,six_yard_box,left_foot,half_volley,open_play,1,0,0.5,1,0,0.3238,1,0,0
SYN_SHOT_000989,synthetic_modelled_not_official_event_data,2024-25,Liverpool,Premier League,LIV_PL_2024_25_16,16,2024-12-07,Southampton,away,53,30,losing,Diogo Jota,FW,118.05,19.6,103.29,16.66,Z090,17.42,2.47,1,0,left_wing,wide_final_third,left_foot,normal,open_play,0,0,4.66,1,0,0.0506,0,0,0
SYN_SHOT_000990,synthetic_modelled_not_official_event_data,2024-25,Liverpool,Premier League,LIV_PL_2024_25_01,1,2024-08-23,Arsenal,home,36,47,winning,Harvey Elliott,MF,103.14,35.5,90.25,30.18,Z084,15.24,26.26,1,0,central,penalty_area,left_foot,first_time,free_kick_indirect,0,0,2.64,1,0,0.0917,0,0,0
SYN_SHOT_000991,synthetic_modelled_not_official_event_data,2024-25,Liverpool,Premier League,LIV_PL_2024_25_36,36,2025-04-27,Tottenham Hotspur,away,67,4,winning,Mohamed Salah,FW,92.75,79.0,81.15,67.15,Z080,40.84,6.02,0,0,right_wing,final_third_outside_box,other,normal,open_play,0,0,1.33,2,0,0.0006,0,0,0
SYN_SHOT_000992,synthetic_modelled_not_official_event_data,2024-25,Liverpool,Premier League,LIV_PL_2024_25_20,20,2025-01-02,Arsenal,away,18,34,drawing,Dominik Szoboszlai,MF,111.32,47.44,97.4,40.33,Z093,9.89,33.39,1,0,central,six_yard_box,right_foot,normal,open_play,0,0,3.08,0,0,0.3112,0,0,0
SYN_SHOT_000993,synthetic_modelled_not_official_event_data,2024-25,Liverpool,Premier League,LIV_PL_2024_25_19,19,2024-12-26,Wolverhampton Wanderers,home,55,1,winning,Mohamed Salah,FW,91.76,28.54,80.29,24.26,Z075,26.56,14.65,0,0,left_half_space,final_third_outside_box,left_foot,volley,high_press_recovery,0,0,3.31,3,0,0.0092,0,0,0
SYN_SHOT_000994,synthetic_modelled_not_official_event_data,2024-25,Liverpool,Premier League,LIV_PL_2024_25_01,1,2024-08-23,Arsenal,home,25,16,winning,Mohamed Salah,FW,106.7,57.78,93.36,49.12,Z086,19.08,13.66,1,0,right_half_space,penalty_area,head,power,open_play,1,0,1.75,2,0,0.022,0,0,0
SYN_SHOT_000995,synthetic_modelled_not_official_event_data,2024-25,Liverpool,Premier League,LIV_PL_2024_25_01,1,2024-08-23,Arsenal,home,31,43,winning,Darwin Núñez,FW,90.22,10.73,78.95,9.12,Z074,36.03,8.44,0,0,left_wing,final_third_outside_box,other,normal,open_play,1,0,2.38,2,0,0.0006,0,0,0
SYN_SHOT_000996,synthetic_modelled_not_official_event_data,2024-25,Liverpool,Premier League,LIV_PL_2024_25_17,17,2024-12-12,Tottenham Hotspur,home,34,50,winning,Mohamed Salah,FW,99.91,39.73,87.42,33.77,Z076,17.58,23.52,0,0,central,final_third_outside_box,right_foot,normal,direct_free_kick,0,0,2.8,2,0,0.0338,0,0,0
SYN_SHOT_000997,synthetic_modelled_not_official_event_data,2024-25,Liverpool,Premier League,LIV_PL_2024_25_19,19,2024-12-27,Wolverhampton Wanderers,home,82,0,winning,Mohamed Salah,FW,108.71,65.1,95.12,55.34,Z087,23.51,7.63,0,0,right_wing,wide_final_third,left_foot,volley,open_play,0,0,4.53,0,0,0.0179,1,0,0
SYN_SHOT_000998,synthetic_modelled_not_official_event_data,2024-25,Liverpool,Premier League,LIV_PL_2024_25_21,21,2025-01-11,Aston Villa,home,53,54,winning,Ryan Gravenberch,MF,119.5,47.48,104.56,40.35,Z093,6.37,6.72,1,1,central,six_yard_box,right_foot,normal,open_play,0,0,3.8,4,0,0.2865,0,0,0
SYN_SHOT_000999,synthetic_modelled_not_official_event_data,2024-25,Liverpool,Premier League,LIV_PL_2024_25_32,32,2025-03-26,Manchester United,away,14,44,drawing,Ryan Gravenberch,MF,96.62,79.0,84.55,67.15,Z080,38.95,5.69,0,0,right_wing,final_third_outside_box,right_foot,normal,open_play,0,0,3.23,0,0,0.002,0,0,0
SYN_SHOT_001000,synthetic_modelled_not_official_event_data,2024-25,Liverpool,Premier League,LIV_PL_2024_25_19,19,2024-12-25,Wolverhampton Wanderers,home,33,45,drawing,Diogo Jota,FW,98.43,69.55,86.12,59.11,Z079,31.42,8.08,0,0,right_wing,final_third_outside_box,right_foot,power,open_play,0,0,5.18,1,0,0.0054,0,0,0
SYN_SHOT_001001,synthetic_modelled_not_official_event_data,2024-25,Liverpool,Premier League,LIV_PL_2024_25_02,2,2024-08-30,Aston Villa,away,21,46,winning,Dominik Szoboszlai,MF,108.83,56.05,95.22,47.65,Z086,16.79,14.93,1,0,right_half_space,penalty_area,left_foot,curled,open_play,0,0,2.28,1,0,0.0478,1,0,0
SYN_SHOT_001002,synthetic_modelled_not_official_event_data,2024-25,Liverpool,Premier League,LIV_PL_2024_25_33,33,2025-04-02,Newcastle United,home,95,16,losing,Mohamed Salah,FW,111.29,39.65,97.38,33.71,Z092,7.63,51.26,1,0,central,six_yard_box,left_foot,normal,open_play,0,0,1.2,1,0,0.4503,1,1,1
SYN_SHOT_001003,synthetic_modelled_not_official_event_data,2024-25,Liverpool,Premier League,LIV_PL_2024_25_12,12,2024-11-08,Manchester City,away,68,19,winning,Mohamed Salah,FW,106.77,24.35,93.43,20.7,Z083,17.63,15.9,1,0,left_half_space,penalty_area,right_foot,volley,high_press_recovery,0,1,6.03,2,1,0.2876,1,0,0
SYN_SHOT_001004,synthetic_modelled_not_official_event_data,2024-25,Liverpool,Premier League,LIV_PL_2024_25_21,21,2025-01-08,Aston Villa,home,20,46,winning,Mohamed Salah,FW,107.83,79.0,94.35,67.15,Z088,34.82,3.72,0,0,right_wing,wide_final_third,left_foot,half_volley,high_press_recovery,0,0,1.38,2,0,0.0029,0,0,0
SYN_SHOT_001005,synthetic_modelled_not_official_event_data,2024-25,Liverpool,Premier League,LIV_PL_2024_25_25,25,2025-02-09,Chelsea,home,25,32,winning,Ibrahima Konaté,DF,115.7,32.48,101.24,27.61,Z092,7.42,33.5,1,1,central,six_yard_box,head,normal,corner,1,0,2.03,0,1,0.4609,1,1,1
SYN_SHOT_001006,synthetic_modelled_not_official_event_data,2024-25,Liverpool,Premier League,LIV_PL_2024_25_32,32,2025-03-28,Manchester United,away,5,6,drawing,Tyler Morton,MF,105.22,16.58,92.07,14.09,Z082,23.74,9.76,1,0,left_wing,wide_final_third,right_foot,normal,open_play,0,0,5.03,2,0,0.0227,1,0,0
SYN_SHOT_001007,synthetic_modelled_not_official_event_data,2024-25,Liverpool,Premier League,LIV_PL_2024_25_12,12,2024-11-07,Manchester City,away,84,27,drawing,Diogo Jota,FW,116.16,42.95,101.64,36.51,Z093,4.19,80.34,1,1,central,six_yard_box,head,curled,open_play,0,0,4.6,1,1,0.9143,1,1,1
SYN_SHOT_001008,synthetic_modelled_not_official_event_data,2024-25,Liverpool,Premier League,LIV_PL_2024_25_37,37,2025-04-30,West Ham United,home,28,42,winning,Curtis Jones,MF,80.15,46.63,70.13,39.64,Z069,35.32,11.68,0,0,central,final_third_outside_box,right_foot,normal,open_play,0,0,2.53,2,0,0.0028,0,0,0
SYN_SHOT_001009,synthetic_modelled_not_official_event_data,2024-25,Liverpool,Premier League,LIV_PL_2024_25_18,18,2024-12-18,West Ham United,away,78,24,winning,Mohamed Salah,FW,94.46,40.43,82.66,34.37,Z077,22.35,18.6,0,0,central,final_third_outside_box,right_foot,normal,open_play,0,0,2.83,3,0,0.0139,1,0,0
SYN_SHOT_001010,synthetic_modelled_not_official_event_data,2024-25,Liverpool,Premier League,LIV_PL_2024_25_38,38,2025-05-10,Wolverhampton Wanderers,away,12,10,drawing,Luis Díaz,FW,106.59,54.53,93.26,46.35,Z086,17.04,17.24,1,0,right_half_space,penalty_area,left_foot,volley,counter_attack,0,1,6.63,1,1,0.2859,1,1,1
SYN_SHOT_001011,synthetic_modelled_not_official_event_data,2024-25,Liverpool,Premier League,LIV_PL_2024_25_26,26,2025-02-16,Crystal Palace,away,79,4,drawing,Darwin Núñez,FW,99.22,1.0,86.81,0.85,Z073,37.81,5.37,0,0,left_wing,final_third_outside_box,right_foot,power,open_play,1,0,3.86,2,0,0.0014,0,0,0
SYN_SHOT_001012,synthetic_modelled_not_official_event_data,2024-25,Liverpool,Premier League,LIV_PL_2024_25_13,13,2024-11-13,Manchester United,home,85,4,drawing,Dominik Szoboszlai,MF,95.84,33.52,83.86,28.49,Z076,21.85,18.45,0,0,central,final_third_outside_box,right_foot,normal,direct_free_kick,0,0,2.69,4,0,0.0089,0,0,0
SYN_SHOT_001013,synthetic_modelled_not_official_event_data,2024-25,Liverpool,Premier League,LIV_PL_2024_25_06,6,2024-09-25,Chelsea,away,37,48,drawing,Mohamed Salah,FW,94.7,34.71,82.86,29.5,Z076,22.59,18.06,0,0,central,final_third_outside_box,head,chip,high_press_recovery,0,0,1.15,4,0,0.0099,0,0,0
SYN_SHOT_001014,synthetic_modelled_not_official_event_data,2024-25,Liverpool,Premier League,LIV_PL_2024_25_26,26,2025-02-15,Crystal Palace,away,25,30,losing,Federico Chiesa,FW,109.05,28.35,95.42,24.09,Z083,13.78,21.67,1,0,left_half_space,penalty_area,right_foot,chip,open_play,1,0,0.76,1,0,0.0586,0,0,0
SYN_SHOT_001015,synthetic_modelled_not_official_event_data,2024-25,Liverpool,Premier League,LIV_PL_2024_25_19,19,2024-12-26,Wolverhampton Wanderers,home,21,3,winning,Mohamed Salah,FW,97.68,7.58,85.47,6.44,Z073,33.77,7.23,0,0,left_wing,final_third_outside_box,left_foot,normal,open_play,0,0,2.31,3,0,0.002,0,0,0
SYN_SHOT_001016,synthetic_modelled_not_official_event_data,2024-25,Liverpool,Premier League,LIV_PL_2024_25_21,21,2025-01-09,Aston Villa,home,18,35,drawing,Diogo Jota,FW,89.65,32.29,78.44,27.45,Z068,27.35,14.82,0,0,central,final_third_outside_box,head,volley,open_play,0,0,3.31,2,0,0.0088,1,1,1
SYN_SHOT_001017,synthetic_modelled_not_official_event_data,2024-25,Liverpool,Premier League,LIV_PL_2024_25_14,14,2024-11-20,Newcastle United,away,82,33,drawing,Trey Nyoni,MF,108.0,40.0,94.5,34.0,Z085,10.5,38.43,1,0,central,penalty_area,right_foot,normal,penalty,0,0,2.05,2,1,0.9677,1,1,1
SYN_SHOT_001018,synthetic_modelled_not_official_event_data,2024-25,Liverpool,Premier League,LIV_PL_2024_25_03,3,2024-09-08,Bournemouth,home,49,32,winning,Mohamed Salah,FW,92.17,26.42,80.65,22.45,Z075,26.95,14.04,0,0,left_half_space,final_third_outside_box,left_foot,placed,direct_free_kick,0,0,4.81,3,0,0.0058,0,0,0
SYN_SHOT_001019,synthetic_modelled_not_official_event_data,2024-25,Liverpool,Premier League,LIV_PL_2024_25_07,7,2024-10-02,Crystal Palace,home,60,18,winning,Cody Gakpo,FW,101.66,69.06,88.96,58.7,Z087,29.45,7.83,0,0,right_wing,wide_final_third,right_foot,normal,counter_attack,1,0,3.59,3,0,0.0035,0,0,0
SYN_SHOT_001020,synthetic_modelled_not_official_event_data,2024-25,Liverpool,Premier League,LIV_PL_2024_25_12,12,2024-11-06,Manchester City,away,62,9,losing,Cody Gakpo,FW,111.01,51.62,97.14,43.88,Z094,12.63,21.51,1,0,right_half_space,penalty_area,right_foot,normal,open_play,0,0,1.36,1,0,0.1018,0,0,0
SYN_SHOT_001021,synthetic_modelled_not_official_event_data,2024-25,Liverpool,Premier League,LIV_PL_2024_25_19,19,2024-12-29,Wolverhampton Wanderers,home,4,1,drawing,Mohamed Salah,FW,96.27,37.08,84.24,31.52,Z076,20.91,19.73,0,0,central,final_third_outside_box,left_foot,normal,open_play,0,0,2.29,4,0,0.017,0,0,0
SYN_SHOT_001022,synthetic_modelled_not_official_event_data,2024-25,Liverpool,Premier League,LIV_PL_2024_25_09,9,2024-10-18,Fulham,home,18,4,winning,Mohamed Salah,FW,90.77,22.2,79.42,18.87,Z075,29.72,12.15,0,0,left_half_space,final_third_outside_box,left_foot,normal,open_play,0,0,2.03,1,0,0.0059,1,0,0
SYN_SHOT_001023,synthetic_modelled_not_official_event_data,2024-25,Liverpool,Premier League,LIV_PL_2024_25_21,21,2025-01-09,Aston Villa,home,77,41,drawing,Mohamed Salah,FW,113.82,36.47,99.59,31.0,Z092,6.18,57.88,1,1,central,six_yard_box,left_foot,curled,high_press_recovery,0,0,3.82,1,1,0.9264,1,1,1
SYN_SHOT_001024,synthetic_modelled_not_official_event_data,2024-25,Liverpool,Premier League,LIV_PL_2024_25_20,20,2025-01-05,Arsenal,away,61,25,losing,Luis Díaz,FW,119.5,47.6,104.56,40.46,Z093,6.48,6.4,1,1,central,six_yard_box,right_foot,half_volley,open_play,1,0,4.68,2,0,0.3418,1,0,0
SYN_SHOT_001025,synthetic_modelled_not_official_event_data,2024-25,Liverpool,Premier League,LIV_PL_2024_25_09,9,2024-10-18,Fulham,home,6,8,drawing,Cody Gakpo,FW,113.49,34.51,99.3,29.33,Z092,7.36,45.6,1,0,central,six_yard_box,right_foot,normal,open_play,0,1,4.86,3,1,0.6716,1,0,0
SYN_SHOT_001026,synthetic_modelled_not_official_event_data,2024-25,Liverpool,Premier League,LIV_PL_2024_25_19,19,2024-12-25,Wolverhampton Wanderers,home,75,28,drawing,Luis Díaz,FW,96.01,43.53,84.01,37.0,Z077,21.21,19.4,0,0,central,final_third_outside_box,right_foot,half_volley,open_play,1,0,0.5,2,0,0.0144,0,0,0
SYN_SHOT_001027,synthetic_modelled_not_official_event_data,2024-25,Liverpool,Premier League,LIV_PL_2024_25_37,37,2025-05-02,West Ham United,home,1,11,drawing,Mohamed Salah,FW,89.32,54.3,78.16,46.16,Z070,29.47,12.94,0,0,right_half_space,final_third_outside_box,right_foot,normal,free_kick_indirect,1,0,3.19,2,0,0.006,0,0,0
SYN_SHOT_001028,synthetic_modelled_not_official_event_data,2024-25,Liverpool,Premier League,LIV_PL_2024_25_35,35,2025-04-18,Southampton,home,65,22,drawing,Trent Alexander-Arnold,DF,101.24,40.5,88.59,34.43,Z085,16.42,25.13,1,0,central,penalty_area,left_foot,normal,free_kick_indirect,0,0,0.5,2,0,0.0783,0,0,0
SYN_SHOT_001029,synthetic_modelled_not_official_event_data,2024-25,Liverpool,Premier League,LIV_PL_2024_25_32,32,2025-03-28,Manchester United,away,37,58,winning,Luis Díaz,FW,108.51,43.91,94.95,37.32,Z085,10.59,36.7,1,0,central,penalty_area,right_foot,power,counter_attack,0,0,0.5,1,0,0.2716,1,0,0
SYN_SHOT_001030,synthetic_modelled_not_official_event_data,2024-25,Liverpool,Premier League,LIV_PL_2024_25_04,4,2024-09-13,Brentford,away,6,14,losing,Mohamed Salah,FW,100.15,50.86,87.63,43.23,Z086,19.67,18.8,0,0,right_half_space,penalty_area,left_foot,power,high_press_recovery,0,0,2.43,1,0,0.0267,0,0,0
SYN_SHOT_001031,synthetic_modelled_not_official_event_data,2024-25,Liverpool,Premier League,LIV_PL_2024_25_31,31,2025-03-21,Manchester City,home,37,38,winning,Dominik Szoboszlai,MF,107.63,38.17,94.18,32.44,Z084,10.93,36.73,1,0,central,penalty_area,left_foot,first_time,free_kick_indirect,0,0,3.71,3,0,0.1816,1,1,1
SYN_SHOT_001032,synthetic_modelled_not_official_event_data,2024-25,Liverpool,Premier League,LIV_PL_2024_25_09,9,2024-10-18,Fulham,home,10,13,drawing,Trent Kone-Doherty,FW,107.8,41.46,94.33,35.24,Z085,10.74,37.44,1,0,central,penalty_area,head,normal,throw_in,0,0,2.61,2,0,0.1347,1,1,1
SYN_SHOT_001033,synthetic_modelled_not_official_event_data,2024-25,Liverpool,Premier League,LIV_PL_2024_25_09,9,2024-10-20,Fulham,home,73,15,losing,Cody Gakpo,FW,100.17,64.94,87.65,55.2,Z087,27.39,9.78,0,0,right_wing,wide_final_third,head,normal,throw_in,0,0,0.71,4,0,0.0024,0,0,0
SYN_SHOT_001034,synthetic_modelled_not_official_event_data,2024-25,Liverpool,Premier League,LIV_PL_2024_25_27,27,2025-02-23,Everton,home,80,12,drawing,Trent Alexander-Arnold,DF,114.43,36.82,100.12,31.3,Z092,5.58,63.64,1,1,central,six_yard_box,right_foot,curled,open_play,1,0,0.97,5,0,0.5229,1,1,1
SYN_SHOT_001035,synthetic_modelled_not_official_event_data,2024-25,Liverpool,Premier League,LIV_PL_2024_25_24,24,2025-01-29,Brighton,away,23,51,drawing,Curtis Jones,MF,117.33,27.31,102.66,23.22,Z091,11.04,8.98,1,0,left_half_space,penalty_area,right_foot,half_volley,open_play,0,0,0.5,0,0,0.0851,0,0,0
SYN_SHOT_001036,synthetic_modelled_not_official_event_data,2024-25,Liverpool,Premier League,LIV_PL_2024_25_01,1,2024-08-25,Arsenal,home,2,10,drawing,Luis Díaz,FW,116.2,79.0,101.67,67.15,Z096,33.32,1.27,0,0,right_wing,wide_final_third,head,normal,open_play,1,0,3.71,3,0,0.0009,0,0,0
SYN_SHOT_001037,synthetic_modelled_not_official_event_data,2024-25,Liverpool,Premier League,LIV_PL_2024_25_14,14,2024-11-21,Newcastle United,away,44,7,winning,Darwin Núñez,FW,105.6,56.25,92.4,47.82,Z086,18.7,15.34,1,0,right_half_space,penalty_area,right_foot,placed,open_play,1,0,3.98,0,0,0.0484,0,0,0
SYN_SHOT_001038,synthetic_modelled_not_official_event_data,2024-25,Liverpool,Premier League,LIV_PL_2024_25_32,32,2025-03-30,Manchester United,away,95,0,losing,Cody Gakpo,FW,101.84,53.91,89.11,45.82,Z086,19.81,17.07,1,0,right_half_space,penalty_area,right_foot,power,open_play,1,0,3.54,1,0,0.0392,0,0,0
SYN_SHOT_001039,synthetic_modelled_not_official_event_data,2024-25,Liverpool,Premier League,LIV_PL_2024_25_19,19,2024-12-27,Wolverhampton Wanderers,home,85,13,losing,Luis Díaz,FW,112.76,29.68,98.67,25.23,Z091,10.82,24.1,1,0,left_half_space,penalty_area,head,normal,free_kick_indirect,1,0,3.48,2,0,0.0812,0,0,0
SYN_SHOT_001040,synthetic_modelled_not_official_event_data,2024-25,Liverpool,Premier League,LIV_PL_2024_25_05,5,2024-09-20,Brighton,home,71,13,drawing,Dominik Szoboszlai,MF,108.64,33.41,95.06,28.4,Z084,11.41,31.94,1,0,central,penalty_area,left_foot,normal,free_kick_indirect,1,0,5.36,3,0,0.1124,0,0,0
SYN_SHOT_001041,synthetic_modelled_not_official_event_data,2024-25,Liverpool,Premier League,LIV_PL_2024_25_38,38,2025-05-08,Wolverhampton Wanderers,away,24,3,winning,Mohamed Salah,FW,97.6,27.69,85.4,23.54,Z075,22.22,16.63,0,0,left_half_space,final_third_outside_box,left_foot,normal,open_play,1,0,2.72,2,0,0.0114,0,0,0
SYN_SHOT_001042,synthetic_modelled_not_official_event_data,2024-25,Liverpool,Premier League,LIV_PL_2024_25_18,18,2024-12-20,West Ham United,away,20,10,winning,Trent Alexander-Arnold,DF,110.67,52.0,96.83,44.2,Z094,13.07,20.8,1,0,right_half_space,penalty_area,right_foot,normal,high_press_recovery,0,0,4.69,2,0,0.0893,0,0,0
SYN_SHOT_001043,synthetic_modelled_not_official_event_data,2024-25,Liverpool,Premier League,LIV_PL_2024_25_12,12,2024-11-10,Manchester City,away,91,8,winning,Cody Gakpo,FW,102.17,30.75,89.4,26.13,Z084,17.47,21.37,1,0,central,penalty_area,right_foot,placed,open_play,0,0,4.83,3,0,0.0527,0,0,0
SYN_SHOT_001044,synthetic_modelled_not_official_event_data,2024-25,Liverpool,Premier League,LIV_PL_2024_25_19,19,2024-12-29,Wolverhampton Wanderers,home,19,44,drawing,Diogo Jota,FW,92.55,45.82,80.98,38.94,Z077,24.52,16.65,0,0,central,final_third_outside_box,left_foot,normal,throw_in,0,0,1.31,2,0,0.015,0,0,0
SYN_SHOT_001045,synthetic_modelled_not_official_event_data,2024-25,Liverpool,Premier League,LIV_PL_2024_25_18,18,2024-12-18,West Ham United,away,10,33,drawing,Mohamed Salah,FW,92.47,68.27,80.91,58.03,Z079,34.02,8.76,0,0,right_wing,final_third_outside_box,left_foot,normal,direct_free_kick,1,0,2.22,0,0,0.0023,0,0,0
SYN_SHOT_001046,synthetic_modelled_not_official_event_data,2024-25,Liverpool,Premier League,LIV_PL_2024_25_36,36,2025-04-23,Tottenham Hotspur,away,55,18,winning,Diogo Jota,FW,99.74,22.55,87.27,19.17,Z075,23.11,13.99,0,0,left_half_space,final_third_outside_box,head,normal,open_play,1,0,2.1,2,0,0.0057,0,0,0
SYN_SHOT_001047,synthetic_modelled_not_official_event_data,2024-25,Liverpool,Premier League,LIV_PL_2024_25_11,11,2024-11-02,Leicester City,home,43,22,winning,Mohamed Salah,FW,93.2,45.12,81.55,38.35,Z077,23.85,17.17,0,0,central,final_third_outside_box,left_foot,chip,counter_attack,1,0,2.59,1,0,0.0158,0,0,0
SYN_SHOT_001048,synthetic_modelled_not_official_event_data,2024-25,Liverpool,Premier League,LIV_PL_2024_25_26,26,2025-02-15,Crystal Palace,away,55,41,drawing,Cody Gakpo,FW,110.65,54.08,96.82,45.96,Z094,14.49,16.93,1,0,right_half_space,penalty_area,left_foot,normal,open_play,0,0,2.52,3,0,0.0478,1,0,0
SYN_SHOT_001049,synthetic_modelled_not_official_event_data,2024-25,Liverpool,Premier League,LIV_PL_2024_25_07,7,2024-10-04,Crystal Palace,home,84,52,winning,Mohamed Salah,FW,116.29,52.81,101.75,44.89,Z094,11.37,11.61,1,0,right_half_space,penalty_area,right_foot,first_time,open_play,0,0,1.06,2,0,0.1018,0,0,0
SYN_SHOT_001050,synthetic_modelled_not_official_event_data,2024-25,Liverpool,Premier League,LIV_PL_2024_25_09,9,2024-10-16,Fulham,home,15,8,winning,Trent Kone-Doherty,FW,105.7,63.03,92.48,53.58,Z087,23.24,9.87,1,0,right_wing,wide_final_third,left_foot,normal,open_play,1,0,0.9,2,0,0.0128,0,0,0
SYN_SHOT_001051,synthetic_modelled_not_official_event_data,2024-25,Liverpool,Premier League,LIV_PL_2024_25_38,38,2025-05-07,Wolverhampton Wanderers,away,35,29,winning,Darwin Núñez,FW,102.78,64.54,89.93,54.86,Z087,25.73,9.65,0,0,right_wing,wide_final_third,head,normal,direct_free_kick,1,0,3.94,2,0,0.002,0,0,0
SYN_SHOT_001052,synthetic_modelled_not_official_event_data,2024-25,Liverpool,Premier League,LIV_PL_2024_25_14,14,2024-11-23,Newcastle United,away,11,36,winning,Cody Gakpo,FW,109.74,48.1,96.02,40.88,Z085,11.31,29.84,1,0,central,penalty_area,right_foot,normal,open_play,1,0,3.74,2,0,0.1413,0,0,0
SYN_SHOT_001053,synthetic_modelled_not_official_event_data,2024-25,Liverpool,Premier League,LIV_PL_2024_25_14,14,2024-11-24,Newcastle United,away,37,21,drawing,Mohamed Salah,FW,110.51,63.9,96.69,54.32,Z095,21.95,7.4,0,0,right_wing,wide_final_third,left_foot,first_time,open_play,1,0,0.5,2,0,0.0087,0,0,0
SYN_SHOT_001054,synthetic_modelled_not_official_event_data,2024-25,Liverpool,Premier League,LIV_PL_2024_25_15,15,2024-11-29,Nottingham Forest,home,4,44,winning,Mohamed Salah,FW,93.86,49.05,82.13,41.69,Z077,24.13,16.4,0,0,central,final_third_outside_box,right_foot,normal,open_play,1,0,3.58,3,0,0.0079,1,1,1
SYN_SHOT_001055,synthetic_modelled_not_official_event_data,2024-25,Liverpool,Premier League,LIV_PL_2024_25_16,16,2024-12-04,Southampton,away,78,7,winning,Mohamed Salah,FW,113.49,29.73,99.31,25.27,Z091,10.42,23.64,1,0,left_half_space,penalty_area,left_foot,normal,counter_attack,0,1,7.83,1,1,0.5683,1,0,0
SYN_SHOT_001056,synthetic_modelled_not_official_event_data,2024-25,Liverpool,Premier League,LIV_PL_2024_25_32,32,2025-03-26,Manchester United,away,47,40,drawing,Luis Díaz,FW,89.94,49.06,78.7,41.7,Z069,27.4,14.63,0,0,central,final_third_outside_box,right_foot,volley,throw_in,0,0,2.39,4,0,0.0043,0,0,0
SYN_SHOT_001057,synthetic_modelled_not_official_event_data,2024-25,Liverpool,Premier League,LIV_PL_2024_25_11,11,2024-11-03,Leicester City,home,92,50,drawing,Mohamed Salah,FW,84.32,4.38,73.78,3.72,Z065,43.49,6.94,0,0,left_wing,final_third_outside_box,left_foot,normal,open_play,1,0,6.37,3,0,0.0006,0,0,0
SYN_SHOT_001058,synthetic_modelled_not_official_event_data,2024-25,Liverpool,Premier League,LIV_PL_2024_25_14,14,2024-11-23,Newcastle United,away,12,0,winning,James Norris,DF,111.75,51.28,97.78,43.59,Z094,12.0,22.02,1,0,right_half_space,penalty_area,left_foot,power,corner,1,0,2.54,1,0,0.047,0,0,0
SYN_SHOT_001059,synthetic_modelled_not_official_event_data,2024-25,Liverpool,Premier League,LIV_PL_2024_25_16,16,2024-12-06,Southampton,away,85,38,drawing,Luis Díaz,FW,115.43,18.37,101.0,15.61,Z090,18.82,4.91,1,0,left_wing,wide_final_third,left_foot,power,open_play,1,0,1.41,1,0,0.0214,0,0,0
SYN_SHOT_001060,synthetic_modelled_not_official_event_data,2024-25,Liverpool,Premier League,LIV_PL_2024_25_01,1,2024-08-21,Arsenal,home,92,4,drawing,Luis Díaz,FW,110.56,42.61,96.74,36.22,Z093,8.56,45.32,1,0,central,six_yard_box,head,power,open_play,0,0,1.6,2,0,0.2367,1,0,0
SYN_SHOT_001061,synthetic_modelled_not_official_event_data,2024-25,Liverpool,Premier League,LIV_PL_2024_25_03,3,2024-09-06,Bournemouth,home,11,29,winning,Diogo Jota,FW,89.48,13.23,78.3,11.25,Z066,35.08,9.12,0,0,left_wing,final_third_outside_box,right_foot,curled,open_play,0,0,2.59,3,0,0.0018,0,0,0
SYN_SHOT_001062,synthetic_modelled_not_official_event_data,2024-25,Liverpool,Premier League,LIV_PL_2024_25_12,12,2024-11-07,Manchester City,away,46,40,drawing,Mohamed Salah,FW,82.25,56.01,71.97,47.61,Z070,35.73,10.84,0,0,right_half_space,final_third_outside_box,left_foot,normal,open_play,0,0,2.54,3,0,0.0018,0,0,0
SYN_SHOT_001063,synthetic_modelled_not_official_event_data,2024-25,Liverpool,Premier League,LIV_PL_2024_25_11,11,2024-11-01,Leicester City,home,15,47,drawing,Mohamed Salah,FW,109.73,39.46,96.01,33.54,Z084,9.0,44.22,1,0,central,penalty_area,left_foot,normal,open_play,0,0,2.94,2,0,0.3571,1,0,0
SYN_SHOT_001064,synthetic_modelled_not_official_event_data,2024-25,Liverpool,Premier League,LIV_PL_2024_25_02,2,2024-09-01,Aston Villa,away,62,18,winning,Cody Gakpo,FW,91.45,54.17,80.02,46.05,Z078,27.73,13.6,0,0,right_half_space,final_third_outside_box,right_foot,normal,open_play,1,0,2.72,0,0,0.0059,0,0,0
SYN_SHOT_001065,synthetic_modelled_not_official_event_data,2024-25,Liverpool,Premier League,LIV_PL_2024_25_07,7,2024-10-02,Crystal Palace,home,7,19,winning,Darwin Núñez,FW,97.52,71.4,85.33,60.69,Z080,33.15,7.55,0,0,right_wing,final_third_outside_box,right_foot,first_time,open_play,0,0,3.82,2,0,0.0035,0,0,0
SYN_SHOT_001066,synthetic_modelled_not_official_event_data,2024-25,Liverpool,Premier League,LIV_PL_2024_25_08,8,2024-10-12,Everton,away,17,20,winning,Cody Gakpo,FW,108.73,39.44,95.14,33.52,Z084,9.88,40.64,1,0,central,penalty_area,left_foot,normal,counter_attack,0,0,5.75,0,0,0.4537,1,0,0
SYN_SHOT_001067,synthetic_modelled_not_official_event_data,2024-25,Liverpool,Premier League,LIV_PL_2024_25_38,38,2025-05-10,Wolverhampton Wanderers,away,31,48,drawing,Mohamed Salah,FW,104.25,53.66,91.22,45.61,Z086,18.02,17.95,1,0,right_half_space,penalty_area,left_foot,normal,free_kick_indirect,0,0,3.8,1,0,0.0805,1,0,0
SYN_SHOT_001068,synthetic_modelled_not_official_event_data,2024-25,Liverpool,Premier League,LIV_PL_2024_25_38,38,2025-05-11,Wolverhampton Wanderers,away,39,17,winning,Mohamed Salah,FW,108.48,29.63,94.92,25.19,Z083,13.39,23.98,1,0,left_half_space,penalty_area,left_foot,normal,open_play,1,1,6.91,0,1,0.4001,1,1,1
SYN_SHOT_001069,synthetic_modelled_not_official_event_data,2024-25,Liverpool,Premier League,LIV_PL_2024_25_29,29,2025-03-05,Ipswich Town,home,39,55,winning,Mohamed Salah,FW,119.5,27.86,104.56,23.68,Z091,10.33,1.97,1,0,left_half_space,penalty_area,right_foot,first_time,open_play,0,0,1.72,3,0,0.0561,1,0,0
SYN_SHOT_001070,synthetic_modelled_not_official_event_data,2024-25,Liverpool,Premier League,LIV_PL_2024_25_13,13,2024-11-15,Manchester United,home,28,48,winning,Luis Díaz,FW,110.04,20.82,96.29,17.7,Z091,18.48,11.0,1,0,left_half_space,penalty_area,head,normal,corner,0,0,1.58,1,0,0.0174,0,0,0
SYN_SHOT_001071,synthetic_modelled_not_official_event_data,2024-25,Liverpool,Premier League,LIV_PL_2024_25_06,6,2024-09-25,Chelsea,away,65,47,drawing,Darwin Núñez,FW,115.2,29.52,100.8,25.1,Z091,9.84,20.2,1,1,left_half_space,penalty_area,head,normal,corner,0,0,0.5,1,1,0.2889,1,0,0
SYN_SHOT_001072,synthetic_modelled_not_official_event_data,2024-25,Liverpool,Premier League,LIV_PL_2024_25_02,2,2024-08-28,Aston Villa,away,62,46,losing,Cody Gakpo,FW,78.11,29.98,68.34,25.49,Z059,37.63,10.83,0,0,left_half_space,middle_third,left_foot,normal,open_play,0,0,1.73,0,0,0.0025,0,0,0
SYN_SHOT_001073,synthetic_modelled_not_official_event_data,2024-25,Liverpool,Premier League,LIV_PL_2024_25_29,29,2025-03-06,Ipswich Town,home,83,17,losing,Luis Díaz,FW,114.39,34.75,100.09,29.54,Z092,6.63,49.57,1,1,central,six_yard_box,right_foot,half_volley,open_play,0,1,5.52,0,1,0.9393,1,1,1
SYN_SHOT_001074,synthetic_modelled_not_official_event_data,2024-25,Liverpool,Premier League,LIV_PL_2024_25_33,33,2025-04-05,Newcastle United,home,80,40,winning,Harvey Elliott,MF,76.63,20.58,67.05,17.49,Z059,41.38,9.29,0,0,left_half_space,middle_third,right_foot,normal,open_play,1,0,1.91,3,0,0.0005,0,0,0
SYN_SHOT_001075,synthetic_modelled_not_official_event_data,2024-25,Liverpool,Premier League,LIV_PL_2024_25_10,10,2024-10-26,Ipswich Town,away,80,25,drawing,Mohamed Salah,FW,114.1,44.87,99.84,38.14,Z093,6.62,51.19,1,1,central,six_yard_box,head,normal,corner,0,0,3.1,2,0,0.6374,1,1,1
SYN_SHOT_001076,synthetic_modelled_not_official_event_data,2024-25,Liverpool,Premier League,LIV_PL_2024_25_32,32,2025-03-28,Manchester United,away,40,53,drawing,Luis Díaz,FW,112.12,54.14,98.11,46.02,Z094,13.86,15.77,1,0,right_half_space,penalty_area,right_foot,curled,open_play,0,0,0.58,1,0,0.0726,0,0,0
SYN_SHOT_001077,synthetic_modelled_not_official_event_data,2024-25,Liverpool,Premier League,LIV_PL_2024_25_02,2,2024-09-01,Aston Villa,away,17,53,losing,Dominik Szoboszlai,MF,118.45,19.0,103.65,16.15,Z090,17.9,1.85,1,0,left_wing,wide_final_third,right_foot,normal,high_press_recovery,0,1,7.34,3,1,0.1045,1,0,0
SYN_SHOT_001078,synthetic_modelled_not_official_event_data,2024-25,Liverpool,Premier League,LIV_PL_2024_25_11,11,2024-10-31,Leicester City,home,16,50,losing,Mohamed Salah,FW,106.03,53.86,92.78,45.78,Z086,16.98,18.03,1,0,right_half_space,penalty_area,left_foot,normal,open_play,1,0,3.06,2,0,0.0652,1,0,0
SYN_SHOT_001079,synthetic_modelled_not_official_event_data,2024-25,Liverpool,Premier League,LIV_PL_2024_25_03,3,2024-09-08,Bournemouth,home,2,52,drawing,Cody Gakpo,FW,100.72,30.8,88.13,26.18,Z084,18.6,20.38,0,0,central,penalty_area,right_foot,normal,open_play,1,0,2.44,3,0,0.0104,0,0,0
SYN_SHOT_001080,synthetic_modelled_not_official_event_data,2024-25,Liverpool,Premier League,LIV_PL_2024_25_28,28,2025-02-26,Fulham,away,60,0,losing,Cody Gakpo,FW,119.5,26.71,104.56,22.7,Z091,11.31,1.6,1,0,left_half_space,penalty_area,other,normal,corner,0,0,1.04,2,0,0.0203,1,0,0
SYN_SHOT_001081,synthetic_modelled_not_official_event_data,2024-25,Liverpool,Premier League,LIV_PL_2024_25_37,37,2025-05-01,West Ham United,home,2,32,losing,Mohamed Salah,FW,84.36,37.8,73.81,32.13,Z068,31.24,13.34,0,0,central,final_third_outside_box,right_foot,power,open_play,1,0,3.42,2,0,0.0063,0,0,0
SYN_SHOT_001082,synthetic_modelled_not_official_event_data,2024-25,Liverpool,Premier League,LIV_PL_2024_25_04,4,2024-09-12,Brentford,away,5,50,drawing,Cody Gakpo,FW,116.14,34.26,101.62,29.12,Z092,5.93,48.55,1,1,central,six_yard_box,right_foot,normal,open_play,0,0,1.0,1,1,0.8357,1,1,1
SYN_SHOT_001083,synthetic_modelled_not_official_event_data,2024-25,Liverpool,Premier League,LIV_PL_2024_25_02,2,2024-08-28,Aston Villa,away,32,3,drawing,Luis Díaz,FW,103.04,19.14,90.16,16.27,Z082,23.12,11.77,1,0,left_wing,wide_final_third,right_foot,normal,counter_attack,0,0,5.91,1,0,0.0394,0,0,0
SYN_SHOT_001084,synthetic_modelled_not_official_event_data,2024-25,Liverpool,Premier League,LIV_PL_2024_25_29,29,2025-03-08,Ipswich Town,home,60,33,losing,Luis Díaz,FW,110.62,34.59,96.79,29.4,Z092,9.41,38.65,1,0,central,six_yard_box,head,curled,open_play,0,0,2.36,1,0,0.1843,1,1,1
SYN_SHOT_001085,synthetic_modelled_not_official_event_data,2024-25,Liverpool,Premier League,LIV_PL_2024_25_32,32,2025-03-28,Manchester United,away,67,43,drawing,Trent Alexander-Arnold,DF,113.67,21.75,99.46,18.49,Z091,16.47,8.94,1,0,left_half_space,penalty_area,right_foot,normal,open_play,1,0,2.66,2,0,0.0198,1,0,0
SYN_SHOT_001086,synthetic_modelled_not_official_event_data,2024-25,Liverpool,Premier League,LIV_PL_2024_25_10,10,2024-10-26,Ipswich Town,away,50,3,drawing,Diogo Jota,FW,110.87,35.36,97.01,30.06,Z092,8.91,41.55,1,0,central,six_yard_box,right_foot,curled,counter_attack,0,0,2.75,2,0,0.3834,1,0,0
SYN_SHOT_001087,synthetic_modelled_not_official_event_data,2024-25,Liverpool,Premier League,LIV_PL_2024_25_32,32,2025-03-27,Manchester United,away,15,31,winning,Mohamed Salah,FW,84.32,45.08,73.78,38.32,Z069,31.51,13.13,0,0,central,final_third_outside_box,left_foot,normal,open_play,0,0,3.09,2,0,0.0086,1,0,0
SYN_SHOT_001088,synthetic_modelled_not_official_event_data,2024-25,Liverpool,Premier League,LIV_PL_2024_25_27,27,2025-02-19,Everton,home,66,55,drawing,Mohamed Salah,FW,106.22,59.23,92.94,50.35,Z086,20.31,12.47,1,0,right_half_space,penalty_area,right_foot,first_time,corner,0,0,0.5,3,0,0.0184,0,0,0
SYN_SHOT_001089,synthetic_modelled_not_official_event_data,2024-25,Liverpool,Premier League,LIV_PL_2024_25_16,16,2024-12-06,Southampton,away,88,49,drawing,Mohamed Salah,FW,103.46,42.26,90.53,35.92,Z085,14.6,27.94,1,0,central,penalty_area,left_foot,power,open_play,1,0,1.68,1,0,0.1077,1,0,0
SYN_SHOT_001090,synthetic_modelled_not_official_event_data,2024-25,Liverpool,Premier League,LIV_PL_2024_25_20,20,2025-01-01,Arsenal,away,6,46,winning,Mohamed Salah,FW,91.55,50.95,80.1,43.31,Z078,26.58,14.73,0,0,right_half_space,final_third_outside_box,left_foot,normal,open_play,0,0,2.12,0,0,0.0118,0,0,0
SYN_SHOT_001091,synthetic_modelled_not_official_event_data,2024-25,Liverpool,Premier League,LIV_PL_2024_25_01,1,2024-08-21,Arsenal,home,53,52,winning,Mohamed Salah,FW,112.28,20.42,98.24,17.35,Z091,17.97,9.08,1,0,left_half_space,penalty_area,head,normal,corner,0,0,4.07,1,0,0.0288,0,0,0
SYN_SHOT_001092,synthetic_modelled_not_official_event_data,2024-25,Liverpool,Premier League,LIV_PL_2024_25_17,17,2024-12-13,Tottenham Hotspur,home,74,48,winning,Luis Díaz,FW,98.54,44.36,86.22,37.71,Z077,19.14,21.28,0,0,central,final_third_outside_box,right_foot,normal,free_kick_indirect,0,0,5.23,4,0,0.0235,1,1,1
SYN_SHOT_001093,synthetic_modelled_not_official_event_data,2024-25,Liverpool,Premier League,LIV_PL_2024_25_30,30,2025-03-15,Leicester City,away,14,40,drawing,Dominik Szoboszlai,MF,96.98,75.09,84.85,63.83,Z080,35.99,6.56,0,0,right_wing,final_third_outside_box,right_foot,normal,counter_attack,1,0,0.5,4,0,0.0011,1,0,0
SYN_SHOT_001094,synthetic_modelled_not_official_event_data,2024-25,Liverpool,Premier League,LIV_PL_2024_25_22,22,2025-01-19,Bournemouth,away,38,45,drawing,Cody Gakpo,FW,105.12,43.64,91.98,37.1,Z085,13.39,29.9,1,0,central,penalty_area,head,normal,corner,0,0,1.75,2,0,0.073,0,0,0
SYN_SHOT_001095,synthetic_modelled_not_official_event_data,2024-25,Liverpool,Premier League,LIV_PL_2024_25_17,17,2024-12-13,Tottenham Hotspur,home,22,19,drawing,Mohamed Salah,FW,115.17,34.25,100.77,29.11,Z092,6.46,47.49,1,1,central,six_yard_box,left_foot,normal,open_play,0,0,4.88,1,1,0.8819,1,1,1
SYN_SHOT_001096,synthetic_modelled_not_official_event_data,2024-25,Liverpool,Premier League,LIV_PL_2024_25_06,6,2024-09-27,Chelsea,away,22,22,drawing,Trent Kone-Doherty,FW,93.73,42.06,82.01,35.75,Z077,23.05,17.99,0,0,central,final_third_outside_box,right_foot,power,open_play,0,0,0.5,1,0,0.0132,0,0,0
SYN_SHOT_001097,synthetic_modelled_not_official_event_data,2024-25,Liverpool,Premier League,LIV_PL_2024_25_32,32,2025-03-26,Manchester United,away,72,34,winning,Mohamed Salah,FW,117.91,63.34,103.17,53.84,Z095,19.92,2.0,1,0,right_wing,wide_final_third,head,volley,corner,0,0,5.05,2,0,0.0184,1,0,0
SYN_SHOT_001098,synthetic_modelled_not_official_event_data,2024-25,Liverpool,Premier League,LIV_PL_2024_25_03,3,2024-09-06,Bournemouth,home,6,29,winning,Luis Díaz,FW,101.06,7.01,88.43,5.96,Z081,32.57,6.61,0,0,left_wing,wide_final_third,right_foot,normal,open_play,1,0,1.39,2,0,0.002,0,0,0
SYN_SHOT_001099,synthetic_modelled_not_official_event_data,2024-25,Liverpool,Premier League,LIV_PL_2024_25_06,6,2024-09-28,Chelsea,away,48,5,winning,Luis Díaz,FW,103.03,26.94,90.15,22.9,Z083,18.54,18.21,1,0,left_half_space,penalty_area,right_foot,normal,open_play,0,1,5.47,1,1,0.2131,1,0,0
SYN_SHOT_001100,synthetic_modelled_not_official_event_data,2024-25,Liverpool,Premier League,LIV_PL_2024_25_23,23,2025-01-25,Brentford,home,59,50,drawing,Mohamed Salah,FW,111.15,71.53,97.26,60.8,Z096,27.9,4.24,0,0,right_wing,wide_final_third,right_foot,normal,open_play,0,0,1.54,5,0,0.0036,0,0,0
SYN_SHOT_001101,synthetic_modelled_not_official_event_data,2024-25,Liverpool,Premier League,LIV_PL_2024_25_04,4,2024-09-11,Brentford,away,14,48,winning,Mohamed Salah,FW,89.38,55.72,78.21,47.36,Z070,29.93,12.52,0,0,right_half_space,final_third_outside_box,right_foot,normal,counter_attack,0,0,4.06,1,0,0.0101,0,0,0
SYN_SHOT_001102,synthetic_modelled_not_official_event_data,2024-25,Liverpool,Premier League,LIV_PL_2024_25_05,5,2024-09-22,Brighton,home,17,50,drawing,Luis Díaz,FW,92.71,27.29,81.13,23.2,Z075,26.2,14.55,0,0,left_half_space,final_third_outside_box,head,normal,counter_attack,0,1,5.6,2,1,0.0337,0,0,0
SYN_SHOT_001103,synthetic_modelled_not_official_event_data,2024-25,Liverpool,Premier League,LIV_PL_2024_25_14,14,2024-11-24,Newcastle United,away,35,59,drawing,Cody Gakpo,FW,102.2,30.82,89.42,26.19,Z084,17.42,21.45,1,0,central,penalty_area,right_foot,curled,open_play,0,0,2.91,2,0,0.0611,0,0,0
SYN_SHOT_001104,synthetic_modelled_not_official_event_data,2024-25,Liverpool,Premier League,LIV_PL_2024_25_22,22,2025-01-16,Bournemouth,away,72,23,drawing,Cody Gakpo,FW,95.78,79.0,83.81,67.15,Z080,39.35,5.77,0,0,right_wing,final_third_outside_box,right_foot,normal,open_play,0,0,0.6,5,0,0.0009,0,0,0
SYN_SHOT_001105,synthetic_modelled_not_official_event_data,2024-25,Liverpool,Premier League,LIV_PL_2024_25_01,1,2024-08-24,Arsenal,home,46,34,winning,Mohamed Salah,FW,86.64,72.38,75.81,61.52,Z072,40.11,7.63,0,0,right_wing,final_third_outside_box,right_foot,volley,open_play,0,0,0.5,0,0,0.002,0,0,0
SYN_SHOT_001106,synthetic_modelled_not_official_event_data,2024-25,Liverpool,Premier League,LIV_PL_2024_25_37,37,2025-05-02,West Ham United,home,86,42,losing,Cody Gakpo,FW,102.52,1.0,89.7,0.85,Z081,36.51,4.85,0,0,left_wing,wide_final_third,left_foot,normal,counter_attack,0,1,4.48,2,1,0.0125,1,0,0
SYN_SHOT_001107,synthetic_modelled_not_official_event_data,2024-25,Liverpool,Premier League,LIV_PL_2024_25_20,20,2025-01-02,Arsenal,away,62,55,winning,Luis Díaz,FW,110.52,47.65,96.7,40.5,Z093,10.54,31.87,1,0,central,six_yard_box,left_foot,power,open_play,0,0,2.07,0,0,0.2425,1,1,1
SYN_SHOT_001108,synthetic_modelled_not_official_event_data,2024-25,Liverpool,Premier League,LIV_PL_2024_25_25,25,2025-02-05,Chelsea,home,72,13,winning,Cody Gakpo,FW,106.03,53.71,92.78,45.65,Z086,16.89,18.23,1,0,right_half_space,penalty_area,right_foot,normal,open_play,0,0,1.58,2,0,0.0587,1,0,0
SYN_SHOT_001109,synthetic_modelled_not_official_event_data,2024-25,Liverpool,Premier League,LIV_PL_2024_25_13,13,2024-11-13,Manchester United,home,78,51,drawing,Ryan Gravenberch,MF,106.4,42.39,93.1,36.03,Z085,12.07,33.36,1,0,central,penalty_area,right_foot,normal,open_play,0,0,3.49,4,0,0.1363,0,0,0
SYN_SHOT_001110,synthetic_modelled_not_official_event_data,2024-25,Liverpool,Premier League,LIV_PL_2024_25_13,13,2024-11-16,Manchester United,home,61,49,drawing,Dominik Szoboszlai,MF,114.28,38.76,100.0,32.95,Z092,5.11,70.82,1,1,central,six_yard_box,left_foot,volley,counter_attack,1,0,1.1,2,0,0.7895,1,0,0
SYN_SHOT_001111,synthetic_modelled_not_official_event_data,2024-25,Liverpool,Premier League,LIV_PL_2024_25_09,9,2024-10-17,Fulham,home,6,43,drawing,Trent Kone-Doherty,FW,102.81,41.56,89.96,35.33,Z085,15.1,27.16,1,0,central,penalty_area,right_foot,power,counter_attack,0,0,3.62,3,0,0.1045,1,0,0
SYN_SHOT_001112,synthetic_modelled_not_official_event_data,2024-25,Liverpool,Premier League,LIV_PL_2024_25_20,20,2025-01-05,Arsenal,away,38,13,winning,Diogo Jota,FW,93.75,37.53,82.03,31.9,Z076,23.06,17.96,0,0,central,final_third_outside_box,left_foot,normal,counter_attack,0,0,4.57,3,0,0.0203,0,0,0
SYN_SHOT_001113,synthetic_modelled_not_official_event_data,2024-25,Liverpool,Premier League,LIV_PL_2024_25_18,18,2024-12-22,West Ham United,away,79,37,drawing,Darwin Núñez,FW,85.56,27.71,74.86,23.56,Z067,31.9,12.39,0,0,left_half_space,final_third_outside_box,right_foot,normal,high_press_recovery,0,0,3.86,0,0,0.0071,0,0,0
SYN_SHOT_001114,synthetic_modelled_not_official_event_data,2024-25,Liverpool,Premier League,LIV_PL_2024_25_29,29,2025-03-08,Ipswich Town,home,94,53,drawing,Ryan Gravenberch,MF,111.87,45.42,97.89,38.61,Z093,8.47,41.71,1,0,central,six_yard_box,left_foot,normal,open_play,0,0,1.03,1,0,0.2671,1,0,0
SYN_SHOT_001115,synthetic_modelled_not_official_event_data,2024-25,Liverpool,Premier League,LIV_PL_2024_25_27,27,2025-02-22,Everton,home,26,46,drawing,Wataru Endo,MF,77.51,57.15,67.82,48.58,Z062,39.93,9.76,0,0,right_half_space,middle_third,right_foot,curled,open_play,0,0,2.96,2,0,0.0012,0,0,0
SYN_SHOT_001116,synthetic_modelled_not_official_event_data,2024-25,Liverpool,Premier League,LIV_PL_2024_25_11,11,2024-11-03,Leicester City,home,63,48,losing,Darwin Núñez,FW,105.63,49.75,92.43,42.29,Z085,15.06,23.33,1,0,central,penalty_area,right_foot,normal,high_press_recovery,0,0,4.3,0,0,0.142,0,0,0
SYN_SHOT_001117,synthetic_modelled_not_official_event_data,2024-25,Liverpool,Premier League,LIV_PL_2024_25_22,22,2025-01-18,Bournemouth,away,16,13,winning,Luis Díaz,FW,102.12,43.84,89.36,37.27,Z085,15.98,25.32,1,0,central,penalty_area,left_foot,volley,open_play,1,0,4.47,2,0,0.0929,1,0,0
SYN_SHOT_001118,synthetic_modelled_not_official_event_data,2024-25,Liverpool,Premier League,LIV_PL_2024_25_24,24,2025-01-31,Brighton,away,41,22,losing,Darwin Núñez,FW,117.95,9.43,103.2,8.02,Z089,26.04,1.13,0,0,left_wing,wide_final_third,right_foot,normal,counter_attack,1,0,4.27,3,0,0.0037,0,0,0
SYN_SHOT_001119,synthetic_modelled_not_official_event_data,2024-25,Liverpool,Premier League,LIV_PL_2024_25_16,16,2024-12-04,Southampton,away,29,51,drawing,Mohamed Salah,FW,118.13,48.65,103.36,41.35,Z093,7.53,15.45,1,1,central,six_yard_box,left_foot,placed,open_play,0,0,5.28,2,0,0.46,1,0,0
SYN_SHOT_001120,synthetic_modelled_not_official_event_data,2024-25,Liverpool,Premier League,LIV_PL_2024_25_12,12,2024-11-10,Manchester City,away,78,18,losing,Mohamed Salah,FW,100.55,53.65,87.99,45.6,Z086,20.59,16.87,0,0,right_half_space,penalty_area,head,power,open_play,1,0,4.26,5,0,0.0076,0,0,0
SYN_SHOT_001121,synthetic_modelled_not_official_event_data,2024-25,Liverpool,Premier League,LIV_PL_2024_25_33,33,2025-04-03,Newcastle United,home,33,51,winning,Mohamed Salah,FW,110.85,32.97,96.99,28.02,Z092,9.99,34.14,1,0,central,six_yard_box,left_foot,normal,open_play,0,1,6.58,2,1,0.6611,1,0,0
SYN_SHOT_001122,synthetic_modelled_not_official_event_data,2024-25,Liverpool,Premier League,LIV_PL_2024_25_05,5,2024-09-21,Brighton,home,33,48,drawing,Mohamed Salah,FW,115.38,21.08,100.96,17.91,Z091,16.59,6.45,1,0,left_half_space,penalty_area,left_foot,normal,corner,0,1,7.46,2,1,0.1685,0,0,0
SYN_SHOT_001123,synthetic_modelled_not_official_event_data,2024-25,Liverpool,Premier League,LIV_PL_2024_25_21,21,2025-01-10,Aston Villa,home,12,4,drawing,Luis Díaz,FW,115.91,59.46,101.42,50.54,Z094,16.92,5.48,1,0,right_half_space,penalty_area,left_foot,normal,open_play,0,0,3.49,0,0,0.0638,1,0,0
SYN_SHOT_001124,synthetic_modelled_not_official_event_data,2024-25,Liverpool,Premier League,LIV_PL_2024_25_09,9,2024-10-18,Fulham,home,29,35,losing,Dominik Szoboszlai,MF,111.21,79.0,97.31,67.15,Z096,34.03,2.81,0,0,right_wing,wide_final_third,right_foot,curled,open_play,0,0,1.64,1,0,0.0021,1,0,0
SYN_SHOT_001125,synthetic_modelled_not_official_event_data,2024-25,Liverpool,Premier League,LIV_PL_2024_25_30,30,2025-03-13,Leicester City,away,31,24,winning,Mohamed Salah,FW,96.6,41.46,84.53,35.24,Z077,20.51,20.2,0,0,central,final_third_outside_box,left_foot,normal,open_play,0,0,2.27,2,0,0.028,0,0,0
SYN_SHOT_001126,synthetic_modelled_not_official_event_data,2024-25,Liverpool,Premier League,LIV_PL_2024_25_13,13,2024-11-15,Manchester United,home,80,33,drawing,Mohamed Salah,FW,102.12,62.1,89.35,52.79,Z087,24.45,11.09,1,0,right_wing,wide_final_third,left_foot,volley,open_play,0,0,6.05,0,0,0.0411,0,0,0
SYN_SHOT_001127,synthetic_modelled_not_official_event_data,2024-25,Liverpool,Premier League,LIV_PL_2024_25_01,1,2024-08-23,Arsenal,home,64,19,winning,Mohamed Salah,FW,108.0,40.0,94.5,34.0,Z085,10.5,38.43,1,0,central,penalty_area,left_foot,normal,penalty,1,0,3.05,2,1,0.977,1,1,1
SYN_SHOT_001128,synthetic_modelled_not_official_event_data,2024-25,Liverpool,Premier League,LIV_PL_2024_25_02,2,2024-08-28,Aston Villa,away,57,56,winning,Cody Gakpo,FW,113.2,58.11,99.05,49.4,Z094,16.51,9.54,1,0,right_half_space,penalty_area,left_foot,first_time,counter_attack,0,0,0.5,1,0,0.0592,1,0,0
SYN_SHOT_001129,synthetic_modelled_not_official_event_data,2024-25,Liverpool,Premier League,LIV_PL_2024_25_06,6,2024-09-25,Chelsea,away,65,40,losing,Ryan Gravenberch,MF,108.31,45.49,94.77,38.67,Z085,11.24,33.53,1,0,central,penalty_area,right_foot,volley,open_play,0,0,1.23,1,0,0.1686,1,0,0
SYN_SHOT_001130,synthetic_modelled_not_official_event_data,2024-25,Liverpool,Premier League,LIV_PL_2024_25_04,4,2024-09-13,Brentford,away,90,28,drawing,Darwin Núñez,FW,113.78,33.65,99.55,28.6,Z092,7.67,41.27,1,1,central,six_yard_box,right_foot,normal,open_play,1,0,3.26,1,1,0.7386,1,1,1
SYN_SHOT_001131,synthetic_modelled_not_official_event_data,2024-25,Liverpool,Premier League,LIV_PL_2024_25_27,27,2025-02-22,Everton,home,21,37,winning,Luis Díaz,FW,82.05,20.98,71.8,17.84,Z067,36.93,10.2,0,0,left_half_space,final_third_outside_box,right_foot,normal,open_play,0,0,0.86,1,0,0.002,0,0,0
SYN_SHOT_001132,synthetic_modelled_not_official_event_data,2024-25,Liverpool,Premier League,LIV_PL_2024_25_04,4,2024-09-14,Brentford,away,44,46,winning,Luis Díaz,FW,115.97,63.56,101.47,54.03,Z095,20.34,3.69,1,0,right_wing,wide_final_third,left_foot,first_time,open_play,0,1,6.15,3,1,0.0803,1,0,0
SYN_SHOT_001133,synthetic_modelled_not_official_event_data,2024-25,Liverpool,Premier League,LIV_PL_2024_25_18,18,2024-12-18,West Ham United,away,26,14,winning,Luis Díaz,FW,95.38,79.0,83.46,67.15,Z080,39.53,5.81,0,0,right_wing,final_third_outside_box,right_foot,normal,open_play,0,0,1.23,1,0,0.0013,0,0,0
SYN_SHOT_001134,synthetic_modelled_not_official_event_data,2024-25,Liverpool,Premier League,LIV_PL_2024_25_14,14,2024-11-21,Newcastle United,away,29,44,drawing,Ibrahima Konaté,DF,111.32,41.18,97.41,35.01,Z093,7.66,50.84,1,0,central,six_yard_box,right_foot,half_volley,open_play,0,0,3.83,2,0,0.3505,1,1,1
SYN_SHOT_001135,synthetic_modelled_not_official_event_data,2024-25,Liverpool,Premier League,LIV_PL_2024_25_21,21,2025-01-09,Aston Villa,home,43,38,winning,Cody Gakpo,FW,96.5,50.13,84.44,42.61,Z078,22.29,17.29,0,0,right_half_space,final_third_outside_box,left_foot,power,open_play,0,0,3.16,1,0,0.0184,0,0,0
SYN_SHOT_001136,synthetic_modelled_not_official_event_data,2024-25,Liverpool,Premier League,LIV_PL_2024_25_21,21,2025-01-11,Aston Villa,home,80,34,losing,Luis Díaz,FW,71.18,60.54,62.28,51.46,Z063,46.15,8.4,0,0,right_wing,middle_third,right_foot,normal,open_play,1,0,4.54,2,0,0.0006,0,0,0
SYN_SHOT_001137,synthetic_modelled_not_official_event_data,2024-25,Liverpool,Premier League,LIV_PL_2024_25_17,17,2024-12-12,Tottenham Hotspur,home,89,10,losing,Dominik Szoboszlai,MF,115.42,41.52,100.99,35.29,Z093,4.21,81.56,1,1,central,six_yard_box,head,normal,corner,0,0,4.61,1,1,0.8551,1,1,1
SYN_SHOT_001138,synthetic_modelled_not_official_event_data,2024-25,Liverpool,Premier League,LIV_PL_2024_25_01,1,2024-08-25,Arsenal,home,10,50,winning,Alexis Mac Allister,MF,113.92,23.99,99.68,20.39,Z091,14.61,11.02,1,0,left_half_space,penalty_area,head,normal,corner,0,0,1.1,0,0,0.0311,1,0,0
SYN_SHOT_001139,synthetic_modelled_not_official_event_data,2024-25,Liverpool,Premier League,LIV_PL_2024_25_22,22,2025-01-18,Bournemouth,away,4,28,winning,Dominik Szoboszlai,MF,112.36,25.02,98.32,21.27,Z091,14.38,14.19,1,0,left_half_space,penalty_area,left_foot,normal,high_press_recovery,1,0,3.99,0,0,0.084,1,1,1
SYN_SHOT_001140,synthetic_modelled_not_official_event_data,2024-25,Liverpool,Premier League,LIV_PL_2024_25_18,18,2024-12-22,West Ham United,away,17,34,losing,Mohamed Salah,FW,119.5,42.43,104.56,36.07,Z093,2.11,160.28,1,1,central,six_yard_box,head,half_volley,open_play,1,0,2.61,3,0,0.6936,1,1,1
SYN_SHOT_001141,synthetic_modelled_not_official_event_data,2024-25,Liverpool,Premier League,LIV_PL_2024_25_30,30,2025-03-16,Leicester City,away,4,31,losing,James McConnell,MF,91.14,76.16,79.75,64.74,Z080,39.78,6.72,0,0,right_wing,final_third_outside_box,right_foot,half_volley,open_play,0,0,2.54,2,0,0.0011,0,0,0
SYN_SHOT_001142,synthetic_modelled_not_official_event_data,2024-25,Liverpool,Premier League,LIV_PL_2024_25_27,27,2025-02-23,Everton,home,29,3,drawing,Mohamed Salah,FW,108.0,40.0,94.5,34.0,Z085,10.5,38.43,1,0,central,penalty_area,left_foot,placed,penalty,0,0,0.5,1,1,0.9781,1,1,1
SYN_SHOT_001143,synthetic_modelled_not_official_event_data,2024-25,Liverpool,Premier League,LIV_PL_2024_25_11,11,2024-10-31,Leicester City,home,17,47,winning,Luis Díaz,FW,88.84,43.64,77.73,37.09,Z069,27.44,15.1,0,0,central,final_third_outside_box,left_foot,half_volley,open_play,1,0,2.24,0,0,0.0079,0,0,0
SYN_SHOT_001144,synthetic_modelled_not_official_event_data,2024-25,Liverpool,Premier League,LIV_PL_2024_25_21,21,2025-01-08,Aston Villa,home,73,38,winning,Mohamed Salah,FW,108.35,47.68,94.81,40.53,Z085,12.1,29.27,1,0,central,penalty_area,left_foot,first_time,open_play,0,0,3.46,0,0,0.2923,1,1,1
SYN_SHOT_001145,synthetic_modelled_not_official_event_data,2024-25,Liverpool,Premier League,LIV_PL_2024_25_38,38,2025-05-08,Wolverhampton Wanderers,away,67,57,winning,Mohamed Salah,FW,108.2,62.03,94.68,52.72,Z087,21.38,9.66,1,0,right_wing,wide_final_third,head,normal,open_play,1,0,0.5,1,0,0.0149,1,0,0
SYN_SHOT_001146,synthetic_modelled_not_official_event_data,2024-25,Liverpool,Premier League,LIV_PL_2024_25_12,12,2024-11-10,Manchester City,away,88,56,winning,Ryan Gravenberch,MF,98.6,34.55,86.27,29.37,Z076,19.29,20.91,0,0,central,final_third_outside_box,right_foot,volley,free_kick_indirect,0,0,2.68,3,0,0.015,0,0,0
SYN_SHOT_001147,synthetic_modelled_not_official_event_data,2024-25,Liverpool,Premier League,LIV_PL_2024_25_38,38,2025-05-11,Wolverhampton Wanderers,away,41,5,winning,Mohamed Salah,FW,84.48,56.53,73.92,48.05,Z070,34.1,11.19,0,0,right_half_space,final_third_outside_box,left_foot,normal,open_play,0,0,1.3,0,0,0.0045,0,0,0
SYN_SHOT_001148,synthetic_modelled_not_official_event_data,2024-25,Liverpool,Premier League,LIV_PL_2024_25_38,38,2025-05-11,Wolverhampton Wanderers,away,12,29,losing,Luis Díaz,FW,84.26,13.88,73.73,11.8,Z066,38.35,8.93,0,0,left_wing,final_third_outside_box,left_foot,curled,counter_attack,0,1,9.2,3,1,0.0071,1,1,1
SYN_SHOT_001149,synthetic_modelled_not_official_event_data,2024-25,Liverpool,Premier League,LIV_PL_2024_25_36,36,2025-04-26,Tottenham Hotspur,away,11,54,losing,Mohamed Salah,FW,86.13,57.23,75.36,48.65,Z070,33.06,11.36,0,0,right_half_space,final_third_outside_box,right_foot,normal,throw_in,0,0,4.47,1,0,0.0053,0,0,0
SYN_SHOT_001150,synthetic_modelled_not_official_event_data,2024-25,Liverpool,Premier League,LIV_PL_2024_25_22,22,2025-01-18,Bournemouth,away,42,46,drawing,Mohamed Salah,FW,112.13,51.02,98.12,43.37,Z094,11.63,22.48,1,0,right_half_space,penalty_area,right_foot,normal,open_play,0,0,2.3,2,0,0.1357,0,0,0
SYN_SHOT_001151,synthetic_modelled_not_official_event_data,2024-25,Liverpool,Premier League,LIV_PL_2024_25_38,38,2025-05-07,Wolverhampton Wanderers,away,76,35,winning,Mohamed Salah,FW,112.53,55.65,98.47,47.3,Z094,14.82,13.05,1,0,right_half_space,penalty_area,left_foot,curled,counter_attack,1,1,0.5,1,1,0.2267,1,0,0
SYN_SHOT_001152,synthetic_modelled_not_official_event_data,2024-25,Liverpool,Premier League,LIV_PL_2024_25_36,36,2025-04-27,Tottenham Hotspur,away,23,14,winning,Darwin Núñez,FW,105.52,17.92,92.33,15.23,Z082,22.64,10.52,1,0,left_wing,wide_final_third,head,first_time,corner,1,0,2.74,2,0,0.0071,0,0,0
SYN_SHOT_001153,synthetic_modelled_not_official_event_data,2024-25,Liverpool,Premier League,LIV_PL_2024_25_34,34,2025-04-10,Nottingham Forest,away,16,19,losing,Mohamed Salah,FW,107.4,72.18,93.97,61.36,Z088,29.49,5.38,0,0,right_wing,wide_final_third,right_foot,curled,open_play,1,0,3.49,3,0,0.003,0,0,0
SYN_SHOT_001154,synthetic_modelled_not_official_event_data,2024-25,Liverpool,Premier League,LIV_PL_2024_25_14,14,2024-11-20,Newcastle United,away,53,58,drawing,Darwin Núñez,FW,99.51,40.8,87.07,34.68,Z077,17.94,23.05,0,0,central,final_third_outside_box,left_foot,normal,high_press_recovery,0,0,1.31,1,0,0.036,0,0,0
SYN_SHOT_001155,synthetic_modelled_not_official_event_data,2024-25,Liverpool,Premier League,LIV_PL_2024_25_30,30,2025-03-13,Leicester City,away,60,9,losing,Mohamed Salah,FW,111.69,48.6,97.73,41.31,Z093,10.32,29.79,1,0,central,six_yard_box,right_foot,half_volley,open_play,0,0,2.11,2,0,0.1883,1,0,0
SYN_SHOT_001156,synthetic_modelled_not_official_event_data,2024-25,Liverpool,Premier League,LIV_PL_2024_25_09,9,2024-10-19,Fulham,home,37,29,winning,Curtis Jones,MF,100.39,34.85,87.84,29.62,Z084,17.71,22.71,0,0,central,penalty_area,left_foot,normal,open_play,1,0,4.44,4,0,0.0181,0,0,0
SYN_SHOT_001157,synthetic_modelled_not_official_event_data,2024-25,Liverpool,Premier League,LIV_PL_2024_25_34,34,2025-04-09,Nottingham Forest,away,86,22,winning,Darwin Núñez,FW,92.08,79.0,80.57,67.15,Z080,41.18,6.07,0,0,right_wing,final_third_outside_box,right_foot,normal,open_play,0,0,4.72,5,0,0.0009,1,0,0
SYN_SHOT_001158,synthetic_modelled_not_official_event_data,2024-25,Liverpool,Premier League,LIV_PL_2024_25_16,16,2024-12-05,Southampton,away,60,49,winning,Cody Gakpo,FW,108.98,24.0,95.36,20.4,Z083,16.67,14.93,1,0,left_half_space,penalty_area,right_foot,normal,counter_attack,1,1,5.93,1,1,0.2212,1,0,0
SYN_SHOT_001159,synthetic_modelled_not_official_event_data,2024-25,Liverpool,Premier League,LIV_PL_2024_25_30,30,2025-03-14,Leicester City,away,88,55,drawing,Alexis Mac Allister,MF,110.28,52.04,96.49,44.23,Z094,13.31,20.83,1,0,right_half_space,penalty_area,right_foot,normal,open_play,0,0,6.02,1,0,0.1073,0,0,0
SYN_SHOT_001160,synthetic_modelled_not_official_event_data,2024-25,Liverpool,Premier League,LIV_PL_2024_25_17,17,2024-12-13,Tottenham Hotspur,home,41,2,winning,Curtis Jones,MF,101.7,32.44,88.99,27.57,Z084,17.25,22.41,1,0,central,penalty_area,right_foot,normal,open_play,0,0,4.86,2,0,0.087,0,0,0
SYN_SHOT_001161,synthetic_modelled_not_official_event_data,2024-25,Liverpool,Premier League,LIV_PL_2024_25_23,23,2025-01-26,Brentford,home,25,6,losing,Darwin Núñez,FW,104.92,67.2,91.81,57.12,Z087,26.62,7.91,0,0,right_wing,wide_final_third,right_foot,first_time,open_play,0,0,0.5,3,0,0.0036,0,0,0
SYN_SHOT_001162,synthetic_modelled_not_official_event_data,2024-25,Liverpool,Premier League,LIV_PL_2024_25_19,19,2024-12-26,Wolverhampton Wanderers,home,7,54,losing,Mohamed Salah,FW,99.8,14.13,87.32,12.01,Z074,28.21,9.39,0,0,left_wing,final_third_outside_box,left_foot,half_volley,counter_attack,0,0,2.53,6,0,0.0053,0,0,0
SYN_SHOT_001163,synthetic_modelled_not_official_event_data,2024-25,Liverpool,Premier League,LIV_PL_2024_25_07,7,2024-10-06,Crystal Palace,home,64,49,drawing,Darwin Núñez,FW,104.25,66.61,91.22,56.62,Z087,26.49,8.34,0,0,right_wing,wide_final_third,right_foot,half_volley,counter_attack,0,0,5.28,5,0,0.0064,0,0,0
SYN_SHOT_001164,synthetic_modelled_not_official_event_data,2024-25,Liverpool,Premier League,LIV_PL_2024_25_08,8,2024-10-12,Everton,away,9,12,drawing,Alexis Mac Allister,MF,113.03,61.89,98.9,52.61,Z095,19.58,6.88,1,0,right_wing,wide_final_third,right_foot,normal,open_play,1,0,2.83,1,0,0.0189,0,0,0
SYN_SHOT_001165,synthetic_modelled_not_official_event_data,2024-25,Liverpool,Premier League,LIV_PL_2024_25_07,7,2024-10-02,Crystal Palace,home,31,50,drawing,Mohamed Salah,FW,105.54,21.87,92.35,18.59,Z083,19.94,13.55,1,0,left_half_space,penalty_area,left_foot,first_time,high_press_recovery,0,1,3.71,1,1,0.2228,1,0,0
SYN_SHOT_001166,synthetic_modelled_not_official_event_data,2024-25,Liverpool,Premier League,LIV_PL_2024_25_23,23,2025-01-22,Brentford,home,2,3,drawing,Diogo Jota,FW,109.51,59.12,95.82,50.25,Z086,18.66,11.35,1,0,right_half_space,penalty_area,right_foot,chip,counter_attack,0,0,2.89,1,0,0.0555,1,0,0
SYN_SHOT_001167,synthetic_modelled_not_official_event_data,2024-25,Liverpool,Premier League,LIV_PL_2024_25_21,21,2025-01-09,Aston Villa,home,38,59,winning,Conor Bradley,DF,68.95,79.0,60.33,67.15,Z056,55.62,6.06,0,0,right_wing,middle_third,right_foot,volley,throw_in,1,0,4.82,2,0,0.0001,0,0,0
SYN_SHOT_001168,synthetic_modelled_not_official_event_data,2024-25,Liverpool,Premier League,LIV_PL_2024_25_22,22,2025-01-16,Bournemouth,away,79,25,losing,Harvey Elliott,MF,111.23,36.59,97.32,31.1,Z092,8.2,46.18,1,0,central,six_yard_box,head,first_time,open_play,0,0,2.27,0,0,0.2627,0,0,0
SYN_SHOT_001169,synthetic_modelled_not_official_event_data,2024-25,Liverpool,Premier League,LIV_PL_2024_25_15,15,2024-12-01,Nottingham Forest,home,43,13,winning,Dominik Szoboszlai,MF,108.22,39.27,94.69,33.38,Z084,10.33,38.97,1,0,central,penalty_area,left_foot,volley,open_play,1,0,1.14,2,0,0.1733,0,0,0
SYN_SHOT_001170,synthetic_modelled_not_official_event_data,2024-25,Liverpool,Premier League,LIV_PL_2024_25_06,6,2024-09-29,Chelsea,away,14,4,losing,Mohamed Salah,FW,119.0,35.46,104.13,30.14,Z092,3.96,70.4,1,1,central,six_yard_box,left_foot,normal,open_play,0,0,1.11,0,1,0.9456,1,1,1
SYN_SHOT_001171,synthetic_modelled_not_official_event_data,2024-25,Liverpool,Premier League,LIV_PL_2024_25_22,22,2025-01-19,Bournemouth,away,45,17,losing,Mohamed Salah,FW,113.9,46.49,99.66,39.52,Z093,7.68,40.62,1,1,central,six_yard_box,right_foot,normal,open_play,1,0,1.54,3,0,0.4493,1,0,0
SYN_SHOT_001172,synthetic_modelled_not_official_event_data,2024-25,Liverpool,Premier League,LIV_PL_2024_25_22,22,2025-01-18,Bournemouth,away,40,51,drawing,Mohamed Salah,FW,95.0,38.69,83.12,32.88,Z076,21.91,18.95,0,0,central,final_third_outside_box,left_foot,normal,high_press_recovery,0,1,10.32,2,1,0.1302,1,0,0
SYN_SHOT_001173,synthetic_modelled_not_official_event_data,2024-25,Liverpool,Premier League,LIV_PL_2024_25_03,3,2024-09-06,Bournemouth,home,19,36,winning,Mohamed Salah,FW,114.36,24.07,100.07,20.46,Z091,14.41,10.53,1,0,left_half_space,penalty_area,right_foot,first_time,open_play,0,1,8.37,2,1,0.2968,0,0,0
SYN_SHOT_001174,synthetic_modelled_not_official_event_data,2024-25,Liverpool,Premier League,LIV_PL_2024_25_03,3,2024-09-08,Bournemouth,home,6,55,drawing,Mohamed Salah,FW,104.13,26.76,91.11,22.74,Z083,17.88,18.37,1,0,left_half_space,penalty_area,right_foot,chip,open_play,0,0,2.6,2,0,0.0627,0,0,0
SYN_SHOT_001175,synthetic_modelled_not_official_event_data,2024-25,Liverpool,Premier League,LIV_PL_2024_25_04,4,2024-09-13,Brentford,away,10,45,winning,Darwin Núñez,FW,88.76,58.37,77.66,49.62,Z070,31.48,11.57,0,0,right_half_space,final_third_outside_box,right_foot,normal,open_play,0,0,2.44,2,0,0.0036,0,0,0
SYN_SHOT_001176,synthetic_modelled_not_official_event_data,2024-25,Liverpool,Premier League,LIV_PL_2024_25_31,31,2025-03-19,Manchester City,home,37,9,drawing,Mohamed Salah,FW,86.35,8.81,75.55,7.49,Z065,39.62,7.88,0,0,left_wing,final_third_outside_box,right_foot,volley,throw_in,0,0,2.11,0,0,0.0021,0,0,0
SYN_SHOT_001177,synthetic_modelled_not_official_event_data,2024-25,Liverpool,Premier League,LIV_PL_2024_25_11,11,2024-10-31,Leicester City,home,82,3,drawing,Federico Chiesa,FW,105.49,54.3,92.3,46.15,Z086,17.58,17.46,1,0,right_half_space,penalty_area,right_foot,power,high_press_recovery,0,0,4.26,1,0,0.0724,0,0,0
SYN_SHOT_001178,synthetic_modelled_not_official_event_data,2024-25,Liverpool,Premier League,LIV_PL_2024_25_02,2,2024-09-01,Aston Villa,away,53,12,drawing,James McConnell,MF,116.81,13.47,102.21,11.45,Z090,22.72,2.32,0,0,left_wing,wide_final_third,head,normal,open_play,0,0,2.35,2,0,0.0043,1,0,0
SYN_SHOT_001179,synthetic_modelled_not_official_event_data,2024-25,Liverpool,Premier League,LIV_PL_2024_25_11,11,2024-10-30,Leicester City,home,56,46,drawing,Trey Nyoni,MF,100.04,20.36,87.54,17.31,Z083,24.16,12.64,0,0,left_half_space,penalty_area,left_foot,normal,open_play,0,0,3.06,2,0,0.0108,0,0,0
SYN_SHOT_001180,synthetic_modelled_not_official_event_data,2024-25,Liverpool,Premier League,LIV_PL_2024_25_29,29,2025-03-08,Ipswich Town,home,82,9,drawing,Conor Bradley,DF,105.26,70.74,92.1,60.13,Z088,29.14,6.45,0,0,right_wing,wide_final_third,left_foot,normal,open_play,0,0,0.58,2,0,0.0026,0,0,0
SYN_SHOT_001181,synthetic_modelled_not_official_event_data,2024-25,Liverpool,Premier League,LIV_PL_2024_25_14,14,2024-11-22,Newcastle United,away,87,30,winning,Luis Díaz,FW,108.33,35.8,94.79,30.43,Z084,10.82,35.8,1,0,central,penalty_area,left_foot,normal,open_play,0,0,5.17,1,0,0.2704,1,0,0
SYN_SHOT_001182,synthetic_modelled_not_official_event_data,2024-25,Liverpool,Premier League,LIV_PL_2024_25_09,9,2024-10-18,Fulham,home,43,38,winning,Mohamed Salah,FW,113.15,56.93,99.01,48.39,Z094,15.59,10.82,1,0,right_half_space,penalty_area,right_foot,normal,corner,0,0,3.06,4,0,0.0396,0,0,0
SYN_SHOT_001183,synthetic_modelled_not_official_event_data,2024-25,Liverpool,Premier League,LIV_PL_2024_25_30,30,2025-03-15,Leicester City,away,47,1,winning,Mohamed Salah,FW,114.53,40.11,100.22,34.09,Z093,4.78,74.84,1,1,central,six_yard_box,head,normal,corner,1,0,4.85,0,1,0.871,1,1,1
SYN_SHOT_001184,synthetic_modelled_not_official_event_data,2024-25,Liverpool,Premier League,LIV_PL_2024_25_34,34,2025-04-11,Nottingham Forest,away,68,1,drawing,Ryan Gravenberch,MF,119.5,47.85,104.56,40.67,Z093,6.69,5.84,1,1,central,six_yard_box,right_foot,power,open_play,0,0,1.78,2,0,0.3041,1,0,0
SYN_SHOT_001185,synthetic_modelled_not_official_event_data,2024-25,Liverpool,Premier League,LIV_PL_2024_25_11,11,2024-11-02,Leicester City,home,94,15,winning,Mohamed Salah,FW,90.25,43.59,78.97,37.05,Z077,26.21,15.8,0,0,central,final_third_outside_box,left_foot,normal,high_press_recovery,1,0,3.63,3,0,0.009,0,0,0
SYN_SHOT_001186,synthetic_modelled_not_official_event_data,2024-25,Liverpool,Premier League,LIV_PL_2024_25_26,26,2025-02-14,Crystal Palace,away,94,4,losing,Ibrahima Konaté,DF,115.95,54.04,101.45,45.94,Z094,12.45,10.39,1,0,right_half_space,penalty_area,head,normal,corner,0,0,0.92,0,0,0.0358,1,0,0
SYN_SHOT_001187,synthetic_modelled_not_official_event_data,2024-25,Liverpool,Premier League,LIV_PL_2024_25_31,31,2025-03-21,Manchester City,home,17,59,drawing,Diogo Jota,FW,76.17,68.51,66.65,58.23,Z063,45.37,7.82,0,0,right_wing,middle_third,right_foot,normal,open_play,1,0,4.36,4,0,0.0005,0,0,0
SYN_SHOT_001188,synthetic_modelled_not_official_event_data,2024-25,Liverpool,Premier League,LIV_PL_2024_25_35,35,2025-04-16,Southampton,home,77,19,winning,Cody Gakpo,FW,112.09,59.74,98.08,50.77,Z094,18.15,9.11,1,0,right_half_space,penalty_area,other,placed,open_play,1,0,5.27,0,0,0.0205,1,0,0
SYN_SHOT_001189,synthetic_modelled_not_official_event_data,2024-25,Liverpool,Premier League,LIV_PL_2024_25_23,23,2025-01-24,Brentford,home,41,54,drawing,Cody Gakpo,FW,98.75,33.49,86.41,28.46,Z076,19.4,20.55,0,0,central,final_third_outside_box,left_foot,normal,open_play,0,0,3.81,3,0,0.0232,0,0,0
SYN_SHOT_001190,synthetic_modelled_not_official_event_data,2024-25,Liverpool,Premier League,LIV_PL_2024_25_12,12,2024-11-09,Manchester City,away,75,23,winning,Luis Díaz,FW,104.07,46.06,91.06,39.15,Z085,14.86,26.19,1,0,central,penalty_area,right_foot,volley,throw_in,0,0,3.39,0,0,0.1791,0,0,0
SYN_SHOT_001191,synthetic_modelled_not_official_event_data,2024-25,Liverpool,Premier League,LIV_PL_2024_25_22,22,2025-01-19,Bournemouth,away,2,28,drawing,Mohamed Salah,FW,100.41,43.37,87.86,36.87,Z085,17.38,23.5,0,0,central,penalty_area,other,normal,free_kick_indirect,1,0,0.5,1,0,0.0137,0,0,0
SYN_SHOT_001192,synthetic_modelled_not_official_event_data,2024-25,Liverpool,Premier League,LIV_PL_2024_25_04,4,2024-09-13,Brentford,away,54,59,drawing,Mohamed Salah,FW,119.5,23.94,104.56,20.35,Z091,13.66,1.06,1,0,left_half_space,penalty_area,left_foot,half_volley,free_kick_indirect,0,0,2.07,1,0,0.0581,1,0,0
SYN_SHOT_001193,synthetic_modelled_not_official_event_data,2024-25,Liverpool,Premier League,LIV_PL_2024_25_38,38,2025-05-07,Wolverhampton Wanderers,away,35,59,winning,Mohamed Salah,FW,91.01,52.55,79.64,44.67,Z078,27.52,14.02,0,0,right_half_space,final_third_outside_box,other,normal,open_play,0,0,4.59,3,0,0.003,1,0,0
SYN_SHOT_001194,synthetic_modelled_not_official_event_data,2024-25,Liverpool,Premier League,LIV_PL_2024_25_19,19,2024-12-29,Wolverhampton Wanderers,home,69,54,winning,Mohamed Salah,FW,83.67,79.0,73.21,67.15,Z072,45.93,6.33,0,0,right_wing,final_third_outside_box,right_foot,normal,high_press_recovery,1,0,1.72,5,0,0.0004,0,0,0
SYN_SHOT_001195,synthetic_modelled_not_official_event_data,2024-25,Liverpool,Premier League,LIV_PL_2024_25_05,5,2024-09-22,Brighton,home,48,37,drawing,Luis Díaz,FW,94.71,37.3,82.87,31.71,Z076,22.25,18.59,0,0,central,final_third_outside_box,right_foot,volley,open_play,0,0,2.65,0,0,0.0225,0,0,0
SYN_SHOT_001196,synthetic_modelled_not_official_event_data,2024-25,Liverpool,Premier League,LIV_PL_2024_25_16,16,2024-12-04,Southampton,away,25,19,winning,Luis Díaz,FW,83.37,75.26,72.94,63.97,Z072,43.89,6.99,0,0,right_wing,final_third_outside_box,other,half_volley,high_press_recovery,0,1,3.73,3,1,0.0014,0,0,0
SYN_SHOT_001197,synthetic_modelled_not_official_event_data,2024-25,Liverpool,Premier League,LIV_PL_2024_25_19,19,2024-12-28,Wolverhampton Wanderers,home,47,40,losing,Darwin Núñez,FW,115.11,29.03,100.72,24.68,Z091,10.26,18.84,1,0,left_half_space,penalty_area,right_foot,normal,open_play,0,0,6.71,2,0,0.1427,0,0,0
SYN_SHOT_001198,synthetic_modelled_not_official_event_data,2024-25,Liverpool,Premier League,LIV_PL_2024_25_23,23,2025-01-22,Brentford,home,66,47,drawing,Cody Gakpo,FW,94.96,33.45,83.09,28.43,Z076,22.6,17.87,0,0,central,final_third_outside_box,left_foot,half_volley,free_kick_indirect,0,0,4.34,2,0,0.0231,0,0,0
SYN_SHOT_001199,synthetic_modelled_not_official_event_data,2024-25,Liverpool,Premier League,LIV_PL_2024_25_38,38,2025-05-11,Wolverhampton Wanderers,away,53,38,drawing,Cody Gakpo,FW,100.45,45.07,87.9,38.31,Z085,17.64,22.81,0,0,central,penalty_area,left_foot,normal,open_play,0,0,5.73,1,0,0.0469,1,0,0
SYN_SHOT_001200,synthetic_modelled_not_official_event_data,2024-25,Liverpool,Premier League,LIV_PL_2024_25_26,26,2025-02-12,Crystal Palace,away,84,59,winning,Mohamed Salah,FW,119.5,15.97,104.56,13.57,Z090,20.43,0.45,0,0,left_wing,wide_final_third,left_foot,curled,open_play,0,0,3.6,2,0,0.0158,1,0,0
SYN_SHOT_001201,synthetic_modelled_not_official_event_data,2024-25,Liverpool,Premier League,LIV_PL_2024_25_04,4,2024-09-14,Brentford,away,80,28,winning,Mohamed Salah,FW,116.03,71.31,101.52,60.61,Z096,26.84,2.06,0,0,right_wing,wide_final_third,left_foot,curled,open_play,0,0,5.44,3,0,0.0051,0,0,0
SYN_SHOT_001202,synthetic_modelled_not_official_event_data,2024-25,Liverpool,Premier League,LIV_PL_2024_25_33,33,2025-04-02,Newcastle United,home,62,14,winning,Cody Gakpo,FW,105.62,14.48,92.41,12.31,Z082,25.08,8.51,0,0,left_wing,wide_final_third,left_foot,first_time,corner,0,0,3.58,3,0,0.0046,0,0,0
SYN_SHOT_001203,synthetic_modelled_not_official_event_data,2024-25,Liverpool,Premier League,LIV_PL_2024_25_21,21,2025-01-10,Aston Villa,home,92,34,winning,Trent Alexander-Arnold,DF,83.99,20.62,73.49,17.53,Z067,35.55,10.45,0,0,left_half_space,final_third_outside_box,right_foot,normal,counter_attack,0,0,3.33,3,0,0.0016,0,0,0
SYN_SHOT_001204,synthetic_modelled_not_official_event_data,2024-25,Liverpool,Premier League,LIV_PL_2024_25_33,33,2025-04-03,Newcastle United,home,77,35,losing,Diogo Jota,FW,97.5,35.3,85.32,30.0,Z076,20.09,20.27,0,0,central,final_third_outside_box,right_foot,normal,counter_attack,1,0,2.03,1,0,0.0252,0,0,0
SYN_SHOT_001205,synthetic_modelled_not_official_event_data,2024-25,Liverpool,Premier League,LIV_PL_2024_25_14,14,2024-11-20,Newcastle United,away,3,20,losing,Mohamed Salah,FW,112.7,20.9,98.61,17.76,Z091,17.45,9.12,1,0,left_half_space,penalty_area,right_foot,volley,open_play,0,0,3.56,0,0,0.0826,0,0,0
SYN_SHOT_001206,synthetic_modelled_not_official_event_data,2024-25,Liverpool,Premier League,LIV_PL_2024_25_32,32,2025-03-28,Manchester United,away,58,59,drawing,Mohamed Salah,FW,116.24,46.08,101.71,39.17,Z093,6.13,44.91,1,1,central,six_yard_box,other,first_time,open_play,0,0,5.28,2,0,0.5903,1,1,1
SYN_SHOT_001207,synthetic_modelled_not_official_event_data,2024-25,Liverpool,Premier League,LIV_PL_2024_25_33,33,2025-04-02,Newcastle United,home,81,52,winning,Mohamed Salah,FW,110.1,51.53,96.34,43.8,Z094,13.08,21.91,1,0,right_half_space,penalty_area,right_foot,curled,free_kick_indirect,1,0,5.79,3,0,0.0733,0,0,0
SYN_SHOT_001208,synthetic_modelled_not_official_event_data,2024-25,Liverpool,Premier League,LIV_PL_2024_25_06,6,2024-09-27,Chelsea,away,59,35,losing,Curtis Jones,MF,108.77,50.36,95.17,42.81,Z086,13.2,24.11,1,0,right_half_space,penalty_area,right_foot,curled,free_kick_indirect,1,0,1.7,1,0,0.0613,0,0,0
SYN_SHOT_001209,synthetic_modelled_not_official_event_data,2024-25,Liverpool,Premier League,LIV_PL_2024_25_02,2,2024-08-30,Aston Villa,away,43,33,drawing,Curtis Jones,MF,87.93,24.28,76.94,20.63,Z067,31.08,12.17,0,0,left_half_space,final_third_outside_box,right_foot,half_volley,counter_attack,1,0,2.78,1,0,0.0033,0,0,0
SYN_SHOT_001210,synthetic_modelled_not_official_event_data,2024-25,Liverpool,Premier League,LIV_PL_2024_25_31,31,2025-03-23,Manchester City,home,27,46,drawing,Mohamed Salah,FW,108.75,24.11,95.16,20.5,Z083,16.71,15.17,1,0,left_half_space,penalty_area,left_foot,normal,open_play,0,0,1.42,2,0,0.0644,1,0,0
SYN_SHOT_001211,synthetic_modelled_not_official_event_data,2024-25,Liverpool,Premier League,LIV_PL_2024_25_21,21,2025-01-12,Aston Villa,home,67,29,drawing,Mohamed Salah,FW,91.04,35.32,79.66,30.02,Z076,25.65,16.05,0,0,central,final_third_outside_box,left_foot,half_volley,open_play,0,0,0.5,2,0,0.0137,0,0,0
SYN_SHOT_001212,synthetic_modelled_not_official_event_data,2024-25,Liverpool,Premier League,LIV_PL_2024_25_20,20,2025-01-01,Arsenal,away,51,30,winning,Curtis Jones,MF,117.33,34.88,102.67,29.65,Z092,4.94,57.23,1,1,central,six_yard_box,right_foot,normal,counter_attack,1,0,3.22,4,0,0.6911,1,0,0
SYN_SHOT_001213,synthetic_modelled_not_official_event_data,2024-25,Liverpool,Premier League,LIV_PL_2024_25_10,10,2024-10-27,Ipswich Town,away,79,6,winning,Cody Gakpo,FW,115.93,32.94,101.44,28.0,Z092,6.98,36.41,1,1,central,six_yard_box,head,normal,open_play,0,0,1.7,2,0,0.4773,1,0,0
SYN_SHOT_001214,synthetic_modelled_not_official_event_data,2024-25,Liverpool,Premier League,LIV_PL_2024_25_31,31,2025-03-21,Manchester City,home,89,14,drawing,Mohamed Salah,FW,105.85,32.89,92.62,27.96,Z084,13.78,27.19,1,0,central,penalty_area,head,curled,open_play,0,0,1.64,0,0,0.1307,0,0,0
SYN_SHOT_001215,synthetic_modelled_not_official_event_data,2024-25,Liverpool,Premier League,LIV_PL_2024_25_21,21,2025-01-09,Aston Villa,home,81,45,drawing,Luis Díaz,FW,67.4,73.1,58.97,62.14,Z056,53.95,6.63,0,0,right_wing,middle_third,right_foot,power,open_play,0,0,3.71,1,0,0.0003,0,0,0
SYN_SHOT_001216,synthetic_modelled_not_official_event_data,2024-25,Liverpool,Premier League,LIV_PL_2024_25_27,27,2025-02-22,Everton,home,60,30,losing,Andy Robertson,DF,105.37,32.72,92.2,27.81,Z084,14.22,26.4,1,0,central,penalty_area,left_foot,power,free_kick_indirect,0,0,1.57,1,0,0.1024,1,1,1
SYN_SHOT_001217,synthetic_modelled_not_official_event_data,2024-25,Liverpool,Premier League,LIV_PL_2024_25_36,36,2025-04-23,Tottenham Hotspur,away,62,14,losing,Mohamed Salah,FW,109.0,24.02,95.38,20.42,Z083,16.65,14.95,1,0,left_half_space,penalty_area,left_foot,curled,corner,1,0,2.44,1,0,0.0331,0,0,0
SYN_SHOT_001218,synthetic_modelled_not_official_event_data,2024-25,Liverpool,Premier League,LIV_PL_2024_25_09,9,2024-10-16,Fulham,home,64,6,drawing,Diogo Jota,FW,79.72,62.52,69.75,53.14,Z063,40.11,9.19,0,0,right_wing,middle_third,right_foot,power,open_play,0,0,0.94,2,0,0.0015,0,0,0
SYN_SHOT_001219,synthetic_modelled_not_official_event_data,2024-25,Liverpool,Premier League,LIV_PL_2024_25_14,14,2024-11-23,Newcastle United,away,89,6,winning,Cody Gakpo,FW,100.79,43.08,88.19,36.62,Z085,17.01,24.03,0,0,central,penalty_area,left_foot,first_time,counter_attack,0,1,4.47,1,1,0.2228,1,1,1
SYN_SHOT_001220,synthetic_modelled_not_official_event_data,2024-25,Liverpool,Premier League,LIV_PL_2024_25_09,9,2024-10-19,Fulham,home,23,13,drawing,Cody Gakpo,FW,101.52,36.15,88.83,30.73,Z084,16.5,24.58,1,0,central,penalty_area,left_foot,power,counter_attack,0,1,5.41,1,1,0.42,1,1,1
SYN_SHOT_001221,synthetic_modelled_not_official_event_data,2024-25,Liverpool,Premier League,LIV_PL_2024_25_15,15,2024-11-27,Nottingham Forest,home,77,19,winning,Mohamed Salah,FW,112.86,1.0,98.75,0.85,Z089,33.73,2.33,0,0,left_wing,wide_final_third,left_foot,placed,open_play,1,0,0.65,1,0,0.0019,0,0,0
SYN_SHOT_001222,synthetic_modelled_not_official_event_data,2024-25,Liverpool,Premier League,LIV_PL_2024_25_16,16,2024-12-08,Southampton,away,81,15,drawing,Luis Díaz,FW,99.56,50.82,87.11,43.19,Z078,20.11,18.51,0,0,right_half_space,final_third_outside_box,right_foot,normal,open_play,1,0,0.5,1,0,0.0124,0,0,0
SYN_SHOT_001223,synthetic_modelled_not_official_event_data,2024-25,Liverpool,Premier League,LIV_PL_2024_25_17,17,2024-12-11,Tottenham Hotspur,home,89,29,drawing,Mohamed Salah,FW,114.93,50.4,100.57,42.84,Z094,9.89,21.04,1,1,right_half_space,penalty_area,left_foot,power,free_kick_indirect,0,0,2.63,1,1,0.5501,1,1,1
SYN_SHOT_001224,synthetic_modelled_not_official_event_data,2024-25,Liverpool,Premier League,LIV_PL_2024_25_12,12,2024-11-08,Manchester City,away,66,33,drawing,Diogo Jota,FW,104.66,40.47,91.57,34.4,Z085,13.43,30.47,1,0,central,penalty_area,right_foot,normal,high_press_recovery,1,0,0.5,0,0,0.174,1,1,1
SYN_SHOT_001225,synthetic_modelled_not_official_event_data,2024-25,Liverpool,Premier League,LIV_PL_2024_25_15,15,2024-11-30,Nottingham Forest,home,29,24,winning,Cody Gakpo,FW,119.5,44.41,104.56,37.75,Z093,3.77,75.32,1,1,central,six_yard_box,right_foot,placed,counter_attack,0,0,2.03,5,0,0.817,1,0,0
SYN_SHOT_001226,synthetic_modelled_not_official_event_data,2024-25,Liverpool,Premier League,LIV_PL_2024_25_10,10,2024-10-24,Ipswich Town,away,75,38,losing,Luis Díaz,FW,110.45,26.04,96.64,22.13,Z091,14.51,17.23,1,0,left_half_space,penalty_area,right_foot,chip,counter_attack,0,0,2.89,1,0,0.0891,0,0,0
SYN_SHOT_001227,synthetic_modelled_not_official_event_data,2024-25,Liverpool,Premier League,LIV_PL_2024_25_03,3,2024-09-08,Bournemouth,home,93,30,drawing,Darwin Núñez,FW,113.72,29.31,99.5,24.91,Z091,10.62,22.03,1,1,left_half_space,penalty_area,head,curled,corner,0,0,4.32,3,0,0.1382,1,1,1
SYN_SHOT_001228,synthetic_modelled_not_official_event_data,2024-25,Liverpool,Premier League,LIV_PL_2024_25_28,28,2025-02-28,Fulham,away,8,37,winning,Luis Díaz,FW,100.68,19.56,88.09,16.63,Z082,24.24,12.16,0,0,left_wing,wide_final_third,left_foot,normal,open_play,0,0,1.24,4,0,0.0057,0,0,0
SYN_SHOT_001229,synthetic_modelled_not_official_event_data,2024-25,Liverpool,Premier League,LIV_PL_2024_25_03,3,2024-09-06,Bournemouth,home,61,48,winning,Luis Díaz,FW,114.8,46.1,100.45,39.19,Z093,6.9,44.24,1,1,central,six_yard_box,right_foot,power,open_play,0,0,2.9,0,1,0.8298,1,1,1
SYN_SHOT_001230,synthetic_modelled_not_official_event_data,2024-25,Liverpool,Premier League,LIV_PL_2024_25_29,29,2025-03-06,Ipswich Town,home,47,43,losing,Diogo Jota,FW,110.93,52.99,97.06,45.04,Z094,13.6,18.71,1,0,right_half_space,penalty_area,left_foot,normal,open_play,1,1,4.5,1,1,0.2867,1,0,0
SYN_SHOT_001231,synthetic_modelled_not_official_event_data,2024-25,Liverpool,Premier League,LIV_PL_2024_25_38,38,2025-05-09,Wolverhampton Wanderers,away,88,1,winning,Luis Díaz,FW,89.88,21.0,78.65,17.85,Z067,30.91,11.58,0,0,left_half_space,final_third_outside_box,other,first_time,open_play,0,0,2.87,6,0,0.0011,0,0,0
SYN_SHOT_001232,synthetic_modelled_not_official_event_data,2024-25,Liverpool,Premier League,LIV_PL_2024_25_28,28,2025-02-27,Fulham,away,78,5,drawing,Luis Díaz,FW,96.69,11.52,84.6,9.79,Z074,31.66,8.59,0,0,left_wing,final_third_outside_box,left_foot,normal,high_press_recovery,0,0,0.5,1,0,0.004,1,0,0
SYN_SHOT_001233,synthetic_modelled_not_official_event_data,2024-25,Liverpool,Premier League,LIV_PL_2024_25_04,4,2024-09-14,Brentford,away,4,46,drawing,Ibrahima Konaté,DF,98.09,36.25,85.83,30.81,Z076,19.44,21.06,0,0,central,final_third_outside_box,right_foot,normal,free_kick_indirect,1,0,6.78,6,0,0.0134,0,0,0
SYN_SHOT_001234,synthetic_modelled_not_official_event_data,2024-25,Liverpool,Premier League,LIV_PL_2024_25_05,5,2024-09-19,Brighton,home,37,7,winning,Kostas Tsimikas,DF,98.43,19.73,86.12,16.77,Z074,25.56,12.19,0,0,left_wing,final_third_outside_box,head,normal,corner,0,0,1.33,2,0,0.0029,1,0,0
SYN_SHOT_001235,synthetic_modelled_not_official_event_data,2024-25,Liverpool,Premier League,LIV_PL_2024_25_17,17,2024-12-15,Tottenham Hotspur,home,88,41,drawing,Dominik Szoboszlai,MF,102.7,40.87,89.86,34.74,Z085,15.16,27.12,1,0,central,penalty_area,right_foot,volley,open_play,1,0,3.95,3,0,0.0657,0,0,0
SYN_SHOT_001236,synthetic_modelled_not_official_event_data,2024-25,Liverpool,Premier League,LIV_PL_2024_25_37,37,2025-05-01,West Ham United,home,67,31,winning,Cody Gakpo,FW,90.4,9.02,79.1,7.67,Z073,36.93,7.99,0,0,left_wing,final_third_outside_box,left_foot,normal,open_play,0,0,3.17,5,0,0.0016,0,0,0
SYN_SHOT_001237,synthetic_modelled_not_official_event_data,2024-25,Liverpool,Premier League,LIV_PL_2024_25_16,16,2024-12-07,Southampton,away,12,53,losing,Mohamed Salah,FW,93.95,48.89,82.2,41.56,Z077,24.02,16.5,0,0,central,final_third_outside_box,right_foot,normal,high_press_recovery,0,0,0.53,3,0,0.0097,0,0,0
SYN_SHOT_001238,synthetic_modelled_not_official_event_data,2024-25,Liverpool,Premier League,LIV_PL_2024_25_11,11,2024-10-31,Leicester City,home,28,3,winning,Mohamed Salah,FW,112.19,36.21,98.16,30.78,Z092,7.56,48.87,1,0,central,six_yard_box,head,normal,corner,1,0,4.07,2,0,0.2461,0,0,0
SYN_SHOT_001239,synthetic_modelled_not_official_event_data,2024-25,Liverpool,Premier League,LIV_PL_2024_25_12,12,2024-11-06,Manchester City,away,6,37,winning,Mohamed Salah,FW,110.39,48.18,96.59,40.95,Z093,10.91,30.22,1,0,central,six_yard_box,left_foot,normal,open_play,0,0,0.5,4,0,0.1229,1,0,0
SYN_SHOT_001240,synthetic_modelled_not_official_event_data,2024-25,Liverpool,Premier League,LIV_PL_2024_25_33,33,2025-04-05,Newcastle United,home,17,28,drawing,Mohamed Salah,FW,119.5,22.76,104.56,19.34,Z091,14.66,0.91,1,0,left_half_space,penalty_area,other,normal,counter_attack,1,0,0.93,2,0,0.0207,1,0,0
SYN_SHOT_001241,synthetic_modelled_not_official_event_data,2024-25,Liverpool,Premier League,LIV_PL_2024_25_24,24,2025-01-31,Brighton,away,16,20,drawing,Luis Díaz,FW,108.71,61.3,95.12,52.11,Z087,20.62,9.95,1,0,right_wing,wide_final_third,right_foot,curled,open_play,1,0,2.08,3,0,0.0132,1,0,0
SYN_SHOT_001242,synthetic_modelled_not_official_event_data,2024-25,Liverpool,Premier League,LIV_PL_2024_25_12,12,2024-11-08,Manchester City,away,45,27,winning,Mohamed Salah,FW,110.02,23.04,96.27,19.59,Z091,16.85,13.29,1,0,left_half_space,penalty_area,right_foot,normal,open_play,1,0,3.92,1,0,0.0571,0,0,0
SYN_SHOT_001243,synthetic_modelled_not_official_event_data,2024-25,Liverpool,Premier League,LIV_PL_2024_25_20,20,2025-01-01,Arsenal,away,52,7,drawing,Dominik Szoboszlai,MF,105.26,55.34,92.1,47.04,Z086,18.34,16.3,1,0,right_half_space,penalty_area,right_foot,curled,counter_attack,0,0,0.5,1,0,0.0534,0,0,0
SYN_SHOT_001244,synthetic_modelled_not_official_event_data,2024-25,Liverpool,Premier League,LIV_PL_2024_25_22,22,2025-01-15,Bournemouth,away,47,52,drawing,Luis Díaz,FW,113.59,46.05,99.39,39.15,Z093,7.61,42.66,1,0,central,six_yard_box,right_foot,normal,open_play,0,0,0.64,3,0,0.2406,1,1,1
SYN_SHOT_001245,synthetic_modelled_not_official_event_data,2024-25,Liverpool,Premier League,LIV_PL_2024_25_27,27,2025-02-19,Everton,home,47,43,winning,Luis Díaz,FW,114.16,6.36,99.89,5.4,Z089,29.05,2.58,0,0,left_wing,wide_final_third,left_foot,normal,open_play,0,0,4.08,1,0,0.0051,0,0,0
SYN_SHOT_001246,synthetic_modelled_not_official_event_data,2024-25,Liverpool,Premier League,LIV_PL_2024_25_10,10,2024-10-27,Ipswich Town,away,28,51,winning,Luis Díaz,FW,96.75,56.23,84.65,47.8,Z078,24.58,14.15,0,0,right_half_space,final_third_outside_box,right_foot,normal,high_press_recovery,0,0,4.1,2,0,0.0143,0,0,0
SYN_SHOT_001247,synthetic_modelled_not_official_event_data,2024-25,Liverpool,Premier League,LIV_PL_2024_25_33,33,2025-04-04,Newcastle United,home,10,45,drawing,Mohamed Salah,FW,119.5,18.54,104.56,15.76,Z090,18.25,0.57,1,0,left_wing,wide_final_third,head,normal,open_play,0,0,1.13,2,0,0.0223,0,0,0
SYN_SHOT_001248,synthetic_modelled_not_official_event_data,2024-25,Liverpool,Premier League,LIV_PL_2024_25_09,9,2024-10-18,Fulham,home,42,30,losing,Luis Díaz,FW,114.67,12.6,100.34,10.71,Z090,23.75,3.55,0,0,left_wing,wide_final_third,left_foot,curled,open_play,0,0,4.11,4,0,0.0061,0,0,0
SYN_SHOT_001249,synthetic_modelled_not_official_event_data,2024-25,Liverpool,Premier League,LIV_PL_2024_25_30,30,2025-03-12,Leicester City,away,72,2,losing,Dominik Szoboszlai,MF,91.94,49.72,80.45,42.27,Z077,25.9,15.28,0,0,central,final_third_outside_box,right_foot,power,open_play,0,0,3.96,5,0,0.0068,0,0,0
SYN_SHOT_001250,synthetic_modelled_not_official_event_data,2024-25,Liverpool,Premier League,LIV_PL_2024_25_10,10,2024-10-27,Ipswich Town,away,36,28,losing,Luis Díaz,FW,92.06,45.79,80.55,38.93,Z077,24.94,16.39,0,0,central,final_third_outside_box,right_foot,normal,open_play,1,0,1.88,4,0,0.0055,0,0,0
SYN_SHOT_001251,synthetic_modelled_not_official_event_data,2024-25,Liverpool,Premier League,LIV_PL_2024_25_37,37,2025-04-30,West Ham United,home,53,27,drawing,Trent Alexander-Arnold,DF,111.62,37.14,97.67,31.57,Z092,7.73,49.22,1,0,central,six_yard_box,right_foot,chip,open_play,0,0,1.87,4,0,0.1934,1,0,0
SYN_SHOT_001252,synthetic_modelled_not_official_event_data,2024-25,Liverpool,Premier League,LIV_PL_2024_25_23,23,2025-01-22,Brentford,home,65,42,winning,Diogo Jota,FW,115.87,37.41,101.39,31.8,Z092,4.23,80.3,1,1,central,six_yard_box,left_foot,normal,open_play,0,0,6.03,1,1,0.9434,1,1,1
SYN_SHOT_001253,synthetic_modelled_not_official_event_data,2024-25,Liverpool,Premier League,LIV_PL_2024_25_32,32,2025-03-26,Manchester United,away,15,38,drawing,Diogo Jota,FW,104.08,25.23,91.07,21.45,Z083,18.75,16.78,1,0,left_half_space,penalty_area,other,normal,free_kick_indirect,0,0,2.2,0,0,0.0288,1,0,0
SYN_SHOT_001254,synthetic_modelled_not_official_event_data,2024-25,Liverpool,Premier League,LIV_PL_2024_25_08,8,2024-10-09,Everton,away,17,27,winning,Cody Gakpo,FW,109.52,22.06,95.83,18.75,Z083,17.79,12.48,1,0,left_half_space,penalty_area,right_foot,volley,throw_in,0,0,6.52,4,0,0.0385,1,0,0
SYN_SHOT_001255,synthetic_modelled_not_official_event_data,2024-25,Liverpool,Premier League,LIV_PL_2024_25_25,25,2025-02-05,Chelsea,home,35,16,losing,Mohamed Salah,FW,111.83,46.47,97.85,39.5,Z093,9.02,37.58,1,0,central,six_yard_box,head,curled,corner,0,0,3.19,3,0,0.1471,0,0,0
SYN_SHOT_001256,synthetic_modelled_not_official_event_data,2024-25,Liverpool,Premier League,LIV_PL_2024_25_35,35,2025-04-16,Southampton,home,48,45,winning,Diogo Jota,FW,84.84,1.0,74.24,0.85,Z065,45.23,6.32,0,0,left_wing,final_third_outside_box,right_foot,normal,open_play,0,0,3.89,2,0,0.0011,0,0,0
SYN_SHOT_001257,synthetic_modelled_not_official_event_data,2024-25,Liverpool,Premier League,LIV_PL_2024_25_01,1,2024-08-24,Arsenal,home,93,20,winning,Diogo Jota,FW,105.62,39.24,92.42,33.36,Z084,12.59,32.37,1,0,central,penalty_area,left_foot,chip,free_kick_indirect,0,1,3.46,1,1,0.5624,1,0,0
SYN_SHOT_001258,synthetic_modelled_not_official_event_data,2024-25,Liverpool,Premier League,LIV_PL_2024_25_38,38,2025-05-11,Wolverhampton Wanderers,away,79,11,drawing,Dominik Szoboszlai,MF,119.5,33.78,104.56,28.71,Z092,5.31,12.23,1,1,central,six_yard_box,right_foot,half_volley,throw_in,1,0,2.52,2,0,0.3296,1,1,1
SYN_SHOT_001259,synthetic_modelled_not_official_event_data,2024-25,Liverpool,Premier League,LIV_PL_2024_25_17,17,2024-12-13,Tottenham Hotspur,home,11,16,losing,Luis Díaz,FW,103.32,27.31,90.4,23.21,Z083,18.15,18.68,1,0,left_half_space,penalty_area,right_foot,normal,open_play,1,0,2.57,2,0,0.0357,0,0,0
SYN_SHOT_001260,synthetic_modelled_not_official_event_data,2024-25,Liverpool,Premier League,LIV_PL_2024_25_05,5,2024-09-18,Brighton,home,55,2,winning,Diogo Jota,FW,96.37,45.49,84.32,38.66,Z077,21.19,19.15,0,0,central,final_third_outside_box,right_foot,normal,open_play,1,0,1.5,4,0,0.0108,0,0,0
SYN_SHOT_001261,synthetic_modelled_not_official_event_data,2024-25,Liverpool,Premier League,LIV_PL_2024_25_32,32,2025-03-26,Manchester United,away,80,32,drawing,Dominik Szoboszlai,MF,91.52,31.22,80.08,26.54,Z076,26.01,15.38,0,0,central,final_third_outside_box,head,normal,open_play,1,0,0.56,2,0,0.0035,1,0,0
SYN_SHOT_001262,synthetic_modelled_not_official_event_data,2024-25,Liverpool,Premier League,LIV_PL_2024_25_31,31,2025-03-21,Manchester City,home,82,20,winning,Mohamed Salah,FW,85.64,53.52,74.93,45.49,Z070,32.19,12.15,0,0,right_half_space,final_third_outside_box,left_foot,normal,free_kick_indirect,0,0,3.55,2,0,0.006,1,0,0
SYN_SHOT_001263,synthetic_modelled_not_official_event_data,2024-25,Liverpool,Premier League,LIV_PL_2024_25_32,32,2025-03-26,Manchester United,away,8,4,winning,Luis Díaz,FW,109.44,55.59,95.76,47.25,Z086,16.15,15.29,1,0,right_half_space,penalty_area,right_foot,normal,open_play,0,0,1.75,1,0,0.0559,1,0,0
SYN_SHOT_001264,synthetic_modelled_not_official_event_data,2024-25,Liverpool,Premier League,LIV_PL_2024_25_12,12,2024-11-09,Manchester City,away,68,40,losing,Luis Díaz,FW,86.06,18.05,75.3,15.34,Z066,35.07,10.13,0,0,left_wing,final_third_outside_box,right_foot,normal,open_play,1,0,3.13,0,0,0.003,0,0,0
SYN_SHOT_001265,synthetic_modelled_not_official_event_data,2024-25,Liverpool,Premier League,LIV_PL_2024_25_17,17,2024-12-13,Tottenham Hotspur,home,36,3,losing,Ibrahima Konaté,DF,111.46,78.24,97.53,66.51,Z096,33.35,2.85,0,0,right_wing,wide_final_third,right_foot,first_time,high_press_recovery,0,0,0.99,3,0,0.0011,0,0,0
SYN_SHOT_001266,synthetic_modelled_not_official_event_data,2024-25,Liverpool,Premier League,LIV_PL_2024_25_18,18,2024-12-20,West Ham United,away,83,23,winning,Wataru Endo,MF,95.55,49.23,83.6,41.84,Z077,22.79,17.2,0,0,central,final_third_outside_box,right_foot,normal,open_play,0,0,2.34,3,0,0.007,1,0,0
SYN_SHOT_001267,synthetic_modelled_not_official_event_data,2024-25,Liverpool,Premier League,LIV_PL_2024_25_11,11,2024-11-03,Leicester City,home,82,42,drawing,Diogo Jota,FW,109.21,60.22,95.56,51.19,Z087,19.61,10.54,1,0,right_wing,wide_final_third,right_foot,normal,open_play,0,0,2.03,1,0,0.0384,0,0,0
SYN_SHOT_001268,synthetic_modelled_not_official_event_data,2024-25,Liverpool,Premier League,LIV_PL_2024_25_13,13,2024-11-16,Manchester United,home,91,28,losing,Cody Gakpo,FW,83.56,16.45,73.11,13.98,Z066,37.65,9.44,0,0,left_wing,final_third_outside_box,left_foot,curled,open_play,1,0,3.75,2,0,0.0017,0,0,0
SYN_SHOT_001269,synthetic_modelled_not_official_event_data,2024-25,Liverpool,Premier League,LIV_PL_2024_25_04,4,2024-09-14,Brentford,away,68,49,winning,Harvey Elliott,MF,105.05,30.55,91.92,25.97,Z084,15.35,23.31,1,0,central,penalty_area,head,normal,counter_attack,0,1,4.21,1,1,0.2401,1,0,0
SYN_SHOT_001270,synthetic_modelled_not_official_event_data,2024-25,Liverpool,Premier League,LIV_PL_2024_25_09,9,2024-10-16,Fulham,home,86,47,drawing,Diogo Jota,FW,100.16,30.65,87.64,26.05,Z084,19.1,19.89,0,0,central,penalty_area,left_foot,normal,counter_attack,0,0,4.16,3,0,0.0265,1,0,0
SYN_SHOT_001271,synthetic_modelled_not_official_event_data,2024-25,Liverpool,Premier League,LIV_PL_2024_25_03,3,2024-09-04,Bournemouth,home,44,36,drawing,Mohamed Salah,FW,106.12,31.83,92.86,27.05,Z084,13.99,25.99,1,0,central,penalty_area,left_foot,normal,throw_in,0,0,2.91,1,0,0.1184,0,0,0
SYN_SHOT_001272,synthetic_modelled_not_official_event_data,2024-25,Liverpool,Premier League,LIV_PL_2024_25_02,2,2024-08-29,Aston Villa,away,60,15,drawing,Darwin Núñez,FW,115.2,61.02,100.8,51.86,Z095,18.35,5.43,1,0,right_wing,wide_final_third,head,normal,open_play,0,0,5.5,0,0,0.0335,1,0,0
SYN_SHOT_001273,synthetic_modelled_not_official_event_data,2024-25,Liverpool,Premier League,LIV_PL_2024_25_02,2,2024-08-31,Aston Villa,away,32,35,winning,Mohamed Salah,FW,113.52,29.8,99.33,25.33,Z091,10.36,23.85,1,0,left_half_space,penalty_area,head,placed,corner,1,0,0.7,1,0,0.0567,1,1,1
SYN_SHOT_001274,synthetic_modelled_not_official_event_data,2024-25,Liverpool,Premier League,LIV_PL_2024_25_15,15,2024-11-27,Nottingham Forest,home,13,8,winning,Diogo Jota,FW,81.63,7.75,71.43,6.59,Z065,43.34,7.51,0,0,left_wing,final_third_outside_box,left_foot,power,open_play,1,0,3.31,2,0,0.001,0,0,0
SYN_SHOT_001275,synthetic_modelled_not_official_event_data,2024-25,Liverpool,Premier League,LIV_PL_2024_25_09,9,2024-10-16,Fulham,home,19,0,losing,Alexis Mac Allister,MF,101.87,63.89,89.14,54.3,Z087,25.76,10.12,0,0,right_wing,wide_final_third,right_foot,power,counter_attack,1,0,1.36,3,0,0.0039,0,0,0
SYN_SHOT_001276,synthetic_modelled_not_official_event_data,2024-25,Liverpool,Premier League,LIV_PL_2024_25_27,27,2025-02-23,Everton,home,13,47,winning,Mohamed Salah,FW,90.55,16.42,79.23,13.96,Z074,32.64,10.16,0,0,left_wing,final_third_outside_box,left_foot,normal,counter_attack,0,1,4.09,1,1,0.0273,0,0,0
SYN_SHOT_001277,synthetic_modelled_not_official_event_data,2024-25,Liverpool,Premier League,LIV_PL_2024_25_17,17,2024-12-11,Tottenham Hotspur,home,77,45,winning,Kostas Tsimikas,DF,101.12,34.9,88.48,29.67,Z084,17.07,23.49,0,0,central,penalty_area,right_foot,normal,free_kick_indirect,0,0,1.57,2,0,0.0309,0,0,0
SYN_SHOT_001278,synthetic_modelled_not_official_event_data,2024-25,Liverpool,Premier League,LIV_PL_2024_25_36,36,2025-04-24,Tottenham Hotspur,away,93,19,losing,Dominik Szoboszlai,MF,117.41,64.0,102.73,54.4,Z095,20.52,2.33,0,0,right_wing,wide_final_third,right_foot,half_volley,corner,0,0,0.5,1,0,0.0068,0,0,0
SYN_SHOT_001279,synthetic_modelled_not_official_event_data,2024-25,Liverpool,Premier League,LIV_PL_2024_25_36,36,2025-04-27,Tottenham Hotspur,away,44,46,drawing,Curtis Jones,MF,89.93,41.7,78.69,35.44,Z069,26.35,15.79,0,0,central,final_third_outside_box,right_foot,normal,direct_free_kick,1,0,5.36,1,0,0.0042,0,0,0
SYN_SHOT_001280,synthetic_modelled_not_official_event_data,2024-25,Liverpool,Premier League,LIV_PL_2024_25_37,37,2025-05-01,West Ham United,home,8,3,losing,Diogo Jota,FW,89.61,42.46,78.41,36.09,Z069,26.67,15.58,0,0,central,final_third_outside_box,right_foot,normal,counter_attack,0,1,6.12,1,1,0.0747,1,0,0
SYN_SHOT_001281,synthetic_modelled_not_official_event_data,2024-25,Liverpool,Premier League,LIV_PL_2024_25_26,26,2025-02-13,Crystal Palace,away,6,29,losing,Mohamed Salah,FW,108.0,40.0,94.5,34.0,Z085,10.5,38.43,1,0,central,penalty_area,left_foot,normal,penalty,1,0,1.2,0,1,0.9759,1,1,1
SYN_SHOT_001282,synthetic_modelled_not_official_event_data,2024-25,Liverpool,Premier League,LIV_PL_2024_25_24,24,2025-02-01,Brighton,away,54,4,losing,Mohamed Salah,FW,110.95,49.77,97.08,42.3,Z093,11.48,26.11,1,0,central,six_yard_box,right_foot,first_time,high_press_recovery,0,0,4.66,1,0,0.2201,1,0,0
SYN_SHOT_001283,synthetic_modelled_not_official_event_data,2024-25,Liverpool,Premier League,LIV_PL_2024_25_12,12,2024-11-09,Manchester City,away,35,37,losing,Alexis Mac Allister,MF,95.93,25.94,83.94,22.05,Z075,24.21,15.06,0,0,left_half_space,final_third_outside_box,right_foot,first_time,direct_free_kick,1,0,1.12,3,0,0.0033,0,0,0
SYN_SHOT_001284,synthetic_modelled_not_official_event_data,2024-25,Liverpool,Premier League,LIV_PL_2024_25_29,29,2025-03-07,Ipswich Town,home,20,54,winning,Dominik Szoboszlai,MF,97.9,50.71,85.66,43.1,Z078,21.37,17.7,0,0,right_half_space,final_third_outside_box,head,curled,direct_free_kick,0,0,3.3,4,0,0.0062,0,0,0
SYN_SHOT_001285,synthetic_modelled_not_official_event_data,2024-25,Liverpool,Premier League,LIV_PL_2024_25_07,7,2024-10-05,Crystal Palace,home,71,30,losing,Luis Díaz,FW,84.77,52.07,74.18,44.26,Z070,32.49,12.22,0,0,right_half_space,final_third_outside_box,right_foot,normal,open_play,0,0,2.93,1,0,0.0035,0,0,0
SYN_SHOT_001286,synthetic_modelled_not_official_event_data,2024-25,Liverpool,Premier League,LIV_PL_2024_25_32,32,2025-03-27,Manchester United,away,18,24,losing,Cody Gakpo,FW,110.3,38.55,96.51,32.76,Z092,8.58,45.91,1,0,central,six_yard_box,right_foot,first_time,open_play,0,1,4.8,1,1,0.7381,1,0,0
SYN_SHOT_001287,synthetic_modelled_not_official_event_data,2024-25,Liverpool,Premier League,LIV_PL_2024_25_30,30,2025-03-16,Leicester City,away,77,9,drawing,Luis Díaz,FW,86.07,11.33,75.31,9.63,Z066,38.41,8.46,0,0,left_wing,final_third_outside_box,right_foot,normal,open_play,0,0,2.0,5,0,0.001,0,0,0
SYN_SHOT_001288,synthetic_modelled_not_official_event_data,2024-25,Liverpool,Premier League,LIV_PL_2024_25_01,1,2024-08-25,Arsenal,home,6,51,winning,Diogo Jota,FW,94.69,52.99,82.86,45.04,Z078,24.75,15.14,0,0,right_half_space,final_third_outside_box,left_foot,volley,counter_attack,0,1,4.96,6,1,0.047,0,0,0
SYN_SHOT_001289,synthetic_modelled_not_official_event_data,2024-25,Liverpool,Premier League,LIV_PL_2024_25_19,19,2024-12-28,Wolverhampton Wanderers,home,29,16,winning,Mohamed Salah,FW,112.79,30.94,98.69,26.29,Z092,9.96,28.3,1,0,central,six_yard_box,head,half_volley,open_play,0,0,3.66,2,0,0.1653,1,0,0
SYN_SHOT_001290,synthetic_modelled_not_official_event_data,2024-25,Liverpool,Premier League,LIV_PL_2024_25_10,10,2024-10-24,Ipswich Town,away,15,28,winning,Trent Alexander-Arnold,DF,99.26,39.91,86.85,33.92,Z076,18.15,22.81,0,0,central,final_third_outside_box,left_foot,placed,direct_free_kick,0,0,3.22,2,0,0.021,0,0,0
SYN_SHOT_001291,synthetic_modelled_not_official_event_data,2024-25,Liverpool,Premier League,LIV_PL_2024_25_38,38,2025-05-07,Wolverhampton Wanderers,away,28,32,winning,Mohamed Salah,FW,106.72,50.0,93.38,42.5,Z085,14.39,23.69,1,0,central,penalty_area,left_foot,half_volley,open_play,0,0,6.12,3,0,0.0928,1,0,0
SYN_SHOT_001292,synthetic_modelled_not_official_event_data,2024-25,Liverpool,Premier League,LIV_PL_2024_25_31,31,2025-03-19,Manchester City,home,56,43,drawing,Luis Díaz,FW,110.0,14.96,96.25,12.71,Z090,23.01,7.07,0,0,left_wing,wide_final_third,other,first_time,counter_attack,0,0,0.5,2,0,0.0048,0,0,0
SYN_SHOT_001293,synthetic_modelled_not_official_event_data,2024-25,Liverpool,Premier League,LIV_PL_2024_25_11,11,2024-10-31,Leicester City,home,29,29,drawing,Curtis Jones,MF,96.74,61.16,84.65,51.98,Z079,27.16,11.62,0,0,right_wing,final_third_outside_box,right_foot,chip,counter_attack,0,0,2.7,2,0,0.0071,0,0,0
SYN_SHOT_001294,synthetic_modelled_not_official_event_data,2024-25,Liverpool,Premier League,LIV_PL_2024_25_03,3,2024-09-07,Bournemouth,home,74,45,drawing,Mohamed Salah,FW,105.65,58.5,92.44,49.72,Z086,20.12,13.21,1,0,right_half_space,penalty_area,head,first_time,corner,0,0,3.13,3,0,0.0166,0,0,0
SYN_SHOT_001295,synthetic_modelled_not_official_event_data,2024-25,Liverpool,Premier League,LIV_PL_2024_25_20,20,2025-01-02,Arsenal,away,44,36,winning,Diogo Jota,FW,87.15,54.02,76.25,45.92,Z070,31.12,12.43,0,0,right_half_space,final_third_outside_box,head,volley,open_play,0,0,5.91,2,0,0.0041,0,0,0
SYN_SHOT_001296,synthetic_modelled_not_official_event_data,2024-25,Liverpool,Premier League,LIV_PL_2024_25_19,19,2024-12-29,Wolverhampton Wanderers,home,19,58,drawing,Mohamed Salah,FW,108.34,20.03,94.79,17.03,Z083,19.81,11.16,1,0,left_half_space,penalty_area,left_foot,normal,open_play,1,0,0.82,1,0,0.029,0,0,0
SYN_SHOT_001297,synthetic_modelled_not_official_event_data,2024-25,Liverpool,Premier League,LIV_PL_2024_25_35,35,2025-04-19,Southampton,home,33,26,losing,Cody Gakpo,FW,85.85,16.53,75.12,14.05,Z066,35.93,9.72,0,0,left_wing,final_third_outside_box,head,chip,open_play,1,0,2.25,3,0,0.0006,0,0,0
SYN_SHOT_001298,synthetic_modelled_not_official_event_data,2024-25,Liverpool,Premier League,LIV_PL_2024_25_06,6,2024-09-25,Chelsea,away,60,23,winning,Cody Gakpo,FW,85.64,35.9,74.93,30.52,Z068,30.27,13.7,0,0,central,final_third_outside_box,right_foot,volley,open_play,0,0,2.88,2,0,0.0063,0,0,0
SYN_SHOT_001299,synthetic_modelled_not_official_event_data,2024-25,Liverpool,Premier League,LIV_PL_2024_25_25,25,2025-02-06,Chelsea,home,18,5,drawing,Cody Gakpo,FW,103.03,57.96,90.15,49.27,Z086,21.29,13.87,1,0,right_half_space,penalty_area,right_foot,normal,free_kick_indirect,0,0,2.87,0,0,0.0401,1,1,1
SYN_SHOT_001300,synthetic_modelled_not_official_event_data,2024-25,Liverpool,Premier League,LIV_PL_2024_25_36,36,2025-04-24,Tottenham Hotspur,away,43,25,drawing,Trent Alexander-Arnold,DF,105.24,60.31,92.08,51.27,Z087,21.56,11.82,1,0,right_wing,wide_final_third,right_foot,normal,open_play,0,0,5.93,1,0,0.0231,0,0,0
SYN_SHOT_001301,synthetic_modelled_not_official_event_data,2024-25,Liverpool,Premier League,LIV_PL_2024_25_01,1,2024-08-23,Arsenal,home,74,57,drawing,Mohamed Salah,FW,90.85,1.0,79.5,0.85,Z073,41.82,6.14,0,0,left_wing,final_third_outside_box,left_foot,chip,high_press_recovery,1,0,3.58,2,0,0.0013,0,0,0
SYN_SHOT_001302,synthetic_modelled_not_official_event_data,2024-25,Liverpool,Premier League,LIV_PL_2024_25_36,36,2025-04-27,Tottenham Hotspur,away,40,32,drawing,Cody Gakpo,FW,89.97,31.45,78.72,26.73,Z068,27.27,14.76,0,0,central,final_third_outside_box,right_foot,normal,open_play,0,0,0.81,1,0,0.0072,0,0,0
SYN_SHOT_001303,synthetic_modelled_not_official_event_data,2024-25,Liverpool,Premier League,LIV_PL_2024_25_23,23,2025-01-23,Brentford,home,64,25,drawing,Mohamed Salah,FW,116.25,37.29,101.72,31.7,Z092,4.01,83.66,1,1,central,six_yard_box,head,normal,corner,0,0,0.77,1,1,0.858,1,1,1
SYN_SHOT_001304,synthetic_modelled_not_official_event_data,2024-25,Liverpool,Premier League,LIV_PL_2024_25_01,1,2024-08-24,Arsenal,home,17,39,winning,Cody Gakpo,FW,105.84,38.14,92.61,32.42,Z084,12.49,32.45,1,0,central,penalty_area,left_foot,power,counter_attack,1,0,2.7,3,0,0.1087,1,1,1
SYN_SHOT_001305,synthetic_modelled_not_official_event_data,2024-25,Liverpool,Premier League,LIV_PL_2024_25_19,19,2024-12-26,Wolverhampton Wanderers,home,13,58,winning,Luis Díaz,FW,98.85,45.57,86.5,38.74,Z077,19.1,21.08,0,0,central,final_third_outside_box,right_foot,normal,open_play,0,0,2.63,2,0,0.0272,0,0,0
SYN_SHOT_001306,synthetic_modelled_not_official_event_data,2024-25,Liverpool,Premier League,LIV_PL_2024_25_20,20,2025-01-02,Arsenal,away,59,14,drawing,Harvey Elliott,MF,98.93,42.72,86.56,36.31,Z077,18.58,22.13,0,0,central,final_third_outside_box,head,volley,open_play,1,0,2.81,0,0,0.0153,0,0,0
SYN_SHOT_001307,synthetic_modelled_not_official_event_data,2024-25,Liverpool,Premier League,LIV_PL_2024_25_37,37,2025-05-02,West Ham United,home,30,45,losing,Darwin Núñez,FW,98.99,11.01,86.62,9.36,Z074,30.74,8.22,0,0,left_wing,final_third_outside_box,left_foot,curled,open_play,0,0,1.7,2,0,0.0035,0,0,0
SYN_SHOT_001308,synthetic_modelled_not_official_event_data,2024-25,Liverpool,Premier League,LIV_PL_2024_25_26,26,2025-02-14,Crystal Palace,away,26,44,losing,Mohamed Salah,FW,92.19,45.07,80.66,38.31,Z077,24.72,16.6,0,0,central,final_third_outside_box,right_foot,placed,free_kick_indirect,0,0,1.27,1,0,0.0155,1,0,0
SYN_SHOT_001309,synthetic_modelled_not_official_event_data,2024-25,Liverpool,Premier League,LIV_PL_2024_25_35,35,2025-04-18,Southampton,home,6,40,drawing,Mohamed Salah,FW,103.62,40.99,90.67,34.84,Z085,14.35,28.57,1,0,central,penalty_area,other,normal,open_play,1,0,6.3,2,0,0.0681,0,0,0
SYN_SHOT_001310,synthetic_modelled_not_official_event_data,2024-25,Liverpool,Premier League,LIV_PL_2024_25_38,38,2025-05-07,Wolverhampton Wanderers,away,66,14,winning,Luis Díaz,FW,100.71,34.07,88.13,28.96,Z084,17.61,22.6,0,0,central,penalty_area,left_foot,first_time,high_press_recovery,1,0,5.61,3,0,0.024,0,0,0
SYN_SHOT_001311,synthetic_modelled_not_official_event_data,2024-25,Liverpool,Premier League,LIV_PL_2024_25_26,26,2025-02-15,Crystal Palace,away,62,39,losing,Cody Gakpo,FW,98.96,52.22,86.59,44.39,Z078,21.14,17.27,0,0,right_half_space,final_third_outside_box,right_foot,normal,open_play,0,0,1.65,4,0,0.01,1,0,0
SYN_SHOT_001312,synthetic_modelled_not_official_event_data,2024-25,Liverpool,Premier League,LIV_PL_2024_25_08,8,2024-10-12,Everton,away,2,3,drawing,Cody Gakpo,FW,113.02,46.38,98.9,39.43,Z093,8.17,39.97,1,0,central,six_yard_box,left_foot,normal,high_press_recovery,1,0,4.66,4,0,0.2385,1,0,0
SYN_SHOT_001313,synthetic_modelled_not_official_event_data,2024-25,Liverpool,Premier League,LIV_PL_2024_25_24,24,2025-01-31,Brighton,away,91,19,winning,Mohamed Salah,FW,114.64,40.97,100.31,34.82,Z093,4.76,74.9,1,1,central,six_yard_box,left_foot,power,open_play,0,0,3.25,1,1,0.9434,1,1,1
SYN_SHOT_001314,synthetic_modelled_not_official_event_data,2024-25,Liverpool,Premier League,LIV_PL_2024_25_20,20,2025-01-04,Arsenal,away,32,46,losing,Cody Gakpo,FW,97.91,8.16,85.67,6.93,Z073,33.26,7.38,0,0,left_wing,final_third_outside_box,right_foot,normal,open_play,1,0,0.5,3,0,0.0013,1,0,0
SYN_SHOT_001315,synthetic_modelled_not_official_event_data,2024-25,Liverpool,Premier League,LIV_PL_2024_25_27,27,2025-02-21,Everton,home,67,3,losing,Mohamed Salah,FW,104.44,40.5,91.38,34.43,Z085,13.62,30.06,1,0,central,penalty_area,right_foot,normal,open_play,1,0,0.5,0,0,0.1567,1,0,0
SYN_SHOT_001316,synthetic_modelled_not_official_event_data,2024-25,Liverpool,Premier League,LIV_PL_2024_25_20,20,2025-01-02,Arsenal,away,46,48,drawing,Mohamed Salah,FW,111.54,54.24,97.6,46.11,Z094,14.19,16.08,1,0,right_half_space,penalty_area,left_foot,normal,open_play,1,0,2.49,1,0,0.0626,1,0,0
SYN_SHOT_001317,synthetic_modelled_not_official_event_data,2024-25,Liverpool,Premier League,LIV_PL_2024_25_36,36,2025-04-23,Tottenham Hotspur,away,83,55,winning,Mohamed Salah,FW,106.59,71.74,93.26,60.98,Z088,29.42,5.76,0,0,right_wing,wide_final_third,left_foot,first_time,free_kick_indirect,0,0,3.62,0,0,0.0086,0,0,0
SYN_SHOT_001318,synthetic_modelled_not_official_event_data,2024-25,Liverpool,Premier League,LIV_PL_2024_25_21,21,2025-01-10,Aston Villa,home,70,20,winning,Luis Díaz,FW,84.52,39.39,73.95,33.48,Z068,31.05,13.44,0,0,central,final_third_outside_box,left_foot,normal,open_play,0,0,4.17,2,0,0.0074,0,0,0
SYN_SHOT_001319,synthetic_modelled_not_official_event_data,2024-25,Liverpool,Premier League,LIV_PL_2024_25_30,30,2025-03-16,Leicester City,away,45,50,losing,Diogo Jota,FW,95.74,46.13,83.78,39.21,Z077,21.85,18.51,0,0,central,final_third_outside_box,right_foot,power,open_play,0,0,1.94,1,0,0.0215,0,0,0
SYN_SHOT_001320,synthetic_modelled_not_official_event_data,2024-25,Liverpool,Premier League,LIV_PL_2024_25_22,22,2025-01-17,Bournemouth,away,51,1,drawing,Luis Díaz,FW,110.2,40.05,96.43,34.04,Z093,8.57,46.23,1,0,central,six_yard_box,head,half_volley,open_play,1,0,1.15,0,0,0.2239,0,0,0
SYN_SHOT_001321,synthetic_modelled_not_official_event_data,2024-25,Liverpool,Premier League,LIV_PL_2024_25_12,12,2024-11-09,Manchester City,away,21,54,losing,Cody Gakpo,FW,105.97,15.59,92.73,13.25,Z082,24.1,8.99,0,0,left_wing,wide_final_third,right_foot,normal,open_play,0,0,2.59,2,0,0.0085,0,0,0
SYN_SHOT_001322,synthetic_modelled_not_official_event_data,2024-25,Liverpool,Premier League,LIV_PL_2024_25_04,4,2024-09-14,Brentford,away,53,2,winning,Darwin Núñez,FW,104.07,55.9,91.06,47.51,Z086,19.42,15.68,1,0,right_half_space,penalty_area,right_foot,first_time,open_play,0,0,3.6,2,0,0.0497,1,0,0
SYN_SHOT_001323,synthetic_modelled_not_official_event_data,2024-25,Liverpool,Premier League,LIV_PL_2024_25_26,26,2025-02-15,Crystal Palace,away,14,16,drawing,Cody Gakpo,FW,93.66,1.0,81.95,0.85,Z073,40.38,5.96,0,0,left_wing,final_third_outside_box,right_foot,normal,open_play,0,0,3.14,3,0,0.001,0,0,0
SYN_SHOT_001324,synthetic_modelled_not_official_event_data,2024-25,Liverpool,Premier League,LIV_PL_2024_25_04,4,2024-09-11,Brentford,away,6,38,winning,Jayden Danns,FW,101.22,79.0,88.57,67.15,Z088,37.0,5.07,0,0,right_wing,wide_final_third,right_foot,first_time,open_play,0,0,4.09,3,0,0.0012,0,0,0
SYN_SHOT_001325,synthetic_modelled_not_official_event_data,2024-25,Liverpool,Premier League,LIV_PL_2024_25_27,27,2025-02-23,Everton,home,27,35,drawing,Mohamed Salah,FW,117.02,41.6,102.39,35.36,Z093,2.94,103.96,1,1,central,six_yard_box,right_foot,curled,open_play,0,0,2.39,0,1,0.9513,1,1,1
SYN_SHOT_001326,synthetic_modelled_not_official_event_data,2024-25,Liverpool,Premier League,LIV_PL_2024_25_38,38,2025-05-10,Wolverhampton Wanderers,away,42,21,winning,Harvey Elliott,MF,78.59,50.23,68.77,42.7,Z062,37.26,10.92,0,0,right_half_space,middle_third,left_foot,normal,open_play,0,0,4.84,1,0,0.0023,0,0,0
SYN_SHOT_001327,synthetic_modelled_not_official_event_data,2024-25,Liverpool,Premier League,LIV_PL_2024_25_01,1,2024-08-25,Arsenal,home,53,45,winning,Cody Gakpo,FW,99.9,32.45,87.42,27.58,Z076,18.72,20.9,0,0,central,final_third_outside_box,left_foot,curled,counter_attack,0,0,1.95,1,0,0.0374,0,0,0
SYN_SHOT_001328,synthetic_modelled_not_official_event_data,2024-25,Liverpool,Premier League,LIV_PL_2024_25_14,14,2024-11-23,Newcastle United,away,55,30,winning,Mohamed Salah,FW,114.36,33.22,100.07,28.24,Z092,7.58,39.29,1,1,central,six_yard_box,left_foot,first_time,open_play,1,0,3.68,1,1,0.7797,1,1,1
SYN_SHOT_001329,synthetic_modelled_not_official_event_data,2024-25,Liverpool,Premier League,LIV_PL_2024_25_36,36,2025-04-23,Tottenham Hotspur,away,19,21,winning,Federico Chiesa,FW,82.29,56.42,72.01,47.96,Z070,35.82,10.77,0,0,right_half_space,final_third_outside_box,right_foot,normal,counter_attack,1,0,2.73,3,0,0.0012,1,0,0
SYN_SHOT_001330,synthetic_modelled_not_official_event_data,2024-25,Liverpool,Premier League,LIV_PL_2024_25_12,12,2024-11-06,Manchester City,away,44,43,drawing,Dominik Szoboszlai,MF,114.02,1.0,99.77,0.85,Z089,33.56,1.97,0,0,left_wing,wide_final_third,right_foot,first_time,open_play,0,0,1.22,2,0,0.0021,0,0,0
SYN_SHOT_001331,synthetic_modelled_not_official_event_data,2024-25,Liverpool,Premier League,LIV_PL_2024_25_12,12,2024-11-10,Manchester City,away,54,28,winning,Virgil van Dijk,DF,105.87,49.09,92.64,41.73,Z085,14.58,24.44,1,0,central,penalty_area,right_foot,normal,open_play,1,0,2.47,0,0,0.0462,0,0,0
SYN_SHOT_001332,synthetic_modelled_not_official_event_data,2024-25,Liverpool,Premier League,LIV_PL_2024_25_30,30,2025-03-14,Leicester City,away,61,30,drawing,Curtis Jones,MF,108.0,40.0,94.5,34.0,Z085,10.5,38.43,1,0,central,penalty_area,right_foot,normal,penalty,1,0,3.41,1,1,0.9661,1,1,1
SYN_SHOT_001333,synthetic_modelled_not_official_event_data,2024-25,Liverpool,Premier League,LIV_PL_2024_25_18,18,2024-12-22,West Ham United,away,47,17,winning,Cody Gakpo,FW,103.17,35.4,90.27,30.09,Z084,15.23,26.24,1,0,central,penalty_area,right_foot,normal,counter_attack,0,1,3.63,1,1,0.4692,1,1,1
SYN_SHOT_001334,synthetic_modelled_not_official_event_data,2024-25,Liverpool,Premier League,LIV_PL_2024_25_23,23,2025-01-24,Brentford,home,7,8,drawing,Cody Gakpo,FW,106.58,33.17,93.26,28.2,Z084,13.1,28.52,1,0,central,penalty_area,head,curled,corner,0,0,2.24,1,0,0.0722,1,0,0
SYN_SHOT_001335,synthetic_modelled_not_official_event_data,2024-25,Liverpool,Premier League,LIV_PL_2024_25_10,10,2024-10-27,Ipswich Town,away,64,18,winning,Trent Kone-Doherty,FW,105.94,45.37,92.7,38.57,Z085,13.12,29.56,1,0,central,penalty_area,left_foot,normal,high_press_recovery,1,0,4.59,3,0,0.0918,1,1,1
SYN_SHOT_001336,synthetic_modelled_not_official_event_data,2024-25,Liverpool,Premier League,LIV_PL_2024_25_04,4,2024-09-15,Brentford,away,77,53,drawing,Cody Gakpo,FW,94.43,57.43,82.63,48.82,Z078,26.84,13.05,0,0,right_half_space,final_third_outside_box,right_foot,power,throw_in,0,0,0.5,2,0,0.0071,1,0,0
SYN_SHOT_001337,synthetic_modelled_not_official_event_data,2024-25,Liverpool,Premier League,LIV_PL_2024_25_37,37,2025-05-03,West Ham United,home,95,43,winning,Dominik Szoboszlai,MF,108.0,40.0,94.5,34.0,Z085,10.5,38.43,1,0,central,penalty_area,right_foot,curled,penalty,1,0,2.19,1,1,0.9589,1,1,1
SYN_SHOT_001338,synthetic_modelled_not_official_event_data,2024-25,Liverpool,Premier League,LIV_PL_2024_25_33,33,2025-04-02,Newcastle United,home,25,32,drawing,Luis Díaz,FW,115.37,60.48,100.95,51.41,Z095,17.87,5.53,1,0,right_wing,wide_final_third,right_foot,normal,high_press_recovery,1,0,0.5,1,0,0.0281,0,0,0
SYN_SHOT_001339,synthetic_modelled_not_official_event_data,2024-25,Liverpool,Premier League,LIV_PL_2024_25_18,18,2024-12-21,West Ham United,away,18,10,winning,Mohamed Salah,FW,100.24,19.32,87.71,16.42,Z082,24.66,12.02,0,0,left_wing,wide_final_third,right_foot,chip,open_play,1,0,4.56,2,0,0.01,0,0,0
SYN_SHOT_001340,synthetic_modelled_not_official_event_data,2024-25,Liverpool,Premier League,LIV_PL_2024_25_23,23,2025-01-23,Brentford,home,18,15,winning,Tyler Morton,MF,87.13,60.3,76.24,51.25,Z071,33.54,10.73,0,0,right_wing,final_third_outside_box,head,normal,open_play,1,0,4.69,3,0,0.001,0,0,0
SYN_SHOT_001341,synthetic_modelled_not_official_event_data,2024-25,Liverpool,Premier League,LIV_PL_2024_25_10,10,2024-10-23,Ipswich Town,away,8,30,winning,Mohamed Salah,FW,107.23,41.99,93.83,35.69,Z085,11.3,35.59,1,0,central,penalty_area,other,normal,open_play,1,0,2.82,3,0,0.0582,0,0,0
SYN_SHOT_001342,synthetic_modelled_not_official_event_data,2024-25,Liverpool,Premier League,LIV_PL_2024_25_05,5,2024-09-18,Brighton,home,54,49,drawing,Curtis Jones,MF,80.71,42.68,70.62,36.28,Z069,34.45,12.1,0,0,central,final_third_outside_box,head,normal,open_play,0,0,3.59,2,0,0.0027,1,0,0
SYN_SHOT_001343,synthetic_modelled_not_official_event_data,2024-25,Liverpool,Premier League,LIV_PL_2024_25_15,15,2024-12-01,Nottingham Forest,home,84,37,drawing,Ryan Gravenberch,MF,112.77,29.82,98.67,25.35,Z091,10.72,24.53,1,0,left_half_space,penalty_area,right_foot,power,open_play,0,0,6.13,2,0,0.1443,1,1,1
SYN_SHOT_001344,synthetic_modelled_not_official_event_data,2024-25,Liverpool,Premier League,LIV_PL_2024_25_10,10,2024-10-25,Ipswich Town,away,43,26,drawing,Mohamed Salah,FW,78.14,32.35,68.37,27.49,Z060,37.2,11.07,0,0,central,middle_third,right_foot,half_volley,open_play,0,0,1.75,0,0,0.004,1,0,0
SYN_SHOT_001345,synthetic_modelled_not_official_event_data,2024-25,Liverpool,Premier League,LIV_PL_2024_25_23,23,2025-01-25,Brentford,home,65,25,losing,Mohamed Salah,FW,107.63,37.95,94.17,32.26,Z084,10.97,36.56,1,0,central,penalty_area,left_foot,normal,open_play,0,0,2.69,1,0,0.2564,1,0,0
SYN_SHOT_001346,synthetic_modelled_not_official_event_data,2024-25,Liverpool,Premier League,LIV_PL_2024_25_26,26,2025-02-16,Crystal Palace,away,54,21,drawing,Mohamed Salah,FW,110.72,20.34,96.88,17.29,Z091,18.58,10.15,1,0,left_half_space,penalty_area,left_foot,first_time,open_play,0,0,4.09,0,0,0.0755,1,0,0
SYN_SHOT_001347,synthetic_modelled_not_official_event_data,2024-25,Liverpool,Premier League,LIV_PL_2024_25_14,14,2024-11-23,Newcastle United,away,58,0,drawing,Dominik Szoboszlai,MF,83.01,50.97,72.63,43.33,Z070,33.68,11.93,0,0,right_half_space,final_third_outside_box,right_foot,normal,open_play,0,0,1.23,3,0,0.0019,0,0,0
SYN_SHOT_001348,synthetic_modelled_not_official_event_data,2024-25,Liverpool,Premier League,LIV_PL_2024_25_34,34,2025-04-11,Nottingham Forest,away,91,19,winning,Luis Díaz,FW,108.76,32.86,95.16,27.93,Z084,11.56,30.93,1,0,central,penalty_area,right_foot,normal,high_press_recovery,0,0,2.15,0,0,0.2429,1,0,0
SYN_SHOT_001349,synthetic_modelled_not_official_event_data,2024-25,Liverpool,Premier League,LIV_PL_2024_25_08,8,2024-10-10,Everton,away,91,42,winning,Mohamed Salah,FW,115.37,47.56,100.94,40.42,Z093,7.6,33.83,1,1,central,six_yard_box,right_foot,normal,throw_in,0,0,5.71,2,0,0.6646,1,1,1
SYN_SHOT_001350,synthetic_modelled_not_official_event_data,2024-25,Liverpool,Premier League,LIV_PL_2024_25_26,26,2025-02-16,Crystal Palace,away,17,8,winning,Kostas Tsimikas,DF,109.28,21.54,95.62,18.31,Z083,18.28,12.08,1,0,left_half_space,penalty_area,left_foot,curled,open_play,0,0,4.25,1,0,0.0337,0,0,0
SYN_SHOT_001351,synthetic_modelled_not_official_event_data,2024-25,Liverpool,Premier League,LIV_PL_2024_25_05,5,2024-09-18,Brighton,home,59,18,winning,Darwin Núñez,FW,110.15,48.17,96.38,40.95,Z093,11.07,30.03,1,0,central,six_yard_box,right_foot,normal,high_press_recovery,0,0,2.94,4,0,0.1072,0,0,0
SYN_SHOT_001352,synthetic_modelled_not_official_event_data,2024-25,Liverpool,Premier League,LIV_PL_2024_25_01,1,2024-08-25,Arsenal,home,68,27,winning,Cody Gakpo,FW,118.78,42.41,103.93,36.05,Z093,2.31,136.0,1,1,central,six_yard_box,right_foot,volley,open_play,0,0,5.1,3,0,0.8475,1,1,1
SYN_SHOT_001353,synthetic_modelled_not_official_event_data,2024-25,Liverpool,Premier League,LIV_PL_2024_25_15,15,2024-11-30,Nottingham Forest,home,26,41,losing,Luis Díaz,FW,91.29,42.91,79.88,36.47,Z077,25.25,16.42,0,0,central,final_third_outside_box,left_foot,normal,open_play,0,0,0.5,6,0,0.0075,0,0,0
SYN_SHOT_001354,synthetic_modelled_not_official_event_data,2024-25,Liverpool,Premier League,LIV_PL_2024_25_36,36,2025-04-24,Tottenham Hotspur,away,50,53,winning,Mohamed Salah,FW,119.5,47.73,104.56,40.57,Z093,6.59,6.09,1,1,central,six_yard_box,left_foot,normal,open_play,1,0,3.67,1,1,0.5725,1,0,0
SYN_SHOT_001355,synthetic_modelled_not_official_event_data,2024-25,Liverpool,Premier League,LIV_PL_2024_25_15,15,2024-11-27,Nottingham Forest,home,70,4,winning,Luis Díaz,FW,93.08,25.74,81.44,21.88,Z075,26.49,14.06,0,0,left_half_space,final_third_outside_box,left_foot,curled,high_press_recovery,0,1,7.12,1,1,0.0449,1,0,0
SYN_SHOT_001356,synthetic_modelled_not_official_event_data,2024-25,Liverpool,Premier League,LIV_PL_2024_25_18,18,2024-12-20,West Ham United,away,43,33,winning,Trent Alexander-Arnold,DF,111.74,59.5,97.77,50.57,Z094,18.08,9.58,1,0,right_half_space,penalty_area,right_foot,normal,open_play,0,0,4.77,3,0,0.0205,0,0,0
SYN_SHOT_001357,synthetic_modelled_not_official_event_data,2024-25,Liverpool,Premier League,LIV_PL_2024_25_14,14,2024-11-22,Newcastle United,away,42,35,winning,Mohamed Salah,FW,101.18,36.25,88.53,30.81,Z084,16.78,24.22,1,0,central,penalty_area,head,normal,open_play,0,0,4.72,1,0,0.0922,0,0,0
SYN_SHOT_001358,synthetic_modelled_not_official_event_data,2024-25,Liverpool,Premier League,LIV_PL_2024_25_02,2,2024-08-31,Aston Villa,away,8,9,winning,Mohamed Salah,FW,105.49,43.1,92.3,36.64,Z085,12.97,30.98,1,0,central,penalty_area,left_foot,normal,open_play,1,0,0.81,1,0,0.1385,0,0,0
SYN_SHOT_001359,synthetic_modelled_not_official_event_data,2024-25,Liverpool,Premier League,LIV_PL_2024_25_29,29,2025-03-06,Ipswich Town,home,90,35,losing,Cody Gakpo,FW,101.52,38.74,88.83,32.93,Z084,16.21,25.4,1,0,central,penalty_area,right_foot,normal,open_play,1,0,1.4,1,0,0.0716,0,0,0
SYN_SHOT_001360,synthetic_modelled_not_official_event_data,2024-25,Liverpool,Premier League,LIV_PL_2024_25_23,23,2025-01-25,Brentford,home,37,3,drawing,Cody Gakpo,FW,119.5,54.83,104.56,46.61,Z094,12.62,1.26,1,0,right_half_space,penalty_area,right_foot,first_time,open_play,0,1,5.17,3,1,0.1694,1,0,0
SYN_SHOT_001361,synthetic_modelled_not_official_event_data,2024-25,Liverpool,Premier League,LIV_PL_2024_25_06,6,2024-09-28,Chelsea,away,3,31,drawing,Jayden Danns,FW,103.26,60.53,90.35,51.45,Z087,22.78,11.97,1,0,right_wing,wide_final_third,head,normal,counter_attack,0,0,2.24,3,0,0.0107,0,0,0
SYN_SHOT_001362,synthetic_modelled_not_official_event_data,2024-25,Liverpool,Premier League,LIV_PL_2024_25_21,21,2025-01-10,Aston Villa,home,91,42,drawing,Mohamed Salah,FW,95.08,79.0,83.19,67.15,Z080,39.68,5.84,0,0,right_wing,final_third_outside_box,left_foot,normal,open_play,0,0,1.7,1,0,0.0015,1,0,0
SYN_SHOT_001363,synthetic_modelled_not_official_event_data,2024-25,Liverpool,Premier League,LIV_PL_2024_25_22,22,2025-01-19,Bournemouth,away,32,45,winning,Cody Gakpo,FW,95.14,54.75,83.25,46.54,Z078,25.11,14.47,0,0,right_half_space,final_third_outside_box,left_foot,curled,open_play,1,0,4.11,3,0,0.0055,0,0,0
SYN_SHOT_001364,synthetic_modelled_not_official_event_data,2024-25,Liverpool,Premier League,LIV_PL_2024_25_01,1,2024-08-23,Arsenal,home,95,15,winning,Alexis Mac Allister,MF,112.99,51.8,98.86,44.03,Z094,11.76,19.79,1,0,right_half_space,penalty_area,right_foot,first_time,open_play,0,0,1.8,0,0,0.1167,0,0,0
SYN_SHOT_001365,synthetic_modelled_not_official_event_data,2024-25,Liverpool,Premier League,LIV_PL_2024_25_14,14,2024-11-22,Newcastle United,away,14,31,drawing,Mohamed Salah,FW,111.08,56.55,97.19,48.06,Z094,16.09,13.11,1,0,right_half_space,penalty_area,other,normal,open_play,0,0,4.7,2,0,0.0384,0,0,0
SYN_SHOT_001366,synthetic_modelled_not_official_event_data,2024-25,Liverpool,Premier League,LIV_PL_2024_25_17,17,2024-12-13,Tottenham Hotspur,home,78,34,winning,Mohamed Salah,FW,89.19,37.13,78.04,31.56,Z068,27.07,15.34,0,0,central,final_third_outside_box,left_foot,power,open_play,1,0,1.38,1,0,0.0081,1,0,0
SYN_SHOT_001367,synthetic_modelled_not_official_event_data,2024-25,Liverpool,Premier League,LIV_PL_2024_25_06,6,2024-09-25,Chelsea,away,54,11,winning,Cody Gakpo,FW,115.34,60.23,100.92,51.19,Z095,17.67,5.71,1,0,right_wing,wide_final_third,right_foot,half_volley,counter_attack,0,0,3.13,1,0,0.0615,1,0,0
SYN_SHOT_001368,synthetic_modelled_not_official_event_data,2024-25,Liverpool,Premier League,LIV_PL_2024_25_08,8,2024-10-10,Everton,away,78,32,drawing,Cody Gakpo,FW,99.13,44.36,86.74,37.7,Z077,18.64,21.82,0,0,central,final_third_outside_box,right_foot,normal,open_play,1,0,3.78,2,0,0.0291,1,0,0
SYN_SHOT_001369,synthetic_modelled_not_official_event_data,2024-25,Liverpool,Premier League,LIV_PL_2024_25_09,9,2024-10-19,Fulham,home,32,21,drawing,Virgil van Dijk,DF,89.54,50.85,78.35,43.23,Z070,28.2,14.01,0,0,right_half_space,final_third_outside_box,right_foot,volley,open_play,0,0,1.05,0,0,0.0043,0,0,0
SYN_SHOT_001370,synthetic_modelled_not_official_event_data,2024-25,Liverpool,Premier League,LIV_PL_2024_25_07,7,2024-10-05,Crystal Palace,home,77,22,winning,Mohamed Salah,FW,119.5,50.5,104.56,42.93,Z094,8.94,2.76,1,1,right_half_space,penalty_area,left_foot,normal,open_play,0,0,1.58,0,1,0.4906,1,0,0
SYN_SHOT_001371,synthetic_modelled_not_official_event_data,2024-25,Liverpool,Premier League,LIV_PL_2024_25_26,26,2025-02-14,Crystal Palace,away,35,6,drawing,Darwin Núñez,FW,115.35,48.88,100.93,41.55,Z093,8.58,26.36,1,1,central,six_yard_box,left_foot,normal,open_play,1,0,2.64,1,1,0.4742,1,1,1
SYN_SHOT_001372,synthetic_modelled_not_official_event_data,2024-25,Liverpool,Premier League,LIV_PL_2024_25_17,17,2024-12-14,Tottenham Hotspur,home,48,1,winning,Trent Kone-Doherty,FW,110.92,48.96,97.05,41.62,Z093,11.01,28.35,1,0,central,six_yard_box,right_foot,normal,corner,1,0,2.21,2,0,0.0637,0,0,0
SYN_SHOT_001373,synthetic_modelled_not_official_event_data,2024-25,Liverpool,Premier League,LIV_PL_2024_25_11,11,2024-11-03,Leicester City,home,71,37,losing,Diogo Jota,FW,108.73,30.86,95.14,26.23,Z084,12.55,26.6,1,0,central,penalty_area,right_foot,normal,open_play,0,0,4.49,0,0,0.2086,1,0,0
SYN_SHOT_001374,synthetic_modelled_not_official_event_data,2024-25,Liverpool,Premier League,LIV_PL_2024_25_12,12,2024-11-08,Manchester City,away,80,36,drawing,Mohamed Salah,FW,84.94,23.01,74.33,19.56,Z067,33.9,11.18,0,0,left_half_space,final_third_outside_box,left_foot,normal,high_press_recovery,1,0,1.88,3,0,0.0019,0,0,0
SYN_SHOT_001375,synthetic_modelled_not_official_event_data,2024-25,Liverpool,Premier League,LIV_PL_2024_25_12,12,2024-11-10,Manchester City,away,50,22,winning,Cody Gakpo,FW,99.36,44.54,86.94,37.86,Z077,18.47,21.97,0,0,central,final_third_outside_box,right_foot,normal,high_press_recovery,0,0,3.69,5,0,0.0312,0,0,0
SYN_SHOT_001376,synthetic_modelled_not_official_event_data,2024-25,Liverpool,Premier League,LIV_PL_2024_25_10,10,2024-10-26,Ipswich Town,away,5,23,drawing,Cody Gakpo,FW,101.54,63.47,88.85,53.95,Z087,25.67,10.38,1,0,right_wing,wide_final_third,right_foot,curled,counter_attack,1,0,4.33,1,0,0.021,0,0,0
SYN_SHOT_001377,synthetic_modelled_not_official_event_data,2024-25,Liverpool,Premier League,LIV_PL_2024_25_31,31,2025-03-19,Manchester City,home,47,23,losing,Dominik Szoboszlai,MF,112.08,25.14,98.07,21.37,Z091,14.41,14.64,1,0,left_half_space,penalty_area,right_foot,normal,open_play,1,0,2.15,3,0,0.0285,0,0,0
SYN_SHOT_001378,synthetic_modelled_not_official_event_data,2024-25,Liverpool,Premier League,LIV_PL_2024_25_16,16,2024-12-05,Southampton,away,54,20,drawing,Wataru Endo,MF,102.69,41.47,89.86,35.25,Z085,15.2,27.01,1,0,central,penalty_area,left_foot,normal,open_play,0,0,0.65,3,0,0.0622,1,0,0
SYN_SHOT_001379,synthetic_modelled_not_official_event_data,2024-25,Liverpool,Premier League,LIV_PL_2024_25_07,7,2024-10-05,Crystal Palace,home,37,42,drawing,Curtis Jones,MF,110.19,67.77,96.41,57.6,Z095,25.12,5.81,0,0,right_wing,wide_final_third,right_foot,normal,corner,0,0,3.17,1,0,0.0055,0,0,0
SYN_SHOT_001380,synthetic_modelled_not_official_event_data,2024-25,Liverpool,Premier League,LIV_PL_2024_25_24,24,2025-01-29,Brighton,away,64,16,drawing,Diogo Jota,FW,95.23,26.11,83.32,22.2,Z075,24.68,14.91,0,0,left_half_space,final_third_outside_box,right_foot,placed,high_press_recovery,0,0,2.85,2,0,0.0126,0,0,0
SYN_SHOT_001381,synthetic_modelled_not_official_event_data,2024-25,Liverpool,Premier League,LIV_PL_2024_25_06,6,2024-09-26,Chelsea,away,2,20,drawing,Mohamed Salah,FW,108.41,51.74,94.86,43.98,Z086,14.23,21.44,1,0,right_half_space,penalty_area,right_foot,normal,open_play,0,0,3.71,2,0,0.1319,1,0,0
SYN_SHOT_001382,synthetic_modelled_not_official_event_data,2024-25,Liverpool,Premier League,LIV_PL_2024_25_14,14,2024-11-23,Newcastle United,away,36,58,winning,Mohamed Salah,FW,114.75,40.11,100.41,34.09,Z093,4.59,77.1,1,1,central,six_yard_box,left_foot,placed,high_press_recovery,0,1,2.9,1,1,0.9655,1,1,1
SYN_SHOT_001383,synthetic_modelled_not_official_event_data,2024-25,Liverpool,Premier League,LIV_PL_2024_25_21,21,2025-01-10,Aston Villa,home,30,1,drawing,Darwin Núñez,FW,98.6,20.62,86.27,17.53,Z075,24.94,12.69,0,0,left_half_space,final_third_outside_box,right_foot,normal,open_play,1,0,6.23,2,0,0.0075,1,0,0
SYN_SHOT_001384,synthetic_modelled_not_official_event_data,2024-25,Liverpool,Premier League,LIV_PL_2024_25_17,17,2024-12-14,Tottenham Hotspur,home,61,13,drawing,Cody Gakpo,FW,105.6,51.11,92.4,43.44,Z086,15.75,21.47,1,0,right_half_space,penalty_area,left_foot,normal,open_play,0,0,3.13,0,0,0.1204,1,0,0
SYN_SHOT_001385,synthetic_modelled_not_official_event_data,2024-25,Liverpool,Premier League,LIV_PL_2024_25_11,11,2024-11-03,Leicester City,home,58,31,winning,Cody Gakpo,FW,108.0,40.0,94.5,34.0,Z085,10.5,38.43,1,0,central,penalty_area,right_foot,curled,penalty,0,0,3.97,1,1,0.9806,1,1,1
SYN_SHOT_001386,synthetic_modelled_not_official_event_data,2024-25,Liverpool,Premier League,LIV_PL_2024_25_38,38,2025-05-09,Wolverhampton Wanderers,away,29,32,winning,Curtis Jones,MF,110.21,56.61,96.43,48.12,Z094,16.51,13.6,1,0,right_half_space,penalty_area,left_foot,curled,open_play,1,1,6.07,0,1,0.1818,1,0,0
SYN_SHOT_001387,synthetic_modelled_not_official_event_data,2024-25,Liverpool,Premier League,LIV_PL_2024_25_08,8,2024-10-13,Everton,away,15,5,winning,Mohamed Salah,FW,90.59,60.74,79.26,51.63,Z079,31.2,11.11,0,0,right_wing,final_third_outside_box,left_foot,normal,high_press_recovery,1,0,2.48,1,0,0.004,0,0,0
SYN_SHOT_001388,synthetic_modelled_not_official_event_data,2024-25,Liverpool,Premier League,LIV_PL_2024_25_06,6,2024-09-25,Chelsea,away,79,15,losing,Diogo Jota,FW,97.96,79.0,85.72,67.15,Z080,38.35,5.53,0,0,right_wing,final_third_outside_box,right_foot,first_time,counter_attack,1,0,6.66,2,0,0.002,0,0,0
SYN_SHOT_001389,synthetic_modelled_not_official_event_data,2024-25,Liverpool,Premier League,LIV_PL_2024_25_23,23,2025-01-23,Brentford,home,33,44,winning,Mohamed Salah,FW,89.08,57.33,77.95,48.73,Z070,30.8,11.95,0,0,right_half_space,final_third_outside_box,left_foot,normal,counter_attack,0,1,6.24,2,1,0.0355,0,0,0
SYN_SHOT_001390,synthetic_modelled_not_official_event_data,2024-25,Liverpool,Premier League,LIV_PL_2024_25_31,31,2025-03-21,Manchester City,home,40,12,winning,Dominik Szoboszlai,MF,92.09,37.84,80.58,32.16,Z076,24.49,16.95,0,0,central,final_third_outside_box,other,volley,open_play,1,0,6.6,0,0,0.0066,0,0,0
SYN_SHOT_001391,synthetic_modelled_not_official_event_data,2024-25,Liverpool,Premier League,LIV_PL_2024_25_22,22,2025-01-18,Bournemouth,away,91,7,drawing,Wataru Endo,MF,106.44,43.48,93.14,36.95,Z085,12.22,32.55,1,0,central,penalty_area,right_foot,curled,open_play,0,1,5.23,3,1,0.3798,1,1,1
SYN_SHOT_001392,synthetic_modelled_not_official_event_data,2024-25,Liverpool,Premier League,LIV_PL_2024_25_01,1,2024-08-25,Arsenal,home,10,47,winning,Luis Díaz,FW,107.92,34.02,94.43,28.92,Z084,11.73,31.92,1,0,central,penalty_area,right_foot,volley,open_play,1,0,1.4,0,0,0.1646,1,0,0
SYN_SHOT_001393,synthetic_modelled_not_official_event_data,2024-25,Liverpool,Premier League,LIV_PL_2024_25_28,28,2025-03-01,Fulham,away,80,50,drawing,Diogo Jota,FW,103.06,19.95,90.18,16.96,Z082,22.59,12.32,1,0,left_wing,wide_final_third,right_foot,normal,open_play,0,0,2.22,1,0,0.0292,0,0,0
SYN_SHOT_001394,synthetic_modelled_not_official_event_data,2024-25,Liverpool,Premier League,LIV_PL_2024_25_08,8,2024-10-12,Everton,away,54,50,winning,Mohamed Salah,FW,100.32,34.42,87.78,29.26,Z084,17.86,22.41,0,0,central,penalty_area,left_foot,chip,open_play,0,0,5.41,3,0,0.0349,0,0,0
SYN_SHOT_001395,synthetic_modelled_not_official_event_data,2024-25,Liverpool,Premier League,LIV_PL_2024_25_23,23,2025-01-23,Brentford,home,39,12,winning,Darwin Núñez,FW,89.55,32.68,78.36,27.78,Z068,27.36,14.86,0,0,central,final_third_outside_box,other,normal,counter_attack,0,0,4.37,3,0,0.0039,0,0,0
SYN_SHOT_001396,synthetic_modelled_not_official_event_data,2024-25,Liverpool,Premier League,LIV_PL_2024_25_20,20,2025-01-04,Arsenal,away,42,41,losing,Federico Chiesa,FW,109.92,46.28,96.18,39.33,Z085,10.3,34.82,1,0,central,penalty_area,left_foot,normal,open_play,0,0,2.18,1,0,0.2066,1,0,0
SYN_SHOT_001397,synthetic_modelled_not_official_event_data,2024-25,Liverpool,Premier League,LIV_PL_2024_25_19,19,2024-12-26,Wolverhampton Wanderers,home,95,34,drawing,Mohamed Salah,FW,94.96,21.72,83.09,18.47,Z075,26.86,12.76,0,0,left_half_space,final_third_outside_box,right_foot,normal,counter_attack,1,1,4.24,1,1,0.0403,0,0,0
SYN_SHOT_001398,synthetic_modelled_not_official_event_data,2024-25,Liverpool,Premier League,LIV_PL_2024_25_16,16,2024-12-06,Southampton,away,90,59,winning,Cody Gakpo,FW,103.46,47.54,90.53,40.41,Z085,15.83,24.08,1,0,central,penalty_area,left_foot,first_time,open_play,1,0,2.05,1,0,0.0716,0,0,0
SYN_SHOT_001399,synthetic_modelled_not_official_event_data,2024-25,Liverpool,Premier League,LIV_PL_2024_25_30,30,2025-03-12,Leicester City,away,48,27,drawing,Diogo Jota,FW,94.05,60.71,82.29,51.61,Z079,28.74,11.57,0,0,right_wing,final_third_outside_box,right_foot,chip,open_play,1,0,3.67,3,0,0.0037,0,0,0
SYN_SHOT_001400,synthetic_modelled_not_official_event_data,2024-25,Liverpool,Premier League,LIV_PL_2024_25_29,29,2025-03-05,Ipswich Town,home,32,37,losing,Mohamed Salah,FW,110.59,43.91,96.77,37.33,Z093,8.88,42.64,1,0,central,six_yard_box,right_foot,volley,open_play,0,0,2.16,2,0,0.3485,0,0,0
SYN_SHOT_001401,synthetic_modelled_not_official_event_data,2024-25,Liverpool,Premier League,LIV_PL_2024_25_16,16,2024-12-07,Southampton,away,44,27,winning,Andy Robertson,DF,96.9,42.33,84.79,35.98,Z077,20.31,20.34,0,0,central,final_third_outside_box,left_foot,normal,open_play,1,0,2.79,2,0,0.0103,1,0,0
SYN_SHOT_001402,synthetic_modelled_not_official_event_data,2024-25,Liverpool,Premier League,LIV_PL_2024_25_16,16,2024-12-06,Southampton,away,58,4,drawing,Luis Díaz,FW,119.29,22.53,104.38,19.15,Z091,14.86,1.26,1,0,left_half_space,penalty_area,right_foot,normal,open_play,1,0,8.79,0,0,0.0503,0,0,0
SYN_SHOT_001403,synthetic_modelled_not_official_event_data,2024-25,Liverpool,Premier League,LIV_PL_2024_25_12,12,2024-11-08,Manchester City,away,62,0,drawing,Mohamed Salah,FW,106.64,37.59,93.31,31.95,Z084,11.87,33.87,1,0,central,penalty_area,head,first_time,corner,1,1,4.36,0,1,0.3877,1,0,0
SYN_SHOT_001404,synthetic_modelled_not_official_event_data,2024-25,Liverpool,Premier League,LIV_PL_2024_25_04,4,2024-09-14,Brentford,away,91,46,drawing,Mohamed Salah,FW,118.22,30.74,103.45,26.13,Z092,8.02,12.58,1,1,central,six_yard_box,right_foot,chip,free_kick_indirect,0,0,2.27,2,0,0.3519,1,1,1
SYN_SHOT_001405,synthetic_modelled_not_official_event_data,2024-25,Liverpool,Premier League,LIV_PL_2024_25_20,20,2025-01-03,Arsenal,away,27,48,drawing,Darwin Núñez,FW,106.11,58.1,92.85,49.39,Z086,19.61,13.48,1,0,right_half_space,penalty_area,head,normal,open_play,1,0,1.51,1,0,0.0156,0,0,0
SYN_SHOT_001406,synthetic_modelled_not_official_event_data,2024-25,Liverpool,Premier League,LIV_PL_2024_25_09,9,2024-10-19,Fulham,home,23,49,losing,Luis Díaz,FW,109.91,48.61,96.17,41.32,Z085,11.47,28.69,1,0,central,penalty_area,right_foot,normal,corner,0,0,0.96,4,0,0.066,1,0,0
SYN_SHOT_001407,synthetic_modelled_not_official_event_data,2024-25,Liverpool,Premier League,LIV_PL_2024_25_03,3,2024-09-04,Bournemouth,home,79,2,losing,Luis Díaz,FW,94.27,63.63,82.48,54.09,Z079,30.17,10.41,0,0,right_wing,final_third_outside_box,right_foot,volley,open_play,0,0,1.8,4,0,0.0027,0,0,0
SYN_SHOT_001408,synthetic_modelled_not_official_event_data,2024-25,Liverpool,Premier League,LIV_PL_2024_25_01,1,2024-08-22,Arsenal,home,6,19,losing,Mohamed Salah,FW,100.47,24.61,87.91,20.91,Z083,21.52,15.54,0,0,left_half_space,penalty_area,left_foot,normal,open_play,0,0,4.11,2,0,0.0226,0,0,0
SYN_SHOT_001409,synthetic_modelled_not_official_event_data,2024-25,Liverpool,Premier League,LIV_PL_2024_25_11,11,2024-11-02,Leicester City,home,54,49,losing,Luis Díaz,FW,89.59,32.01,78.39,27.21,Z068,27.46,14.73,0,0,central,final_third_outside_box,right_foot,normal,open_play,0,0,1.2,6,0,0.0055,1,0,0
SYN_SHOT_001410,synthetic_modelled_not_official_event_data,2024-25,Liverpool,Premier League,LIV_PL_2024_25_37,37,2025-05-01,West Ham United,home,40,55,drawing,Diogo Jota,FW,109.53,34.62,95.84,29.42,Z084,10.24,36.25,1,0,central,penalty_area,head,volley,open_play,0,0,3.72,1,0,0.2312,1,0,0
SYN_SHOT_001411,synthetic_modelled_not_official_event_data,2024-25,Liverpool,Premier League,LIV_PL_2024_25_05,5,2024-09-19,Brighton,home,80,16,drawing,Cody Gakpo,FW,116.23,46.79,101.7,39.77,Z093,6.65,38.1,1,1,central,six_yard_box,left_foot,normal,open_play,0,0,3.34,0,1,0.8522,1,0,0
SYN_SHOT_001412,synthetic_modelled_not_official_event_data,2024-25,Liverpool,Premier League,LIV_PL_2024_25_38,38,2025-05-11,Wolverhampton Wanderers,away,8,7,winning,Diogo Jota,FW,105.03,24.18,91.9,20.55,Z083,18.77,15.8,1,0,left_half_space,penalty_area,right_foot,curled,high_press_recovery,0,1,7.25,1,1,0.2494,1,0,0
SYN_SHOT_001413,synthetic_modelled_not_official_event_data,2024-25,Liverpool,Premier League,LIV_PL_2024_25_05,5,2024-09-18,Brighton,home,35,26,winning,Federico Chiesa,FW,103.85,28.27,90.87,24.03,Z083,17.29,19.9,1,0,left_half_space,penalty_area,right_foot,half_volley,open_play,1,0,0.5,2,0,0.0378,1,0,0
SYN_SHOT_001414,synthetic_modelled_not_official_event_data,2024-25,Liverpool,Premier League,LIV_PL_2024_25_21,21,2025-01-09,Aston Villa,home,32,4,drawing,Luis Díaz,FW,90.32,29.41,79.03,25.0,Z075,27.48,14.37,0,0,left_half_space,final_third_outside_box,right_foot,first_time,direct_free_kick,0,0,2.2,1,0,0.0033,0,0,0
SYN_SHOT_001415,synthetic_modelled_not_official_event_data,2024-25,Liverpool,Premier League,LIV_PL_2024_25_34,34,2025-04-09,Nottingham Forest,away,52,47,winning,Mohamed Salah,FW,106.47,38.53,93.16,32.75,Z084,11.9,34.04,1,0,central,penalty_area,left_foot,normal,open_play,0,0,0.5,1,0,0.2219,1,0,0
SYN_SHOT_001416,synthetic_modelled_not_official_event_data,2024-25,Liverpool,Premier League,LIV_PL_2024_25_23,23,2025-01-23,Brentford,home,64,36,winning,Mohamed Salah,FW,109.82,23.15,96.09,19.68,Z083,16.86,13.52,1,0,left_half_space,penalty_area,left_foot,first_time,open_play,0,0,4.82,1,0,0.0797,0,0,0
SYN_SHOT_001417,synthetic_modelled_not_official_event_data,2024-25,Liverpool,Premier League,LIV_PL_2024_25_23,23,2025-01-26,Brentford,home,70,18,losing,Mohamed Salah,FW,117.4,60.89,102.73,51.76,Z095,17.9,3.1,1,0,right_wing,wide_final_third,left_foot,first_time,open_play,0,0,4.3,1,0,0.0518,0,0,0
SYN_SHOT_001418,synthetic_modelled_not_official_event_data,2024-25,Liverpool,Premier League,LIV_PL_2024_25_11,11,2024-11-02,Leicester City,home,44,47,winning,Darwin Núñez,FW,103.3,55.18,90.39,46.91,Z086,19.49,16.26,1,0,right_half_space,penalty_area,left_foot,first_time,open_play,1,0,4.71,1,0,0.0359,0,0,0
SYN_SHOT_001419,synthetic_modelled_not_official_event_data,2024-25,Liverpool,Premier League,LIV_PL_2024_25_31,31,2025-03-22,Manchester City,home,80,15,winning,Federico Chiesa,FW,88.67,18.69,77.59,15.89,Z066,32.85,10.66,0,0,left_wing,final_third_outside_box,right_foot,chip,open_play,0,0,4.65,3,0,0.0025,0,0,0
SYN_SHOT_001420,synthetic_modelled_not_official_event_data,2024-25,Liverpool,Premier League,LIV_PL_2024_25_10,10,2024-10-26,Ipswich Town,away,90,5,winning,Mohamed Salah,FW,99.45,45.61,87.02,38.77,Z077,18.6,21.59,0,0,central,final_third_outside_box,left_foot,first_time,counter_attack,1,0,0.5,2,0,0.0328,0,0,0
SYN_SHOT_001421,synthetic_modelled_not_official_event_data,2024-25,Liverpool,Premier League,LIV_PL_2024_25_38,38,2025-05-09,Wolverhampton Wanderers,away,56,49,losing,Dominik Szoboszlai,MF,96.63,17.27,84.55,14.68,Z074,28.13,10.89,0,0,left_wing,final_third_outside_box,right_foot,normal,open_play,0,0,1.82,2,0,0.0053,0,0,0
SYN_SHOT_001422,synthetic_modelled_not_official_event_data,2024-25,Liverpool,Premier League,LIV_PL_2024_25_36,36,2025-04-24,Tottenham Hotspur,away,59,51,drawing,Mohamed Salah,FW,98.25,13.28,85.97,11.28,Z074,29.63,9.15,0,0,left_wing,final_third_outside_box,left_foot,normal,open_play,0,0,0.5,0,0,0.007,0,0,0
SYN_SHOT_001423,synthetic_modelled_not_official_event_data,2024-25,Liverpool,Premier League,LIV_PL_2024_25_34,34,2025-04-11,Nottingham Forest,away,60,49,drawing,Dominik Szoboszlai,MF,88.44,8.41,77.39,7.15,Z065,38.51,7.83,0,0,left_wing,final_third_outside_box,right_foot,normal,open_play,1,0,4.73,2,0,0.0014,0,0,0
SYN_SHOT_001424,synthetic_modelled_not_official_event_data,2024-25,Liverpool,Premier League,LIV_PL_2024_25_07,7,2024-10-03,Crystal Palace,home,36,41,winning,Mohamed Salah,FW,91.21,58.36,79.81,49.61,Z078,29.64,12.04,0,0,right_half_space,final_third_outside_box,left_foot,normal,high_press_recovery,0,0,1.22,2,0,0.0069,0,0,0
SYN_SHOT_001425,synthetic_modelled_not_official_event_data,2024-25,Liverpool,Premier League,LIV_PL_2024_25_38,38,2025-05-07,Wolverhampton Wanderers,away,19,56,drawing,Mohamed Salah,FW,100.18,63.34,87.66,53.83,Z087,26.35,10.56,0,0,right_wing,wide_final_third,left_foot,volley,open_play,0,0,4.67,1,0,0.0112,0,0,0
SYN_SHOT_001426,synthetic_modelled_not_official_event_data,2024-25,Liverpool,Premier League,LIV_PL_2024_25_34,34,2025-04-12,Nottingham Forest,away,37,49,losing,James McConnell,MF,119.5,32.13,104.56,27.31,Z092,6.71,5.79,1,1,central,six_yard_box,left_foot,normal,open_play,1,0,6.89,0,1,0.5296,1,0,0
SYN_SHOT_001427,synthetic_modelled_not_official_event_data,2024-25,Liverpool,Premier League,LIV_PL_2024_25_09,9,2024-10-17,Fulham,home,29,7,losing,Mohamed Salah,FW,94.41,47.82,82.61,40.65,Z077,23.36,17.12,0,0,central,final_third_outside_box,left_foot,normal,open_play,1,0,1.57,4,0,0.0084,0,0,0
SYN_SHOT_001428,synthetic_modelled_not_official_event_data,2024-25,Liverpool,Premier League,LIV_PL_2024_25_16,16,2024-12-04,Southampton,away,37,9,losing,Mohamed Salah,FW,114.85,26.24,100.49,22.3,Z091,12.54,12.93,1,0,left_half_space,penalty_area,left_foot,half_volley,open_play,1,0,4.32,1,0,0.0896,0,0,0
SYN_SHOT_001429,synthetic_modelled_not_official_event_data,2024-25,Liverpool,Premier League,LIV_PL_2024_25_20,20,2025-01-03,Arsenal,away,29,27,drawing,Curtis Jones,MF,84.64,64.35,74.06,54.7,Z071,37.22,9.37,0,0,right_wing,final_third_outside_box,right_foot,normal,open_play,1,0,2.24,4,0,0.0007,0,0,0
SYN_SHOT_001430,synthetic_modelled_not_official_event_data,2024-25,Liverpool,Premier League,LIV_PL_2024_25_02,2,2024-09-01,Aston Villa,away,51,23,drawing,Cody Gakpo,FW,116.95,44.21,102.33,37.57,Z093,4.46,71.6,1,1,central,six_yard_box,left_foot,first_time,open_play,0,0,0.77,1,1,0.9143,1,1,1
SYN_SHOT_001431,synthetic_modelled_not_official_event_data,2024-25,Liverpool,Premier League,LIV_PL_2024_25_12,12,2024-11-10,Manchester City,away,57,22,losing,Mohamed Salah,FW,92.62,34.19,81.04,29.06,Z076,24.46,16.69,0,0,central,final_third_outside_box,right_foot,chip,free_kick_indirect,1,0,3.39,2,0,0.0153,0,0,0
SYN_SHOT_001432,synthetic_modelled_not_official_event_data,2024-25,Liverpool,Premier League,LIV_PL_2024_25_19,19,2024-12-28,Wolverhampton Wanderers,home,94,56,drawing,Ibrahima Konaté,DF,111.85,16.44,97.87,13.97,Z090,21.26,6.79,1,0,left_wing,wide_final_third,head,chip,corner,1,0,2.22,1,0,0.0065,0,0,0
SYN_SHOT_001433,synthetic_modelled_not_official_event_data,2024-25,Liverpool,Premier League,LIV_PL_2024_25_15,15,2024-11-28,Nottingham Forest,home,19,36,winning,Mohamed Salah,FW,115.85,21.28,101.37,18.09,Z091,16.32,6.0,1,0,left_half_space,penalty_area,left_foot,normal,open_play,1,0,1.36,2,0,0.0362,1,0,0
SYN_SHOT_001434,synthetic_modelled_not_official_event_data,2024-25,Liverpool,Premier League,LIV_PL_2024_25_09,9,2024-10-16,Fulham,home,2,27,winning,Kieran Morrison,MF,114.85,50.14,100.49,42.62,Z094,9.73,22.11,1,1,right_half_space,penalty_area,right_foot,first_time,corner,0,0,3.36,1,1,0.4514,1,1,1
SYN_SHOT_001435,synthetic_modelled_not_official_event_data,2024-25,Liverpool,Premier League,LIV_PL_2024_25_37,37,2025-04-30,West Ham United,home,76,28,losing,Alexis Mac Allister,MF,100.29,31.31,87.76,26.61,Z084,18.76,20.45,0,0,central,penalty_area,right_foot,normal,open_play,0,0,3.05,2,0,0.0277,0,0,0
SYN_SHOT_001436,synthetic_modelled_not_official_event_data,2024-25,Liverpool,Premier League,LIV_PL_2024_25_33,33,2025-04-05,Newcastle United,home,68,43,drawing,Luis Díaz,FW,101.91,48.09,89.17,40.87,Z085,17.26,22.16,1,0,central,penalty_area,right_foot,normal,open_play,0,0,3.44,2,0,0.081,0,0,0
SYN_SHOT_001437,synthetic_modelled_not_official_event_data,2024-25,Liverpool,Premier League,LIV_PL_2024_25_11,11,2024-10-31,Leicester City,home,76,37,drawing,Luis Díaz,FW,107.36,53.04,93.94,45.09,Z086,15.66,19.25,1,0,right_half_space,penalty_area,left_foot,normal,high_press_recovery,0,0,2.38,0,0,0.0961,1,1,1
SYN_SHOT_001438,synthetic_modelled_not_official_event_data,2024-25,Liverpool,Premier League,LIV_PL_2024_25_32,32,2025-03-27,Manchester United,away,95,9,drawing,Luis Díaz,FW,85.71,27.32,75.0,23.22,Z067,31.88,12.35,0,0,left_half_space,final_third_outside_box,right_foot,normal,high_press_recovery,1,0,0.98,2,0,0.0031,1,0,0
SYN_SHOT_001439,synthetic_modelled_not_official_event_data,2024-25,Liverpool,Premier League,LIV_PL_2024_25_22,22,2025-01-15,Bournemouth,away,29,42,winning,Cody Gakpo,FW,85.83,55.52,75.1,47.19,Z070,32.68,11.73,0,0,right_half_space,final_third_outside_box,right_foot,normal,open_play,0,0,1.55,3,0,0.0022,1,0,0
SYN_SHOT_001440,synthetic_modelled_not_official_event_data,2024-25,Liverpool,Premier League,LIV_PL_2024_25_01,1,2024-08-24,Arsenal,home,8,4,drawing,Luis Díaz,FW,99.21,40.81,86.81,34.69,Z077,18.21,22.72,0,0,central,final_third_outside_box,left_foot,normal,open_play,0,0,0.5,2,0,0.0317,0,0,0
SYN_SHOT_001441,synthetic_modelled_not_official_event_data,2024-25,Liverpool,Premier League,LIV_PL_2024_25_16,16,2024-12-07,Southampton,away,34,58,drawing,Mohamed Salah,FW,97.74,47.15,85.53,40.08,Z077,20.4,19.49,0,0,central,final_third_outside_box,right_foot,normal,open_play,1,0,7.64,1,0,0.0264,0,0,0
SYN_SHOT_001442,synthetic_modelled_not_official_event_data,2024-25,Liverpool,Premier League,LIV_PL_2024_25_15,15,2024-11-29,Nottingham Forest,home,61,11,losing,Mohamed Salah,FW,115.18,43.73,100.78,37.17,Z093,5.28,64.93,1,1,central,six_yard_box,left_foot,normal,open_play,0,0,0.5,2,0,0.8414,1,1,1
SYN_SHOT_001443,synthetic_modelled_not_official_event_data,2024-25,Liverpool,Premier League,LIV_PL_2024_25_18,18,2024-12-20,West Ham United,away,8,39,drawing,Diogo Jota,FW,77.38,38.56,67.71,32.78,Z060,37.31,11.2,0,0,central,middle_third,right_foot,normal,open_play,0,0,1.84,4,0,0.0019,0,0,0
SYN_SHOT_001444,synthetic_modelled_not_official_event_data,2024-25,Liverpool,Premier League,LIV_PL_2024_25_08,8,2024-10-11,Everton,away,52,13,winning,Dominik Szoboszlai,MF,112.43,50.09,98.38,42.57,Z094,10.83,25.0,1,0,right_half_space,penalty_area,head,normal,corner,0,0,3.11,1,0,0.0774,0,0,0
SYN_SHOT_001445,synthetic_modelled_not_official_event_data,2024-25,Liverpool,Premier League,LIV_PL_2024_25_33,33,2025-04-04,Newcastle United,home,91,12,winning,Mohamed Salah,FW,97.68,63.94,85.47,54.35,Z079,28.2,10.36,0,0,right_wing,final_third_outside_box,left_foot,normal,free_kick_indirect,0,0,3.49,3,0,0.0057,0,0,0
SYN_SHOT_001446,synthetic_modelled_not_official_event_data,2024-25,Liverpool,Premier League,LIV_PL_2024_25_05,5,2024-09-20,Brighton,home,57,44,drawing,Curtis Jones,MF,111.65,34.89,97.7,29.66,Z092,8.5,42.27,1,0,central,six_yard_box,head,volley,corner,0,0,3.14,2,0,0.1833,1,1,1
SYN_SHOT_001447,synthetic_modelled_not_official_event_data,2024-25,Liverpool,Premier League,LIV_PL_2024_25_24,24,2025-01-31,Brighton,away,89,41,winning,Mohamed Salah,FW,105.07,62.01,91.94,52.71,Z087,22.81,10.68,1,0,right_wing,wide_final_third,head,first_time,open_play,0,0,3.3,3,0,0.0159,1,0,0
SYN_SHOT_001448,synthetic_modelled_not_official_event_data,2024-25,Liverpool,Premier League,LIV_PL_2024_25_20,20,2025-01-03,Arsenal,away,94,58,winning,Luis Díaz,FW,111.5,65.27,97.56,55.48,Z095,22.73,6.17,0,0,right_wing,wide_final_third,right_foot,normal,open_play,1,0,3.87,3,0,0.0053,0,0,0
SYN_SHOT_001449,synthetic_modelled_not_official_event_data,2024-25,Liverpool,Premier League,LIV_PL_2024_25_01,1,2024-08-21,Arsenal,home,43,1,winning,Dominik Szoboszlai,MF,88.19,66.03,77.17,56.12,Z071,35.55,9.25,0,0,right_wing,final_third_outside_box,right_foot,normal,free_kick_indirect,1,0,3.7,4,0,0.0013,0,0,0
SYN_SHOT_001450,synthetic_modelled_not_official_event_data,2024-25,Liverpool,Premier League,LIV_PL_2024_25_13,13,2024-11-17,Manchester United,home,3,7,losing,Luis Díaz,FW,119.5,36.96,104.56,31.42,Z092,2.62,153.92,1,1,central,six_yard_box,right_foot,volley,open_play,1,0,3.74,1,1,0.9234,1,1,1
SYN_SHOT_001451,synthetic_modelled_not_official_event_data,2024-25,Liverpool,Premier League,LIV_PL_2024_25_19,19,2024-12-29,Wolverhampton Wanderers,home,61,21,drawing,James Norris,DF,101.41,69.34,88.74,58.94,Z087,29.77,7.77,0,0,right_wing,wide_final_third,right_foot,normal,free_kick_indirect,1,0,2.56,1,0,0.0024,0,0,0
SYN_SHOT_001452,synthetic_modelled_not_official_event_data,2024-25,Liverpool,Premier League,LIV_PL_2024_25_07,7,2024-10-06,Crystal Palace,home,37,11,winning,Cody Gakpo,FW,96.07,33.31,84.06,28.32,Z076,21.7,18.53,0,0,central,final_third_outside_box,left_foot,placed,open_play,0,0,3.48,3,0,0.0168,1,0,0
SYN_SHOT_001453,synthetic_modelled_not_official_event_data,2024-25,Liverpool,Premier League,LIV_PL_2024_25_07,7,2024-10-05,Crystal Palace,home,19,3,winning,Mohamed Salah,FW,97.46,35.65,85.27,30.3,Z076,20.07,20.35,0,0,central,final_third_outside_box,other,first_time,counter_attack,0,0,6.6,2,0,0.022,0,0,0
SYN_SHOT_001454,synthetic_modelled_not_official_event_data,2024-25,Liverpool,Premier League,LIV_PL_2024_25_36,36,2025-04-27,Tottenham Hotspur,away,66,55,drawing,Darwin Núñez,FW,101.64,56.36,88.93,47.9,Z086,21.25,15.03,1,0,right_half_space,penalty_area,right_foot,volley,open_play,0,0,3.06,3,0,0.0258,0,0,0
SYN_SHOT_001455,synthetic_modelled_not_official_event_data,2024-25,Liverpool,Premier League,LIV_PL_2024_25_36,36,2025-04-25,Tottenham Hotspur,away,17,2,winning,Mohamed Salah,FW,100.92,26.77,88.3,22.75,Z083,20.13,17.32,0,0,left_half_space,penalty_area,left_foot,normal,open_play,0,0,1.84,5,0,0.0134,0,0,0
SYN_SHOT_001456,synthetic_modelled_not_official_event_data,2024-25,Liverpool,Premier League,LIV_PL_2024_25_31,31,2025-03-21,Manchester City,home,85,12,losing,Mohamed Salah,FW,95.19,66.93,83.29,56.89,Z079,31.54,9.19,0,0,right_wing,final_third_outside_box,left_foot,curled,open_play,0,0,2.06,1,0,0.0044,0,0,0
SYN_SHOT_001457,synthetic_modelled_not_official_event_data,2024-25,Liverpool,Premier League,LIV_PL_2024_25_18,18,2024-12-20,West Ham United,away,32,26,losing,Federico Chiesa,FW,112.56,34.29,98.49,29.15,Z092,8.12,42.19,1,0,central,six_yard_box,right_foot,chip,counter_attack,1,1,2.3,1,1,0.6098,1,1,1
SYN_SHOT_001458,synthetic_modelled_not_official_event_data,2024-25,Liverpool,Premier League,LIV_PL_2024_25_18,18,2024-12-22,West Ham United,away,70,49,winning,Luis Díaz,FW,105.78,22.35,92.56,19.0,Z083,19.49,13.96,1,0,left_half_space,penalty_area,other,normal,open_play,0,0,5.02,2,0,0.0218,0,0,0
SYN_SHOT_001459,synthetic_modelled_not_official_event_data,2024-25,Liverpool,Premier League,LIV_PL_2024_25_22,22,2025-01-18,Bournemouth,away,44,45,winning,Harvey Elliott,MF,86.95,25.33,76.08,21.53,Z067,31.5,12.21,0,0,left_half_space,final_third_outside_box,left_foot,normal,high_press_recovery,0,0,3.71,2,0,0.0054,1,0,0
SYN_SHOT_001460,synthetic_modelled_not_official_event_data,2024-25,Liverpool,Premier League,LIV_PL_2024_25_14,14,2024-11-20,Newcastle United,away,55,29,drawing,Cody Gakpo,FW,113.98,73.22,99.73,62.23,Z096,28.72,2.72,0,0,right_wing,wide_final_third,right_foot,normal,corner,0,0,1.38,3,0,0.0018,0,0,0
SYN_SHOT_001461,synthetic_modelled_not_official_event_data,2024-25,Liverpool,Premier League,LIV_PL_2024_25_05,5,2024-09-22,Brighton,home,29,43,drawing,Mohamed Salah,FW,86.77,43.92,75.93,37.33,Z069,29.26,14.17,0,0,central,final_third_outside_box,head,normal,open_play,0,0,2.84,5,0,0.0035,0,0,0
SYN_SHOT_001462,synthetic_modelled_not_official_event_data,2024-25,Liverpool,Premier League,LIV_PL_2024_25_34,34,2025-04-12,Nottingham Forest,away,56,21,winning,Luis Díaz,FW,119.5,54.64,104.56,46.45,Z094,12.46,1.29,1,0,right_half_space,penalty_area,right_foot,normal,open_play,1,0,5.04,2,0,0.0517,1,0,0
SYN_SHOT_001463,synthetic_modelled_not_official_event_data,2024-25,Liverpool,Premier League,LIV_PL_2024_25_24,24,2025-02-01,Brighton,away,10,12,drawing,Virgil van Dijk,DF,107.63,63.06,94.17,53.6,Z087,22.39,9.22,1,0,right_wing,wide_final_third,right_foot,normal,counter_attack,0,1,4.22,1,1,0.0852,1,1,1
SYN_SHOT_001464,synthetic_modelled_not_official_event_data,2024-25,Liverpool,Premier League,LIV_PL_2024_25_29,29,2025-03-08,Ipswich Town,home,85,8,drawing,Diogo Jota,FW,115.28,47.2,100.87,40.12,Z093,7.38,36.36,1,1,central,six_yard_box,head,normal,high_press_recovery,1,0,4.32,3,0,0.4089,1,1,1
SYN_SHOT_001465,synthetic_modelled_not_official_event_data,2024-25,Liverpool,Premier League,LIV_PL_2024_25_07,7,2024-10-06,Crystal Palace,home,11,18,winning,Mohamed Salah,FW,109.48,42.41,95.79,36.05,Z085,9.43,41.72,1,0,central,penalty_area,left_foot,normal,open_play,1,0,0.5,0,0,0.3058,1,1,1
SYN_SHOT_001466,synthetic_modelled_not_official_event_data,2024-25,Liverpool,Premier League,LIV_PL_2024_25_11,11,2024-11-01,Leicester City,home,24,40,losing,Cody Gakpo,FW,111.2,48.07,97.3,40.86,Z093,10.32,31.22,1,0,central,six_yard_box,other,volley,open_play,0,0,4.3,2,0,0.1049,0,0,0
SYN_SHOT_001467,synthetic_modelled_not_official_event_data,2024-25,Liverpool,Premier League,LIV_PL_2024_25_04,4,2024-09-15,Brentford,away,41,24,losing,Diogo Jota,FW,97.11,72.34,84.97,61.49,Z080,34.01,7.31,0,0,right_wing,final_third_outside_box,right_foot,curled,open_play,0,0,3.21,1,0,0.0039,0,0,0
SYN_SHOT_001468,synthetic_modelled_not_official_event_data,2024-25,Liverpool,Premier League,LIV_PL_2024_25_13,13,2024-11-15,Manchester United,home,54,4,losing,Ryan Gravenberch,MF,102.36,19.41,89.56,16.5,Z082,23.33,12.01,1,0,left_wing,wide_final_third,left_foot,normal,open_play,0,0,2.51,1,0,0.0191,0,0,0
SYN_SHOT_001469,synthetic_modelled_not_official_event_data,2024-25,Liverpool,Premier League,LIV_PL_2024_25_32,32,2025-03-27,Manchester United,away,86,15,winning,Diogo Jota,FW,89.33,43.5,78.17,36.97,Z069,27.0,15.35,0,0,central,final_third_outside_box,left_foot,volley,open_play,1,0,5.27,1,0,0.0103,0,0,0
SYN_SHOT_001470,synthetic_modelled_not_official_event_data,2024-25,Liverpool,Premier League,LIV_PL_2024_25_09,9,2024-10-19,Fulham,home,50,8,winning,Cody Gakpo,FW,111.81,22.14,97.83,18.82,Z091,16.78,11.06,1,0,left_half_space,penalty_area,right_foot,normal,open_play,1,0,2.42,1,0,0.034,1,0,0
SYN_SHOT_001471,synthetic_modelled_not_official_event_data,2024-25,Liverpool,Premier League,LIV_PL_2024_25_10,10,2024-10-27,Ipswich Town,away,19,11,drawing,Mohamed Salah,FW,91.6,10.96,80.15,9.32,Z074,35.03,8.53,0,0,left_wing,final_third_outside_box,left_foot,normal,counter_attack,1,0,2.32,0,0,0.0033,0,0,0
SYN_SHOT_001472,synthetic_modelled_not_official_event_data,2024-25,Liverpool,Premier League,LIV_PL_2024_25_18,18,2024-12-18,West Ham United,away,38,32,drawing,Darwin Núñez,FW,99.53,49.8,87.09,42.33,Z077,19.75,19.19,0,0,central,final_third_outside_box,head,first_time,open_play,0,0,0.54,0,0,0.0144,0,0,0
SYN_SHOT_001473,synthetic_modelled_not_official_event_data,2024-25,Liverpool,Premier League,LIV_PL_2024_25_14,14,2024-11-21,Newcastle United,away,4,44,losing,Mohamed Salah,FW,110.42,45.1,96.62,38.33,Z093,9.44,39.04,1,0,central,six_yard_box,head,half_volley,high_press_recovery,0,0,6.19,1,0,0.3084,1,1,1
SYN_SHOT_001474,synthetic_modelled_not_official_event_data,2024-25,Liverpool,Premier League,LIV_PL_2024_25_16,16,2024-12-07,Southampton,away,37,13,drawing,Mohamed Salah,FW,102.19,42.88,89.41,36.45,Z085,15.78,25.85,1,0,central,penalty_area,right_foot,normal,open_play,0,0,1.36,3,0,0.0818,1,1,1
SYN_SHOT_001475,synthetic_modelled_not_official_event_data,2024-25,Liverpool,Premier League,LIV_PL_2024_25_33,33,2025-04-04,Newcastle United,home,51,36,winning,Luis Díaz,FW,97.77,31.74,85.55,26.98,Z076,20.68,18.97,0,0,central,final_third_outside_box,right_foot,normal,open_play,0,0,2.58,2,0,0.0167,0,0,0
SYN_SHOT_001476,synthetic_modelled_not_official_event_data,2024-25,Liverpool,Premier League,LIV_PL_2024_25_38,38,2025-05-07,Wolverhampton Wanderers,away,72,18,drawing,Mohamed Salah,FW,85.51,56.04,74.82,47.63,Z070,33.11,11.53,0,0,right_half_space,final_third_outside_box,other,normal,open_play,0,0,1.63,2,0,0.0017,1,0,0
SYN_SHOT_001477,synthetic_modelled_not_official_event_data,2024-25,Liverpool,Premier League,LIV_PL_2024_25_20,20,2025-01-05,Arsenal,away,53,29,losing,Mohamed Salah,FW,101.47,49.01,88.78,41.66,Z085,17.93,21.06,1,0,central,penalty_area,left_foot,volley,counter_attack,0,0,4.43,3,0,0.0743,0,0,0
SYN_SHOT_001478,synthetic_modelled_not_official_event_data,2024-25,Liverpool,Premier League,LIV_PL_2024_25_04,4,2024-09-15,Brentford,away,25,13,losing,Mohamed Salah,FW,111.41,77.81,97.48,66.14,Z096,33.0,2.93,0,0,right_wing,wide_final_third,left_foot,first_time,corner,1,0,2.56,1,0,0.0015,0,0,0
SYN_SHOT_001479,synthetic_modelled_not_official_event_data,2024-25,Liverpool,Premier League,LIV_PL_2024_25_30,30,2025-03-16,Leicester City,away,43,7,winning,Trey Nyoni,MF,98.72,18.88,86.38,16.05,Z074,25.87,11.74,0,0,left_wing,final_third_outside_box,right_foot,normal,counter_attack,0,0,4.55,3,0,0.0071,0,0,0
SYN_SHOT_001480,synthetic_modelled_not_official_event_data,2024-25,Liverpool,Premier League,LIV_PL_2024_25_35,35,2025-04-19,Southampton,home,74,22,drawing,Diogo Jota,FW,116.89,31.99,102.28,27.19,Z092,7.33,26.28,1,1,central,six_yard_box,right_foot,normal,open_play,0,1,2.26,0,1,0.8185,1,1,1
SYN_SHOT_001481,synthetic_modelled_not_official_event_data,2024-25,Liverpool,Premier League,LIV_PL_2024_25_29,29,2025-03-07,Ipswich Town,home,12,47,losing,Mohamed Salah,FW,107.64,33.31,94.19,28.31,Z084,12.22,30.22,1,0,central,penalty_area,left_foot,volley,high_press_recovery,0,0,0.84,1,0,0.2199,0,0,0
SYN_SHOT_001482,synthetic_modelled_not_official_event_data,2024-25,Liverpool,Premier League,LIV_PL_2024_25_29,29,2025-03-05,Ipswich Town,home,29,15,drawing,Mohamed Salah,FW,99.11,4.75,86.72,4.04,Z073,35.1,6.27,0,0,left_wing,final_third_outside_box,left_foot,first_time,open_play,0,0,6.27,0,0,0.0046,0,0,0
SYN_SHOT_001483,synthetic_modelled_not_official_event_data,2024-25,Liverpool,Premier League,LIV_PL_2024_25_28,28,2025-03-02,Fulham,away,42,52,losing,Mohamed Salah,FW,111.98,50.16,97.98,42.64,Z094,11.13,24.95,1,0,right_half_space,penalty_area,right_foot,power,free_kick_indirect,1,0,1.71,3,0,0.0749,0,0,0
SYN_SHOT_001484,synthetic_modelled_not_official_event_data,2024-25,Liverpool,Premier League,LIV_PL_2024_25_20,20,2025-01-02,Arsenal,away,28,18,winning,James Norris,DF,108.52,37.11,94.96,31.55,Z084,10.34,38.18,1,0,central,penalty_area,right_foot,normal,high_press_recovery,0,0,3.63,0,0,0.281,1,1,1
SYN_SHOT_001485,synthetic_modelled_not_official_event_data,2024-25,Liverpool,Premier League,LIV_PL_2024_25_24,24,2025-02-01,Brighton,away,91,27,winning,Diogo Jota,FW,74.79,24.95,65.44,21.21,Z059,41.57,9.58,0,0,left_half_space,middle_third,right_foot,normal,open_play,0,0,2.88,1,0,0.0013,0,0,0
SYN_SHOT_001486,synthetic_modelled_not_official_event_data,2024-25,Liverpool,Premier League,LIV_PL_2024_25_15,15,2024-12-01,Nottingham Forest,home,3,58,drawing,Cody Gakpo,FW,104.78,29.93,91.68,25.44,Z083,15.83,22.34,1,0,left_half_space,penalty_area,right_foot,normal,open_play,0,0,2.92,2,0,0.0745,1,0,0
SYN_SHOT_001487,synthetic_modelled_not_official_event_data,2024-25,Liverpool,Premier League,LIV_PL_2024_25_08,8,2024-10-10,Everton,away,95,58,losing,Diogo Jota,FW,106.99,25.35,93.62,21.55,Z083,16.87,17.08,1,0,left_half_space,penalty_area,right_foot,normal,open_play,0,1,4.62,1,1,0.2707,1,0,0
SYN_SHOT_001488,synthetic_modelled_not_official_event_data,2024-25,Liverpool,Premier League,LIV_PL_2024_25_06,6,2024-09-27,Chelsea,away,46,54,drawing,Mohamed Salah,FW,108.0,40.0,94.5,34.0,Z085,10.5,38.43,1,0,central,penalty_area,left_foot,normal,penalty,0,0,4.98,2,1,0.9837,1,1,1
SYN_SHOT_001489,synthetic_modelled_not_official_event_data,2024-25,Liverpool,Premier League,LIV_PL_2024_25_08,8,2024-10-13,Everton,away,63,36,drawing,Dominik Szoboszlai,MF,105.01,79.0,91.89,67.15,Z088,35.65,4.37,0,0,right_wing,wide_final_third,right_foot,normal,free_kick_indirect,1,0,3.23,1,0,0.0017,0,0,0
SYN_SHOT_001490,synthetic_modelled_not_official_event_data,2024-25,Liverpool,Premier League,LIV_PL_2024_25_06,6,2024-09-29,Chelsea,away,19,43,losing,Diogo Jota,FW,79.36,51.67,69.44,43.92,Z062,36.92,10.92,0,0,right_half_space,middle_third,right_foot,normal,open_play,0,0,1.21,2,0,0.0024,1,0,0
SYN_SHOT_001491,synthetic_modelled_not_official_event_data,2024-25,Liverpool,Premier League,LIV_PL_2024_25_03,3,2024-09-08,Bournemouth,home,18,31,drawing,Diogo Jota,FW,104.88,53.32,91.77,45.32,Z086,17.42,18.47,1,0,right_half_space,penalty_area,right_foot,curled,open_play,1,0,1.58,3,0,0.0291,1,0,0
SYN_SHOT_001492,synthetic_modelled_not_official_event_data,2024-25,Liverpool,Premier League,LIV_PL_2024_25_02,2,2024-08-28,Aston Villa,away,46,6,winning,Cody Gakpo,FW,111.53,47.78,97.59,40.61,Z093,9.93,32.49,1,0,central,six_yard_box,right_foot,first_time,open_play,0,0,2.85,1,0,0.2213,1,1,1
SYN_SHOT_001493,synthetic_modelled_not_official_event_data,2024-25,Liverpool,Premier League,LIV_PL_2024_25_12,12,2024-11-09,Manchester City,away,33,19,drawing,Mohamed Salah,FW,114.15,39.5,99.88,33.58,Z092,5.14,70.85,1,1,central,six_yard_box,right_foot,normal,open_play,1,0,3.41,1,1,0.9183,1,1,1
SYN_SHOT_001494,synthetic_modelled_not_official_event_data,2024-25,Liverpool,Premier League,LIV_PL_2024_25_21,21,2025-01-09,Aston Villa,home,20,54,winning,Diogo Jota,FW,92.73,68.52,81.14,58.24,Z079,34.01,8.68,0,0,right_wing,final_third_outside_box,right_foot,power,counter_attack,1,0,1.02,1,0,0.0028,0,0,0
SYN_SHOT_001495,synthetic_modelled_not_official_event_data,2024-25,Liverpool,Premier League,LIV_PL_2024_25_34,34,2025-04-11,Nottingham Forest,away,60,54,drawing,Jayden Danns,FW,99.63,59.63,87.18,50.68,Z078,24.41,12.62,0,0,right_half_space,final_third_outside_box,head,normal,open_play,0,0,2.65,3,0,0.003,0,0,0
SYN_SHOT_001496,synthetic_modelled_not_official_event_data,2024-25,Liverpool,Premier League,LIV_PL_2024_25_01,1,2024-08-21,Arsenal,home,17,3,drawing,Cody Gakpo,FW,93.71,24.41,82.0,20.75,Z075,26.55,13.69,0,0,left_half_space,final_third_outside_box,right_foot,half_volley,open_play,1,0,4.25,2,0,0.0071,0,0,0
SYN_SHOT_001497,synthetic_modelled_not_official_event_data,2024-25,Liverpool,Premier League,LIV_PL_2024_25_06,6,2024-09-29,Chelsea,away,65,28,drawing,Tyler Morton,MF,119.5,30.23,104.56,25.69,Z092,8.32,3.29,1,1,central,six_yard_box,right_foot,normal,open_play,1,0,1.7,2,0,0.1546,1,0,0
SYN_SHOT_001498,synthetic_modelled_not_official_event_data,2024-25,Liverpool,Premier League,LIV_PL_2024_25_23,23,2025-01-24,Brentford,home,73,42,drawing,Mohamed Salah,FW,103.05,53.68,90.17,45.63,Z086,18.85,17.62,1,0,right_half_space,penalty_area,left_foot,power,open_play,1,0,5.31,3,0,0.0342,0,0,0
SYN_SHOT_001499,synthetic_modelled_not_official_event_data,2024-25,Liverpool,Premier League,LIV_PL_2024_25_18,18,2024-12-20,West Ham United,away,74,26,drawing,Mohamed Salah,FW,105.37,35.23,92.2,29.95,Z084,13.43,29.31,1,0,central,penalty_area,left_foot,power,open_play,0,0,0.5,1,0,0.1701,1,0,0
SYN_SHOT_001500,synthetic_modelled_not_official_event_data,2024-25,Liverpool,Premier League,LIV_PL_2024_25_32,32,2025-03-27,Manchester United,away,75,14,losing,Diogo Jota,FW,110.86,33.56,97.01,28.52,Z092,9.69,36.02,1,0,central,six_yard_box,right_foot,normal,free_kick_indirect,1,0,2.16,0,0,0.2506,1,1,1
SYN_SHOT_001501,synthetic_modelled_not_official_event_data,2024-25,Liverpool,Premier League,LIV_PL_2024_25_03,3,2024-09-07,Bournemouth,home,95,14,losing,Luis Díaz,FW,117.62,22.24,102.91,18.9,Z091,15.24,3.99,1,0,left_half_space,penalty_area,right_foot,normal,open_play,0,0,3.94,3,0,0.0376,1,0,0
SYN_SHOT_001502,synthetic_modelled_not_official_event_data,2024-25,Liverpool,Premier League,LIV_PL_2024_25_21,21,2025-01-08,Aston Villa,home,71,17,drawing,Darwin Núñez,FW,93.22,48.75,81.57,41.43,Z077,24.58,16.19,0,0,central,final_third_outside_box,right_foot,normal,open_play,1,0,4.82,2,0,0.0088,0,0,0
SYN_SHOT_001503,synthetic_modelled_not_official_event_data,2024-25,Liverpool,Premier League,LIV_PL_2024_25_20,20,2025-01-02,Arsenal,away,18,28,losing,Cody Gakpo,FW,98.1,54.85,85.84,46.62,Z078,22.95,15.29,0,0,right_half_space,final_third_outside_box,left_foot,normal,open_play,1,0,3.05,1,0,0.0113,0,0,0
SYN_SHOT_001504,synthetic_modelled_not_official_event_data,2024-25,Liverpool,Premier League,LIV_PL_2024_25_27,27,2025-02-22,Everton,home,5,15,winning,Mohamed Salah,FW,104.62,27.13,91.54,23.06,Z083,17.34,18.92,1,0,left_half_space,penalty_area,left_foot,normal,open_play,0,1,4.79,0,1,0.3374,1,1,1
SYN_SHOT_001505,synthetic_modelled_not_official_event_data,2024-25,Liverpool,Premier League,LIV_PL_2024_25_08,8,2024-10-12,Everton,away,4,11,winning,Trent Kone-Doherty,FW,91.3,53.01,79.89,45.06,Z078,27.44,13.96,0,0,right_half_space,final_third_outside_box,right_foot,power,open_play,1,0,3.47,2,0,0.0052,0,0,0
SYN_SHOT_001506,synthetic_modelled_not_official_event_data,2024-25,Liverpool,Premier League,LIV_PL_2024_25_35,35,2025-04-20,Southampton,home,74,30,losing,Harvey Elliott,MF,111.66,55.28,97.7,46.99,Z094,14.9,14.37,1,0,right_half_space,penalty_area,right_foot,first_time,counter_attack,1,0,6.32,2,0,0.0634,1,0,0
SYN_SHOT_001507,synthetic_modelled_not_official_event_data,2024-25,Liverpool,Premier League,LIV_PL_2024_25_36,36,2025-04-24,Tottenham Hotspur,away,5,37,winning,Dominik Szoboszlai,MF,100.74,44.15,88.15,37.53,Z085,17.21,23.55,0,0,central,penalty_area,right_foot,normal,open_play,0,0,3.36,4,0,0.0305,0,0,0
SYN_SHOT_001508,synthetic_modelled_not_official_event_data,2024-25,Liverpool,Premier League,LIV_PL_2024_25_36,36,2025-04-23,Tottenham Hotspur,away,68,14,drawing,Diogo Jota,FW,106.88,26.23,93.52,22.3,Z083,16.39,18.22,1,0,left_half_space,penalty_area,left_foot,first_time,open_play,0,0,0.78,5,0,0.0453,1,0,0
SYN_SHOT_001509,synthetic_modelled_not_official_event_data,2024-25,Liverpool,Premier League,LIV_PL_2024_25_01,1,2024-08-24,Arsenal,home,75,58,winning,Mohamed Salah,FW,97.49,42.42,85.3,36.06,Z077,19.8,20.84,0,0,central,final_third_outside_box,left_foot,placed,open_play,1,0,1.85,2,0,0.022,0,0,0
SYN_SHOT_001510,synthetic_modelled_not_official_event_data,2024-25,Liverpool,Premier League,LIV_PL_2024_25_07,7,2024-10-06,Crystal Palace,home,27,40,drawing,Cody Gakpo,FW,107.88,60.52,94.39,51.44,Z087,20.41,10.9,1,0,right_wing,wide_final_third,left_foot,normal,open_play,1,0,1.81,1,0,0.0225,1,0,0
SYN_SHOT_001511,synthetic_modelled_not_official_event_data,2024-25,Liverpool,Premier League,LIV_PL_2024_25_35,35,2025-04-20,Southampton,home,36,28,drawing,Luis Díaz,FW,119.5,63.78,104.56,54.22,Z095,20.22,0.46,0,0,right_wing,wide_final_third,head,normal,open_play,0,0,3.68,2,0,0.0083,0,0,0
SYN_SHOT_001512,synthetic_modelled_not_official_event_data,2024-25,Liverpool,Premier League,LIV_PL_2024_25_06,6,2024-09-29,Chelsea,away,68,22,drawing,Cody Gakpo,FW,90.63,21.54,79.3,18.31,Z075,30.11,11.89,0,0,left_half_space,final_third_outside_box,right_foot,normal,open_play,1,0,4.69,2,0,0.0045,0,0,0
SYN_SHOT_001513,synthetic_modelled_not_official_event_data,2024-25,Liverpool,Premier League,LIV_PL_2024_25_29,29,2025-03-05,Ipswich Town,home,70,51,drawing,Mohamed Salah,FW,119.5,33.59,104.56,28.55,Z092,5.47,11.0,1,1,central,six_yard_box,left_foot,normal,throw_in,1,0,1.88,3,0,0.2852,1,0,0
SYN_SHOT_001514,synthetic_modelled_not_official_event_data,2024-25,Liverpool,Premier League,LIV_PL_2024_25_14,14,2024-11-20,Newcastle United,away,1,0,drawing,Mohamed Salah,FW,115.61,12.29,101.16,10.45,Z090,23.86,2.89,0,0,left_wing,wide_final_third,head,normal,corner,0,0,1.5,1,0,0.0039,0,0,0
SYN_SHOT_001515,synthetic_modelled_not_official_event_data,2024-25,Liverpool,Premier League,LIV_PL_2024_25_34,34,2025-04-09,Nottingham Forest,away,41,42,drawing,Luis Díaz,FW,89.09,17.5,77.95,14.87,Z066,33.13,10.35,0,0,left_wing,final_third_outside_box,right_foot,normal,high_press_recovery,0,0,3.57,4,0,0.003,0,0,0
SYN_SHOT_001516,synthetic_modelled_not_official_event_data,2024-25,Liverpool,Premier League,LIV_PL_2024_25_22,22,2025-01-17,Bournemouth,away,74,12,winning,Mohamed Salah,FW,115.88,17.45,101.39,14.84,Z090,19.5,4.12,1,0,left_wing,wide_final_third,left_foot,normal,open_play,0,0,5.13,2,0,0.0449,0,0,0
SYN_SHOT_001517,synthetic_modelled_not_official_event_data,2024-25,Liverpool,Premier League,LIV_PL_2024_25_09,9,2024-10-18,Fulham,home,82,27,drawing,Mohamed Salah,FW,106.47,40.5,93.16,34.43,Z085,11.85,34.32,1,0,central,penalty_area,right_foot,power,open_play,0,0,5.66,4,0,0.1995,0,0,0
SYN_SHOT_001518,synthetic_modelled_not_official_event_data,2024-25,Liverpool,Premier League,LIV_PL_2024_25_33,33,2025-04-05,Newcastle United,home,94,43,losing,Darwin Núñez,FW,90.84,72.43,79.48,61.57,Z080,37.56,7.61,0,0,right_wing,final_third_outside_box,head,normal,open_play,0,0,1.62,6,0,0.0006,0,0,0
SYN_SHOT_001519,synthetic_modelled_not_official_event_data,2024-25,Liverpool,Premier League,LIV_PL_2024_25_05,5,2024-09-21,Brighton,home,64,34,drawing,Luis Díaz,FW,112.27,39.23,98.24,33.35,Z092,6.8,56.49,1,0,central,six_yard_box,head,normal,counter_attack,0,0,0.5,0,0,0.4743,1,1,1
SYN_SHOT_001520,synthetic_modelled_not_official_event_data,2024-25,Liverpool,Premier League,LIV_PL_2024_25_23,23,2025-01-26,Brentford,home,80,15,drawing,Luis Díaz,FW,113.15,37.13,99.0,31.56,Z092,6.47,57.0,1,0,central,six_yard_box,right_foot,volley,open_play,0,0,4.48,0,0,0.6108,1,1,1
SYN_SHOT_001521,synthetic_modelled_not_official_event_data,2024-25,Liverpool,Premier League,LIV_PL_2024_25_04,4,2024-09-15,Brentford,away,80,11,drawing,Alexis Mac Allister,MF,91.1,69.22,79.71,58.84,Z079,35.44,8.47,0,0,right_wing,final_third_outside_box,head,first_time,free_kick_indirect,0,0,0.51,3,0,0.0009,0,0,0
SYN_SHOT_001522,synthetic_modelled_not_official_event_data,2024-25,Liverpool,Premier League,LIV_PL_2024_25_21,21,2025-01-12,Aston Villa,home,18,17,drawing,Luis Díaz,FW,112.82,25.72,98.72,21.87,Z091,13.66,14.86,1,0,left_half_space,penalty_area,right_foot,curled,open_play,0,0,2.65,1,0,0.0721,1,0,0
SYN_SHOT_001523,synthetic_modelled_not_official_event_data,2024-25,Liverpool,Premier League,LIV_PL_2024_25_07,7,2024-10-03,Crystal Palace,home,44,30,drawing,Luis Díaz,FW,94.06,18.41,82.3,15.64,Z074,29.19,11.2,0,0,left_wing,final_third_outside_box,right_foot,curled,counter_attack,1,0,2.53,3,0,0.0028,0,0,0
SYN_SHOT_001524,synthetic_modelled_not_official_event_data,2024-25,Liverpool,Premier League,LIV_PL_2024_25_22,22,2025-01-15,Bournemouth,away,36,57,drawing,Diogo Jota,FW,107.23,1.0,93.82,0.85,Z081,34.98,3.87,0,0,left_wing,wide_final_third,head,chip,corner,0,0,4.05,0,0,0.0018,0,0,0
SYN_SHOT_001525,synthetic_modelled_not_official_event_data,2024-25,Liverpool,Premier League,LIV_PL_2024_25_27,27,2025-02-22,Everton,home,34,37,losing,Mohamed Salah,FW,92.94,34.65,81.32,29.45,Z076,24.11,16.97,0,0,central,final_third_outside_box,head,normal,free_kick_indirect,0,0,5.59,6,0,0.0093,0,0,0
SYN_SHOT_001526,synthetic_modelled_not_official_event_data,2024-25,Liverpool,Premier League,LIV_PL_2024_25_37,37,2025-05-03,West Ham United,home,33,17,drawing,Cody Gakpo,FW,106.15,16.81,92.88,14.29,Z082,23.14,9.64,1,0,left_wing,wide_final_third,left_foot,power,open_play,0,0,4.94,3,0,0.0193,0,0,0
SYN_SHOT_001527,synthetic_modelled_not_official_event_data,2024-25,Liverpool,Premier League,LIV_PL_2024_25_14,14,2024-11-21,Newcastle United,away,5,20,losing,Cody Gakpo,FW,119.5,68.04,104.56,57.84,Z095,23.84,0.33,0,0,right_wing,wide_final_third,left_foot,normal,open_play,0,0,4.16,4,0,0.0057,0,0,0
SYN_SHOT_001528,synthetic_modelled_not_official_event_data,2024-25,Liverpool,Premier League,LIV_PL_2024_25_31,31,2025-03-20,Manchester City,home,10,58,winning,Dominik Szoboszlai,MF,111.12,46.2,97.23,39.27,Z093,9.39,37.27,1,0,central,six_yard_box,right_foot,normal,open_play,0,0,0.5,4,0,0.1666,1,1,1
SYN_SHOT_001529,synthetic_modelled_not_official_event_data,2024-25,Liverpool,Premier League,LIV_PL_2024_25_30,30,2025-03-12,Leicester City,away,78,34,winning,Diogo Jota,FW,90.12,32.83,78.86,27.91,Z076,26.84,15.14,0,0,central,final_third_outside_box,head,first_time,open_play,0,0,4.35,5,0,0.0061,1,0,0
SYN_SHOT_001530,synthetic_modelled_not_official_event_data,2024-25,Liverpool,Premier League,LIV_PL_2024_25_37,37,2025-04-30,West Ham United,home,36,12,drawing,Diogo Jota,FW,96.86,44.24,84.75,37.61,Z077,20.57,19.89,0,0,central,final_third_outside_box,left_foot,normal,open_play,0,0,1.47,6,0,0.0167,0,0,0
SYN_SHOT_001531,synthetic_modelled_not_official_event_data,2024-25,Liverpool,Premier League,LIV_PL_2024_25_26,26,2025-02-12,Crystal Palace,away,34,15,winning,Mohamed Salah,FW,108.0,40.0,94.5,34.0,Z085,10.5,38.43,1,0,central,penalty_area,left_foot,normal,penalty,1,0,0.62,1,1,0.9692,1,1,1
SYN_SHOT_001532,synthetic_modelled_not_official_event_data,2024-25,Liverpool,Premier League,LIV_PL_2024_25_22,22,2025-01-19,Bournemouth,away,5,26,drawing,Cody Gakpo,FW,119.5,9.46,104.56,8.04,Z089,25.96,0.28,0,0,left_wing,wide_final_third,right_foot,normal,counter_attack,0,0,3.23,3,0,0.0057,0,0,0
SYN_SHOT_001533,synthetic_modelled_not_official_event_data,2024-25,Liverpool,Premier League,LIV_PL_2024_25_26,26,2025-02-16,Crystal Palace,away,85,57,losing,Trey Nyoni,MF,110.76,43.97,96.91,37.38,Z093,8.77,43.02,1,0,central,six_yard_box,left_foot,normal,open_play,1,0,5.22,1,0,0.2592,0,0,0
SYN_SHOT_001534,synthetic_modelled_not_official_event_data,2024-25,Liverpool,Premier League,LIV_PL_2024_25_34,34,2025-04-12,Nottingham Forest,away,72,18,winning,Diogo Jota,FW,101.36,68.07,88.69,57.86,Z087,28.9,8.26,0,0,right_wing,wide_final_third,right_foot,first_time,counter_attack,0,0,3.83,4,0,0.006,0,0,0
SYN_SHOT_001535,synthetic_modelled_not_official_event_data,2024-25,Liverpool,Premier League,LIV_PL_2024_25_04,4,2024-09-14,Brentford,away,23,56,winning,Cody Gakpo,FW,117.45,18.3,102.77,15.56,Z090,18.58,2.82,1,0,left_wing,wide_final_third,left_foot,first_time,open_play,1,0,5.71,3,0,0.0185,0,0,0
SYN_SHOT_001536,synthetic_modelled_not_official_event_data,2024-25,Liverpool,Premier League,LIV_PL_2024_25_20,20,2025-01-03,Arsenal,away,26,35,winning,Diogo Jota,FW,110.84,43.11,96.99,36.64,Z093,8.44,45.43,1,0,central,six_yard_box,other,normal,corner,0,0,0.5,2,0,0.1489,1,0,0
SYN_SHOT_001537,synthetic_modelled_not_official_event_data,2024-25,Liverpool,Premier League,LIV_PL_2024_25_28,28,2025-02-28,Fulham,away,9,16,drawing,Cody Gakpo,FW,81.82,16.83,71.59,14.3,Z066,38.78,9.32,0,0,left_wing,final_third_outside_box,other,normal,counter_attack,0,0,2.8,2,0,0.0009,0,0,0
SYN_SHOT_001538,synthetic_modelled_not_official_event_data,2024-25,Liverpool,Premier League,LIV_PL_2024_25_03,3,2024-09-04,Bournemouth,home,54,49,drawing,Mohamed Salah,FW,113.48,50.07,99.29,42.56,Z094,10.29,24.34,1,0,right_half_space,penalty_area,left_foot,power,open_play,0,0,3.14,3,0,0.1435,0,0,0
SYN_SHOT_001539,synthetic_modelled_not_official_event_data,2024-25,Liverpool,Premier League,LIV_PL_2024_25_29,29,2025-03-07,Ipswich Town,home,63,54,drawing,Mohamed Salah,FW,104.12,25.52,91.11,21.69,Z083,18.56,17.07,1,0,left_half_space,penalty_area,left_foot,normal,open_play,1,0,4.56,1,0,0.0534,0,0,0
SYN_SHOT_001540,synthetic_modelled_not_official_event_data,2024-25,Liverpool,Premier League,LIV_PL_2024_25_19,19,2024-12-27,Wolverhampton Wanderers,home,68,1,drawing,Cody Gakpo,FW,86.24,29.19,75.46,24.81,Z067,30.93,12.91,0,0,left_half_space,final_third_outside_box,right_foot,normal,open_play,1,0,0.5,1,0,0.0031,0,0,0
SYN_SHOT_001541,synthetic_modelled_not_official_event_data,2024-25,Liverpool,Premier League,LIV_PL_2024_25_04,4,2024-09-15,Brentford,away,82,0,drawing,Mohamed Salah,FW,112.87,26.5,98.76,22.53,Z091,13.06,16.2,1,0,left_half_space,penalty_area,left_foot,half_volley,open_play,0,0,3.04,0,0,0.1582,1,0,0
SYN_SHOT_001542,synthetic_modelled_not_official_event_data,2024-25,Liverpool,Premier League,LIV_PL_2024_25_17,17,2024-12-12,Tottenham Hotspur,home,80,13,drawing,Dominik Szoboszlai,MF,99.04,44.9,86.66,38.16,Z077,18.81,21.53,0,0,central,final_third_outside_box,right_foot,normal,open_play,0,0,2.04,1,0,0.0277,0,0,0
SYN_SHOT_001543,synthetic_modelled_not_official_event_data,2024-25,Liverpool,Premier League,LIV_PL_2024_25_19,19,2024-12-25,Wolverhampton Wanderers,home,23,17,winning,Ryan Gravenberch,MF,104.64,43.4,91.56,36.89,Z085,13.75,29.26,1,0,central,penalty_area,right_foot,normal,open_play,0,0,2.25,1,0,0.1168,1,0,0
SYN_SHOT_001544,synthetic_modelled_not_official_event_data,2024-25,Liverpool,Premier League,LIV_PL_2024_25_26,26,2025-02-13,Crystal Palace,away,75,4,winning,Mohamed Salah,FW,100.2,53.71,87.68,45.65,Z086,20.88,16.71,0,0,right_half_space,penalty_area,left_foot,power,high_press_recovery,0,0,5.17,4,0,0.0188,0,0,0
SYN_SHOT_001545,synthetic_modelled_not_official_event_data,2024-25,Liverpool,Premier League,LIV_PL_2024_25_09,9,2024-10-19,Fulham,home,77,33,drawing,Mohamed Salah,FW,108.01,41.72,94.51,35.46,Z085,10.59,37.86,1,0,central,penalty_area,left_foot,normal,open_play,1,0,3.21,2,0,0.2634,1,0,0
SYN_SHOT_001546,synthetic_modelled_not_official_event_data,2024-25,Liverpool,Premier League,LIV_PL_2024_25_21,21,2025-01-11,Aston Villa,home,24,42,winning,Luis Díaz,FW,103.23,47.85,90.32,40.67,Z085,16.12,23.55,1,0,central,penalty_area,right_foot,first_time,open_play,1,0,0.5,2,0,0.0658,1,0,0
SYN_SHOT_001547,synthetic_modelled_not_official_event_data,2024-25,Liverpool,Premier League,LIV_PL_2024_25_11,11,2024-11-02,Leicester City,home,14,6,losing,Diogo Jota,FW,118.66,24.47,103.83,20.8,Z091,13.25,3.02,1,0,left_half_space,penalty_area,left_foot,power,corner,0,0,3.85,3,0,0.0379,0,0,0
SYN_SHOT_001548,synthetic_modelled_not_official_event_data,2024-25,Liverpool,Premier League,LIV_PL_2024_25_17,17,2024-12-11,Tottenham Hotspur,home,42,35,winning,Luis Díaz,FW,102.04,61.41,89.29,52.2,Z087,24.04,11.51,1,0,right_wing,wide_final_third,head,normal,throw_in,1,0,1.63,3,0,0.006,0,0,0
SYN_SHOT_001549,synthetic_modelled_not_official_event_data,2024-25,Liverpool,Premier League,LIV_PL_2024_25_02,2,2024-08-30,Aston Villa,away,69,49,winning,Curtis Jones,MF,115.66,25.82,101.2,21.94,Z091,12.64,10.76,1,0,left_half_space,penalty_area,right_foot,first_time,open_play,1,0,1.69,5,0,0.0279,0,0,0
SYN_SHOT_001550,synthetic_modelled_not_official_event_data,2024-25,Liverpool,Premier League,LIV_PL_2024_25_24,24,2025-02-01,Brighton,away,30,23,winning,Mohamed Salah,FW,98.97,42.97,86.6,36.52,Z077,18.57,22.11,0,0,central,final_third_outside_box,other,half_volley,open_play,1,0,4.3,4,0,0.0098,1,0,0
SYN_SHOT_001551,synthetic_modelled_not_official_event_data,2024-25,Liverpool,Premier League,LIV_PL_2024_25_38,38,2025-05-09,Wolverhampton Wanderers,away,17,11,winning,Darwin Núñez,FW,89.94,40.45,78.7,34.38,Z069,26.3,15.84,0,0,central,final_third_outside_box,right_foot,half_volley,counter_attack,0,1,6.29,2,1,0.0638,0,0,0
SYN_SHOT_001552,synthetic_modelled_not_official_event_data,2024-25,Liverpool,Premier League,LIV_PL_2024_25_16,16,2024-12-05,Southampton,away,7,17,winning,Mohamed Salah,FW,93.01,53.24,81.39,45.25,Z078,26.16,14.45,0,0,right_half_space,final_third_outside_box,right_foot,volley,open_play,1,0,4.19,6,0,0.0059,0,0,0
SYN_SHOT_001553,synthetic_modelled_not_official_event_data,2024-25,Liverpool,Premier League,LIV_PL_2024_25_01,1,2024-08-25,Arsenal,home,11,53,losing,Diogo Jota,FW,105.1,68.25,91.96,58.01,Z087,27.32,7.41,0,0,right_wing,wide_final_third,right_foot,normal,counter_attack,0,0,1.32,1,0,0.0081,0,0,0
SYN_SHOT_001554,synthetic_modelled_not_official_event_data,2024-25,Liverpool,Premier League,LIV_PL_2024_25_35,35,2025-04-19,Southampton,home,60,18,winning,Federico Chiesa,FW,91.68,56.5,80.22,48.02,Z078,28.48,12.82,0,0,right_half_space,final_third_outside_box,other,normal,open_play,0,0,4.18,2,0,0.003,1,0,0
SYN_SHOT_001555,synthetic_modelled_not_official_event_data,2024-25,Liverpool,Premier League,LIV_PL_2024_25_28,28,2025-02-26,Fulham,away,45,40,drawing,Diogo Jota,FW,115.15,39.6,100.76,33.66,Z092,4.26,81.35,1,1,central,six_yard_box,right_foot,first_time,counter_attack,0,0,3.63,4,0,0.8653,1,0,0
SYN_SHOT_001556,synthetic_modelled_not_official_event_data,2024-25,Liverpool,Premier League,LIV_PL_2024_25_15,15,2024-11-30,Nottingham Forest,home,21,19,winning,Mohamed Salah,FW,100.41,46.7,87.86,39.69,Z085,18.06,21.85,0,0,central,penalty_area,head,normal,open_play,1,0,0.5,3,0,0.0114,0,0,0
SYN_SHOT_001557,synthetic_modelled_not_official_event_data,2024-25,Liverpool,Premier League,LIV_PL_2024_25_31,31,2025-03-22,Manchester City,home,33,55,winning,Luis Díaz,FW,113.75,6.1,99.53,5.19,Z089,29.33,2.71,0,0,left_wing,wide_final_third,left_foot,normal,open_play,0,0,2.92,4,0,0.0023,0,0,0
SYN_SHOT_001558,synthetic_modelled_not_official_event_data,2024-25,Liverpool,Premier League,LIV_PL_2024_25_16,16,2024-12-05,Southampton,away,16,49,drawing,Mohamed Salah,FW,105.87,9.55,92.63,8.12,Z081,28.69,6.38,0,0,left_wing,wide_final_third,left_foot,normal,corner,0,0,7.05,2,0,0.0053,1,0,0
SYN_SHOT_001559,synthetic_modelled_not_official_event_data,2024-25,Liverpool,Premier League,LIV_PL_2024_25_27,27,2025-02-22,Everton,home,51,39,losing,Luis Díaz,FW,104.5,43.08,91.44,36.62,Z085,13.81,29.23,1,0,central,penalty_area,right_foot,normal,open_play,0,0,5.53,4,0,0.119,0,0,0
SYN_SHOT_001560,synthetic_modelled_not_official_event_data,2024-25,Liverpool,Premier League,LIV_PL_2024_25_29,29,2025-03-07,Ipswich Town,home,61,28,losing,Mohamed Salah,FW,115.64,72.78,101.19,61.87,Z096,28.13,2.05,0,0,right_wing,wide_final_third,head,normal,corner,1,0,4.29,2,0,0.0022,0,0,0
SYN_SHOT_001561,synthetic_modelled_not_official_event_data,2024-25,Liverpool,Premier League,LIV_PL_2024_25_03,3,2024-09-07,Bournemouth,home,20,43,winning,Luis Díaz,FW,108.9,79.0,95.29,67.15,Z088,34.54,3.45,0,0,right_wing,wide_final_third,left_foot,normal,free_kick_indirect,0,0,3.18,0,0,0.0036,0,0,0
SYN_SHOT_001562,synthetic_modelled_not_official_event_data,2024-25,Liverpool,Premier League,LIV_PL_2024_25_18,18,2024-12-22,West Ham United,away,61,51,drawing,Mohamed Salah,FW,102.3,28.32,89.51,24.07,Z083,18.4,19.22,1,0,left_half_space,penalty_area,right_foot,first_time,open_play,1,0,1.83,3,0,0.0283,0,0,0
SYN_SHOT_001563,synthetic_modelled_not_official_event_data,2024-25,Liverpool,Premier League,LIV_PL_2024_25_06,6,2024-09-26,Chelsea,away,92,53,winning,Mohamed Salah,FW,115.86,26.69,101.37,22.68,Z091,11.88,11.73,1,0,left_half_space,penalty_area,left_foot,normal,open_play,0,0,0.5,2,0,0.0968,0,0,0
SYN_SHOT_001564,synthetic_modelled_not_official_event_data,2024-25,Liverpool,Premier League,LIV_PL_2024_25_21,21,2025-01-08,Aston Villa,home,39,36,drawing,Cody Gakpo,FW,104.86,59.38,91.75,50.47,Z086,21.14,12.61,1,0,right_half_space,penalty_area,left_foot,normal,open_play,1,0,5.55,1,0,0.0294,0,0,0
SYN_SHOT_001565,synthetic_modelled_not_official_event_data,2024-25,Liverpool,Premier League,LIV_PL_2024_25_15,15,2024-11-27,Nottingham Forest,home,49,18,drawing,Luis Díaz,FW,113.66,46.47,99.45,39.5,Z093,7.81,40.47,1,0,central,six_yard_box,right_foot,normal,open_play,0,1,3.59,4,1,0.6121,1,0,0
SYN_SHOT_001566,synthetic_modelled_not_official_event_data,2024-25,Liverpool,Premier League,LIV_PL_2024_25_24,24,2025-01-30,Brighton,away,86,57,drawing,Cody Gakpo,FW,94.58,79.0,82.76,67.15,Z080,39.92,5.88,0,0,right_wing,final_third_outside_box,right_foot,normal,open_play,1,0,3.57,0,0,0.0015,0,0,0
SYN_SHOT_001567,synthetic_modelled_not_official_event_data,2024-25,Liverpool,Premier League,LIV_PL_2024_25_38,38,2025-05-09,Wolverhampton Wanderers,away,30,44,winning,Mohamed Salah,FW,103.08,32.13,90.19,27.31,Z084,16.25,23.39,1,0,central,penalty_area,left_foot,first_time,open_play,0,0,1.73,1,0,0.1088,0,0,0
SYN_SHOT_001568,synthetic_modelled_not_official_event_data,2024-25,Liverpool,Premier League,LIV_PL_2024_25_30,30,2025-03-12,Leicester City,away,89,24,winning,Mohamed Salah,FW,102.08,46.83,89.32,39.81,Z085,16.72,23.32,1,0,central,penalty_area,left_foot,normal,open_play,0,0,1.75,2,0,0.1034,0,0,0
SYN_SHOT_001569,synthetic_modelled_not_official_event_data,2024-25,Liverpool,Premier League,LIV_PL_2024_25_36,36,2025-04-23,Tottenham Hotspur,away,85,3,drawing,Mohamed Salah,FW,97.99,72.58,85.74,61.69,Z080,33.73,7.15,0,0,right_wing,final_third_outside_box,left_foot,normal,open_play,0,0,1.05,6,0,0.002,0,0,0
SYN_SHOT_001570,synthetic_modelled_not_official_event_data,2024-25,Liverpool,Premier League,LIV_PL_2024_25_19,19,2024-12-28,Wolverhampton Wanderers,home,37,25,drawing,Luis Díaz,FW,80.75,35.58,70.65,30.24,Z068,34.55,12.02,0,0,central,final_third_outside_box,right_foot,volley,open_play,0,0,5.33,6,0,0.003,0,0,0
SYN_SHOT_001571,synthetic_modelled_not_official_event_data,2024-25,Liverpool,Premier League,LIV_PL_2024_25_37,37,2025-05-03,West Ham United,home,86,9,drawing,Mohamed Salah,FW,111.13,35.13,97.24,29.86,Z092,8.8,41.61,1,0,central,six_yard_box,left_foot,normal,corner,0,0,4.42,3,0,0.2405,1,0,0
SYN_SHOT_001572,synthetic_modelled_not_official_event_data,2024-25,Liverpool,Premier League,LIV_PL_2024_25_29,29,2025-03-09,Ipswich Town,home,31,2,drawing,Luis Díaz,FW,83.91,56.09,73.42,47.68,Z070,34.41,11.17,0,0,right_half_space,final_third_outside_box,right_foot,curled,counter_attack,0,0,3.53,3,0,0.003,0,0,0
SYN_SHOT_001573,synthetic_modelled_not_official_event_data,2024-25,Liverpool,Premier League,LIV_PL_2024_25_10,10,2024-10-27,Ipswich Town,away,10,47,winning,Mohamed Salah,FW,85.35,33.41,74.68,28.4,Z068,30.83,13.32,0,0,central,final_third_outside_box,head,normal,open_play,0,0,1.99,1,0,0.0045,0,0,0
SYN_SHOT_001574,synthetic_modelled_not_official_event_data,2024-25,Liverpool,Premier League,LIV_PL_2024_25_16,16,2024-12-04,Southampton,away,19,22,winning,Luis Díaz,FW,98.79,63.52,86.45,53.99,Z079,27.28,10.53,0,0,right_wing,final_third_outside_box,head,normal,open_play,0,0,2.67,2,0,0.0038,0,0,0
SYN_SHOT_001575,synthetic_modelled_not_official_event_data,2024-25,Liverpool,Premier League,LIV_PL_2024_25_26,26,2025-02-14,Crystal Palace,away,70,48,winning,Mohamed Salah,FW,109.78,38.04,96.05,32.33,Z084,9.1,43.33,1,0,central,penalty_area,right_foot,normal,open_play,0,0,2.94,2,0,0.3479,1,0,0
SYN_SHOT_001576,synthetic_modelled_not_official_event_data,2024-25,Liverpool,Premier League,LIV_PL_2024_25_37,37,2025-04-30,West Ham United,home,31,34,winning,Luis Díaz,FW,108.5,59.7,94.94,50.74,Z086,19.53,11.32,1,0,right_half_space,penalty_area,left_foot,normal,high_press_recovery,0,0,3.58,0,0,0.0662,0,0,0
SYN_SHOT_001577,synthetic_modelled_not_official_event_data,2024-25,Liverpool,Premier League,LIV_PL_2024_25_05,5,2024-09-19,Brighton,home,36,38,drawing,Diogo Jota,FW,107.96,3.67,94.46,3.12,Z081,32.63,4.2,0,0,left_wing,wide_final_third,head,normal,open_play,1,0,4.48,2,0,0.0019,0,0,0
SYN_SHOT_001578,synthetic_modelled_not_official_event_data,2024-25,Liverpool,Premier League,LIV_PL_2024_25_14,14,2024-11-20,Newcastle United,away,20,44,winning,Mohamed Salah,FW,119.5,28.59,104.56,24.3,Z091,9.71,2.27,1,0,left_half_space,penalty_area,right_foot,normal,open_play,1,0,3.23,2,0,0.0877,0,0,0
SYN_SHOT_001579,synthetic_modelled_not_official_event_data,2024-25,Liverpool,Premier League,LIV_PL_2024_25_17,17,2024-12-12,Tottenham Hotspur,home,94,25,drawing,Mohamed Salah,FW,106.14,22.29,92.87,18.94,Z083,19.33,13.84,1,0,left_half_space,penalty_area,left_foot,normal,open_play,1,0,3.72,4,0,0.0287,0,0,0
SYN_SHOT_001580,synthetic_modelled_not_official_event_data,2024-25,Liverpool,Premier League,LIV_PL_2024_25_27,27,2025-02-22,Everton,home,6,37,drawing,Darwin Núñez,FW,103.75,35.49,90.78,30.17,Z084,14.72,27.09,1,0,central,penalty_area,right_foot,normal,open_play,0,1,4.21,4,1,0.3023,1,0,0
SYN_SHOT_001581,synthetic_modelled_not_official_event_data,2024-25,Liverpool,Premier League,LIV_PL_2024_25_04,4,2024-09-11,Brentford,away,41,4,drawing,Cody Gakpo,FW,107.81,48.28,94.33,41.04,Z085,12.78,27.5,1,0,central,penalty_area,left_foot,curled,open_play,1,0,6.25,0,0,0.1419,0,0,0
SYN_SHOT_001582,synthetic_modelled_not_official_event_data,2024-25,Liverpool,Premier League,LIV_PL_2024_25_24,24,2025-01-30,Brighton,away,10,36,winning,Mohamed Salah,FW,102.52,55.9,89.71,47.52,Z086,20.41,15.52,1,0,right_half_space,penalty_area,left_foot,normal,open_play,1,0,5.15,1,0,0.0415,0,0,0
SYN_SHOT_001583,synthetic_modelled_not_official_event_data,2024-25,Liverpool,Premier League,LIV_PL_2024_25_37,37,2025-05-02,West Ham United,home,94,38,winning,Cody Gakpo,FW,102.8,43.19,89.95,36.71,Z085,15.29,26.55,1,0,central,penalty_area,right_foot,normal,open_play,0,0,2.48,1,0,0.112,0,0,0
SYN_SHOT_001584,synthetic_modelled_not_official_event_data,2024-25,Liverpool,Premier League,LIV_PL_2024_25_24,24,2025-02-01,Brighton,away,3,7,losing,Luis Díaz,FW,114.22,51.02,99.95,43.37,Z094,10.64,20.32,1,0,right_half_space,penalty_area,left_foot,first_time,counter_attack,0,0,1.4,1,0,0.1444,1,0,0
SYN_SHOT_001585,synthetic_modelled_not_official_event_data,2024-25,Liverpool,Premier League,LIV_PL_2024_25_26,26,2025-02-16,Crystal Palace,away,34,43,drawing,Mohamed Salah,FW,93.76,11.1,82.04,9.44,Z074,33.62,8.56,0,0,left_wing,final_third_outside_box,left_foot,normal,open_play,1,0,3.98,1,0,0.0032,0,0,0
SYN_SHOT_001586,synthetic_modelled_not_official_event_data,2024-25,Liverpool,Premier League,LIV_PL_2024_25_18,18,2024-12-18,West Ham United,away,18,3,winning,Cody Gakpo,FW,101.83,42.84,89.1,36.42,Z085,16.08,25.39,1,0,central,penalty_area,right_foot,normal,open_play,0,0,4.28,1,0,0.1303,1,0,0
SYN_SHOT_001587,synthetic_modelled_not_official_event_data,2024-25,Liverpool,Premier League,LIV_PL_2024_25_09,9,2024-10-18,Fulham,home,84,19,losing,Trey Nyoni,MF,107.11,52.5,93.72,44.62,Z086,15.5,20.01,1,0,right_half_space,penalty_area,right_foot,chip,open_play,0,0,0.72,4,0,0.0382,0,0,0
SYN_SHOT_001588,synthetic_modelled_not_official_event_data,2024-25,Liverpool,Premier League,LIV_PL_2024_25_22,22,2025-01-18,Bournemouth,away,55,40,winning,Luis Díaz,FW,113.79,46.69,99.57,39.68,Z093,7.86,39.4,1,1,central,six_yard_box,right_foot,normal,open_play,0,0,1.4,4,0,0.4663,1,1,1
SYN_SHOT_001589,synthetic_modelled_not_official_event_data,2024-25,Liverpool,Premier League,LIV_PL_2024_25_14,14,2024-11-24,Newcastle United,away,2,42,winning,Luis Díaz,FW,88.28,54.23,77.25,46.1,Z070,30.28,12.68,0,0,right_half_space,final_third_outside_box,left_foot,normal,open_play,1,0,0.9,3,0,0.0021,0,0,0
SYN_SHOT_001590,synthetic_modelled_not_official_event_data,2024-25,Liverpool,Premier League,LIV_PL_2024_25_09,9,2024-10-18,Fulham,home,72,53,winning,Mohamed Salah,FW,102.01,46.63,89.25,39.64,Z085,16.72,23.41,1,0,central,penalty_area,left_foot,curled,high_press_recovery,0,0,0.5,1,0,0.1185,0,0,0
SYN_SHOT_001591,synthetic_modelled_not_official_event_data,2024-25,Liverpool,Premier League,LIV_PL_2024_25_26,26,2025-02-14,Crystal Palace,away,18,48,losing,Mohamed Salah,FW,100.09,38.41,87.58,32.65,Z084,17.47,23.6,0,0,central,penalty_area,right_foot,power,open_play,0,0,3.11,3,0,0.0378,0,0,0
SYN_SHOT_001592,synthetic_modelled_not_official_event_data,2024-25,Liverpool,Premier League,LIV_PL_2024_25_38,38,2025-05-09,Wolverhampton Wanderers,away,30,24,losing,Federico Chiesa,FW,105.77,9.54,92.55,8.11,Z081,28.73,6.4,0,0,left_wing,wide_final_third,right_foot,power,open_play,0,0,4.74,4,0,0.0035,0,0,0
SYN_SHOT_001593,synthetic_modelled_not_official_event_data,2024-25,Liverpool,Premier League,LIV_PL_2024_25_24,24,2025-02-02,Brighton,away,26,18,winning,Mohamed Salah,FW,92.49,49.6,80.93,42.16,Z077,25.42,15.56,0,0,central,final_third_outside_box,left_foot,normal,open_play,0,0,3.51,4,0,0.0093,0,0,0
SYN_SHOT_001594,synthetic_modelled_not_official_event_data,2024-25,Liverpool,Premier League,LIV_PL_2024_25_20,20,2025-01-05,Arsenal,away,91,35,winning,Cody Gakpo,FW,99.97,36.46,87.47,30.99,Z076,17.78,22.96,0,0,central,final_third_outside_box,left_foot,normal,open_play,1,0,0.5,3,0,0.0159,1,0,0
SYN_SHOT_001595,synthetic_modelled_not_official_event_data,2024-25,Liverpool,Premier League,LIV_PL_2024_25_17,17,2024-12-14,Tottenham Hotspur,home,60,38,winning,Alexis Mac Allister,MF,112.15,48.76,98.13,41.44,Z093,10.13,29.41,1,0,central,six_yard_box,head,normal,corner,0,0,3.26,1,0,0.0934,0,0,0
SYN_SHOT_001596,synthetic_modelled_not_official_event_data,2024-25,Liverpool,Premier League,LIV_PL_2024_25_26,26,2025-02-12,Crystal Palace,away,55,41,winning,Luis Díaz,FW,101.2,57.94,88.55,49.25,Z086,22.43,13.81,1,0,right_half_space,penalty_area,right_foot,first_time,open_play,0,0,3.4,1,0,0.0357,0,0,0
SYN_SHOT_001597,synthetic_modelled_not_official_event_data,2024-25,Liverpool,Premier League,LIV_PL_2024_25_29,29,2025-03-06,Ipswich Town,home,2,30,winning,Alexis Mac Allister,MF,109.14,49.51,95.5,42.08,Z085,12.48,26.06,1,0,central,penalty_area,head,placed,open_play,0,1,6.04,1,1,0.2886,0,0,0
SYN_SHOT_001598,synthetic_modelled_not_official_event_data,2024-25,Liverpool,Premier League,LIV_PL_2024_25_09,9,2024-10-19,Fulham,home,4,42,drawing,Darwin Núñez,FW,101.81,19.92,89.09,16.93,Z082,23.34,12.37,1,0,left_wing,wide_final_third,left_foot,chip,open_play,0,0,5.14,4,0,0.0187,0,0,0
SYN_SHOT_001599,synthetic_modelled_not_official_event_data,2024-25,Liverpool,Premier League,LIV_PL_2024_25_20,20,2025-01-01,Arsenal,away,54,29,drawing,Cody Gakpo,FW,111.92,40.91,97.93,34.77,Z093,7.11,54.3,1,0,central,six_yard_box,left_foot,volley,open_play,0,0,4.41,3,0,0.4083,1,1,1
SYN_SHOT_001600,synthetic_modelled_not_official_event_data,2024-25,Liverpool,Premier League,LIV_PL_2024_25_21,21,2025-01-11,Aston Villa,home,75,29,drawing,Mohamed Salah,FW,109.77,36.09,96.05,30.67,Z084,9.55,40.11,1,0,central,penalty_area,left_foot,power,counter_attack,1,1,4.91,3,1,0.5902,1,1,1
SYN_SHOT_001601,synthetic_modelled_not_official_event_data,2024-25,Liverpool,Premier League,LIV_PL_2024_25_21,21,2025-01-09,Aston Villa,home,94,22,drawing,Mohamed Salah,FW,111.34,71.41,97.42,60.7,Z096,27.75,4.19,0,0,right_wing,wide_final_third,head,normal,corner,0,0,3.76,4,0,0.0022,0,0,0
SYN_SHOT_001602,synthetic_modelled_not_official_event_data,2024-25,Liverpool,Premier League,LIV_PL_2024_25_30,30,2025-03-13,Leicester City,away,67,17,drawing,Mohamed Salah,FW,100.68,41.72,88.09,35.46,Z085,16.97,24.26,0,0,central,penalty_area,right_foot,curled,open_play,1,0,0.5,0,0,0.0428,0,0,0
SYN_SHOT_001603,synthetic_modelled_not_official_event_data,2024-25,Liverpool,Premier League,LIV_PL_2024_25_15,15,2024-11-30,Nottingham Forest,home,87,29,winning,Darwin Núñez,FW,119.5,32.32,104.56,27.47,Z092,6.54,6.21,1,1,central,six_yard_box,right_foot,normal,open_play,1,0,2.98,1,1,0.4306,1,0,0
SYN_SHOT_001604,synthetic_modelled_not_official_event_data,2024-25,Liverpool,Premier League,LIV_PL_2024_25_14,14,2024-11-21,Newcastle United,away,45,20,winning,Diogo Jota,FW,106.08,22.7,92.82,19.29,Z083,19.1,14.24,1,0,left_half_space,penalty_area,right_foot,volley,open_play,1,0,1.84,2,0,0.0326,1,0,0
SYN_SHOT_001605,synthetic_modelled_not_official_event_data,2024-25,Liverpool,Premier League,LIV_PL_2024_25_23,23,2025-01-23,Brentford,home,46,14,winning,Dominik Szoboszlai,MF,102.55,20.14,89.73,17.12,Z083,22.77,12.48,1,0,left_half_space,penalty_area,left_foot,normal,throw_in,1,0,1.2,0,0,0.0206,0,0,0
SYN_SHOT_001606,synthetic_modelled_not_official_event_data,2024-25,Liverpool,Premier League,LIV_PL_2024_25_29,29,2025-03-05,Ipswich Town,home,68,39,drawing,Cody Gakpo,FW,102.17,51.1,89.4,43.44,Z086,18.23,19.7,1,0,right_half_space,penalty_area,right_foot,half_volley,counter_attack,0,0,2.36,4,0,0.0439,1,1,1
SYN_SHOT_001607,synthetic_modelled_not_official_event_data,2024-25,Liverpool,Premier League,LIV_PL_2024_25_05,5,2024-09-22,Brighton,home,20,38,winning,Diogo Jota,FW,107.15,56.83,93.76,48.3,Z086,18.19,14.53,1,0,right_half_space,penalty_area,head,first_time,open_play,0,0,2.26,2,0,0.033,0,0,0
SYN_SHOT_001608,synthetic_modelled_not_official_event_data,2024-25,Liverpool,Premier League,LIV_PL_2024_25_13,13,2024-11-16,Manchester United,home,38,55,losing,Mohamed Salah,FW,106.87,35.99,93.51,30.59,Z084,11.99,32.85,1,0,central,penalty_area,right_foot,normal,open_play,1,0,0.5,2,0,0.1607,0,0,0
SYN_SHOT_001609,synthetic_modelled_not_official_event_data,2024-25,Liverpool,Premier League,LIV_PL_2024_25_12,12,2024-11-08,Manchester City,away,50,34,losing,Mohamed Salah,FW,96.54,53.95,84.47,45.86,Z078,23.71,15.32,0,0,right_half_space,final_third_outside_box,head,first_time,open_play,1,0,0.99,2,0,0.0059,0,0,0
SYN_SHOT_001610,synthetic_modelled_not_official_event_data,2024-25,Liverpool,Premier League,LIV_PL_2024_25_29,29,2025-03-05,Ipswich Town,home,4,56,winning,Mohamed Salah,FW,114.55,48.02,100.23,40.82,Z093,8.32,32.0,1,1,central,six_yard_box,left_foot,normal,open_play,0,0,1.82,2,0,0.4975,1,1,1
SYN_SHOT_001611,synthetic_modelled_not_official_event_data,2024-25,Liverpool,Premier League,LIV_PL_2024_25_09,9,2024-10-20,Fulham,home,46,19,losing,Darwin Núñez,FW,82.97,11.42,72.6,9.71,Z066,40.49,8.3,0,0,left_wing,final_third_outside_box,right_foot,normal,open_play,0,0,2.31,1,0,0.0012,0,0,0
SYN_SHOT_001612,synthetic_modelled_not_official_event_data,2024-25,Liverpool,Premier League,LIV_PL_2024_25_07,7,2024-10-03,Crystal Palace,home,52,48,drawing,Cody Gakpo,FW,105.03,66.14,91.9,56.22,Z087,25.79,8.37,0,0,right_wing,wide_final_third,right_foot,normal,throw_in,0,0,6.17,2,0,0.0093,0,0,0
SYN_SHOT_001613,synthetic_modelled_not_official_event_data,2024-25,Liverpool,Premier League,LIV_PL_2024_25_31,31,2025-03-20,Manchester City,home,18,55,drawing,Diogo Jota,FW,102.39,35.92,89.59,30.53,Z084,15.79,25.54,1,0,central,penalty_area,left_foot,normal,counter_attack,1,0,0.67,1,0,0.1052,1,0,0
SYN_SHOT_001614,synthetic_modelled_not_official_event_data,2024-25,Liverpool,Premier League,LIV_PL_2024_25_04,4,2024-09-11,Brentford,away,67,42,winning,Alexis Mac Allister,MF,119.5,61.55,104.56,52.32,Z095,18.33,0.57,1,0,right_wing,wide_final_third,right_foot,first_time,counter_attack,0,0,0.5,0,0,0.0407,0,0,0
SYN_SHOT_001615,synthetic_modelled_not_official_event_data,2024-25,Liverpool,Premier League,LIV_PL_2024_25_10,10,2024-10-27,Ipswich Town,away,32,16,winning,Diogo Jota,FW,90.6,27.84,79.27,23.66,Z075,27.73,14.0,0,0,left_half_space,final_third_outside_box,right_foot,normal,open_play,1,0,2.4,2,0,0.0053,0,0,0
SYN_SHOT_001616,synthetic_modelled_not_official_event_data,2024-25,Liverpool,Premier League,LIV_PL_2024_25_27,27,2025-02-21,Everton,home,76,2,winning,Jayden Danns,FW,109.34,57.14,95.68,48.57,Z086,17.3,13.43,1,0,right_half_space,penalty_area,head,normal,corner,1,0,1.21,2,0,0.0127,0,0,0
SYN_SHOT_001617,synthetic_modelled_not_official_event_data,2024-25,Liverpool,Premier League,LIV_PL_2024_25_17,17,2024-12-12,Tottenham Hotspur,home,54,22,winning,Alexis Mac Allister,MF,109.96,42.37,96.22,36.01,Z085,9.01,43.49,1,0,central,penalty_area,head,first_time,corner,0,0,0.5,1,0,0.1502,0,0,0
SYN_SHOT_001618,synthetic_modelled_not_official_event_data,2024-25,Liverpool,Premier League,LIV_PL_2024_25_03,3,2024-09-06,Bournemouth,home,64,31,winning,Mohamed Salah,FW,97.47,11.47,85.29,9.75,Z074,31.25,8.52,0,0,left_wing,final_third_outside_box,right_foot,normal,free_kick_indirect,0,0,3.37,4,0,0.0038,0,0,0
SYN_SHOT_001619,synthetic_modelled_not_official_event_data,2024-25,Liverpool,Premier League,LIV_PL_2024_25_10,10,2024-10-23,Ipswich Town,away,82,25,losing,Mohamed Salah,FW,84.53,53.67,73.96,45.62,Z070,33.14,11.83,0,0,right_half_space,final_third_outside_box,left_foot,normal,high_press_recovery,1,0,6.62,3,0,0.0028,0,0,0
SYN_SHOT_001620,synthetic_modelled_not_official_event_data,2024-25,Liverpool,Premier League,LIV_PL_2024_25_03,3,2024-09-07,Bournemouth,home,84,6,drawing,Luis Díaz,FW,108.0,40.0,94.5,34.0,Z085,10.5,38.43,1,0,central,penalty_area,right_foot,normal,penalty,0,0,2.07,4,1,0.9581,1,1,1
SYN_SHOT_001621,synthetic_modelled_not_official_event_data,2024-25,Liverpool,Premier League,LIV_PL_2024_25_29,29,2025-03-09,Ipswich Town,home,26,36,winning,Federico Chiesa,FW,103.59,39.03,90.64,33.18,Z084,14.38,28.52,1,0,central,penalty_area,right_foot,first_time,open_play,1,0,2.37,2,0,0.0854,0,0,0
SYN_SHOT_001622,synthetic_modelled_not_official_event_data,2024-25,Liverpool,Premier League,LIV_PL_2024_25_25,25,2025-02-09,Chelsea,home,90,10,winning,Diogo Jota,FW,101.51,34.44,88.82,29.28,Z084,16.85,23.63,1,0,central,penalty_area,right_foot,normal,open_play,0,1,7.11,2,1,0.3718,1,0,0
SYN_SHOT_001623,synthetic_modelled_not_official_event_data,2024-25,Liverpool,Premier League,LIV_PL_2024_25_37,37,2025-05-03,West Ham United,home,18,27,drawing,Cody Gakpo,FW,103.38,60.29,90.46,51.25,Z087,22.56,12.12,1,0,right_wing,wide_final_third,left_foot,normal,free_kick_indirect,1,0,3.73,4,0,0.0159,1,1,1
SYN_SHOT_001624,synthetic_modelled_not_official_event_data,2024-25,Liverpool,Premier League,LIV_PL_2024_25_26,26,2025-02-15,Crystal Palace,away,47,28,losing,Luis Díaz,FW,109.39,19.04,95.72,16.19,Z082,20.09,9.88,1,0,left_wing,wide_final_third,right_foot,normal,open_play,1,1,3.6,3,1,0.072,1,0,0
SYN_SHOT_001625,synthetic_modelled_not_official_event_data,2024-25,Liverpool,Premier League,LIV_PL_2024_25_07,7,2024-10-05,Crystal Palace,home,66,45,losing,Mohamed Salah,FW,103.87,30.37,90.89,25.82,Z084,16.31,22.24,1,0,central,penalty_area,left_foot,first_time,open_play,1,1,5.93,1,1,0.2596,0,0,0
SYN_SHOT_001626,synthetic_modelled_not_official_event_data,2024-25,Liverpool,Premier League,LIV_PL_2024_25_06,6,2024-09-29,Chelsea,away,33,14,winning,Luis Díaz,FW,106.39,33.54,93.1,28.51,Z084,13.11,28.81,1,0,central,penalty_area,right_foot,first_time,throw_in,1,0,1.46,3,0,0.0701,1,0,0
SYN_SHOT_001627,synthetic_modelled_not_official_event_data,2024-25,Liverpool,Premier League,LIV_PL_2024_25_23,23,2025-01-23,Brentford,home,72,22,drawing,Mohamed Salah,FW,108.23,36.0,94.7,30.6,Z084,10.84,35.88,1,0,central,penalty_area,left_foot,normal,open_play,1,0,2.79,1,0,0.1942,1,0,0
SYN_SHOT_001628,synthetic_modelled_not_official_event_data,2024-25,Liverpool,Premier League,LIV_PL_2024_25_26,26,2025-02-16,Crystal Palace,away,93,42,losing,Luis Díaz,FW,103.13,54.16,90.24,46.04,Z086,19.05,17.18,1,0,right_half_space,penalty_area,right_foot,volley,open_play,0,0,1.87,1,0,0.0432,0,0,0
SYN_SHOT_001629,synthetic_modelled_not_official_event_data,2024-25,Liverpool,Premier League,LIV_PL_2024_25_06,6,2024-09-29,Chelsea,away,54,43,winning,Luis Díaz,FW,101.01,23.02,88.38,19.57,Z083,22.01,14.48,0,0,left_half_space,penalty_area,left_foot,power,open_play,0,0,3.61,3,0,0.0107,0,0,0
SYN_SHOT_001630,synthetic_modelled_not_official_event_data,2024-25,Liverpool,Premier League,LIV_PL_2024_25_26,26,2025-02-14,Crystal Palace,away,92,15,drawing,Cody Gakpo,FW,88.84,34.78,77.74,29.56,Z068,27.62,14.91,0,0,central,final_third_outside_box,head,placed,open_play,0,0,1.24,1,0,0.0057,0,0,0
SYN_SHOT_001631,synthetic_modelled_not_official_event_data,2024-25,Liverpool,Premier League,LIV_PL_2024_25_17,17,2024-12-11,Tottenham Hotspur,home,58,8,drawing,Cody Gakpo,FW,73.38,21.16,64.21,17.99,Z059,43.82,8.9,0,0,left_half_space,middle_third,right_foot,normal,open_play,1,0,7.6,3,0,0.0005,0,0,0
SYN_SHOT_001632,synthetic_modelled_not_official_event_data,2024-25,Liverpool,Premier League,LIV_PL_2024_25_34,34,2025-04-13,Nottingham Forest,away,89,32,losing,Dominik Szoboszlai,MF,87.68,79.0,76.72,67.15,Z072,43.57,6.27,0,0,right_wing,final_third_outside_box,right_foot,curled,open_play,0,0,1.93,1,0,0.0008,0,0,0
SYN_SHOT_001633,synthetic_modelled_not_official_event_data,2024-25,Liverpool,Premier League,LIV_PL_2024_25_05,5,2024-09-21,Brighton,home,80,16,winning,Mohamed Salah,FW,106.43,14.81,93.13,12.59,Z082,24.48,8.43,0,0,left_wing,wide_final_third,left_foot,power,open_play,1,0,5.34,1,0,0.0091,0,0,0
SYN_SHOT_001634,synthetic_modelled_not_official_event_data,2024-25,Liverpool,Premier League,LIV_PL_2024_25_38,38,2025-05-08,Wolverhampton Wanderers,away,42,46,winning,Mohamed Salah,FW,111.95,13.96,97.95,11.86,Z090,23.23,5.6,0,0,left_wing,wide_final_third,left_foot,normal,open_play,0,0,1.73,1,0,0.0101,0,0,0
SYN_SHOT_001635,synthetic_modelled_not_official_event_data,2024-25,Liverpool,Premier League,LIV_PL_2024_25_23,23,2025-01-25,Brentford,home,70,10,winning,Luis Díaz,FW,117.32,42.92,102.66,36.48,Z093,3.42,95.77,1,1,central,six_yard_box,right_foot,normal,open_play,1,1,4.81,0,1,0.9643,1,1,1
SYN_SHOT_001636,synthetic_modelled_not_official_event_data,2024-25,Liverpool,Premier League,LIV_PL_2024_25_10,10,2024-10-26,Ipswich Town,away,30,4,drawing,Curtis Jones,MF,81.51,23.85,71.32,20.27,Z067,36.37,10.66,0,0,left_half_space,final_third_outside_box,right_foot,normal,open_play,0,0,0.5,1,0,0.0019,0,0,0
SYN_SHOT_001637,synthetic_modelled_not_official_event_data,2024-25,Liverpool,Premier League,LIV_PL_2024_25_28,28,2025-02-28,Fulham,away,48,58,drawing,Cody Gakpo,FW,98.63,28.33,86.3,24.08,Z075,21.17,17.48,0,0,left_half_space,final_third_outside_box,left_foot,normal,high_press_recovery,1,0,4.41,2,0,0.0173,0,0,0
SYN_SHOT_001638,synthetic_modelled_not_official_event_data,2024-25,Liverpool,Premier League,LIV_PL_2024_25_38,38,2025-05-08,Wolverhampton Wanderers,away,48,51,drawing,Cody Gakpo,FW,81.11,34.93,70.97,29.69,Z068,34.3,12.09,0,0,central,final_third_outside_box,left_foot,normal,open_play,0,0,1.78,6,0,0.0024,0,0,0
SYN_SHOT_001639,synthetic_modelled_not_official_event_data,2024-25,Liverpool,Premier League,LIV_PL_2024_25_30,30,2025-03-15,Leicester City,away,4,18,drawing,Mohamed Salah,FW,82.96,74.04,72.59,62.93,Z072,43.45,7.21,0,0,right_wing,final_third_outside_box,right_foot,half_volley,open_play,1,0,3.92,3,0,0.0006,0,0,0
SYN_SHOT_001640,synthetic_modelled_not_official_event_data,2024-25,Liverpool,Premier League,LIV_PL_2024_25_16,16,2024-12-04,Southampton,away,74,53,winning,Mohamed Salah,FW,98.66,31.86,86.33,27.08,Z076,19.91,19.64,0,0,central,final_third_outside_box,left_foot,power,counter_attack,0,1,5.93,3,1,0.0956,0,0,0
SYN_SHOT_001641,synthetic_modelled_not_official_event_data,2024-25,Liverpool,Premier League,LIV_PL_2024_25_17,17,2024-12-13,Tottenham Hotspur,home,62,40,drawing,Cody Gakpo,FW,103.5,43.71,90.56,37.15,Z085,14.78,27.27,1,0,central,penalty_area,right_foot,normal,open_play,1,0,4.98,0,0,0.1434,0,0,0
SYN_SHOT_001642,synthetic_modelled_not_official_event_data,2024-25,Liverpool,Premier League,LIV_PL_2024_25_05,5,2024-09-20,Brighton,home,29,29,losing,Cody Gakpo,FW,118.61,28.48,103.78,24.21,Z091,9.87,6.06,1,0,left_half_space,penalty_area,head,curled,open_play,1,1,1.62,0,1,0.18,1,0,0
SYN_SHOT_001643,synthetic_modelled_not_official_event_data,2024-25,Liverpool,Premier League,LIV_PL_2024_25_02,2,2024-08-30,Aston Villa,away,45,32,winning,Ryan Gravenberch,MF,91.87,42.19,80.39,35.86,Z077,24.68,16.82,0,0,central,final_third_outside_box,left_foot,volley,open_play,1,0,5.5,4,0,0.0068,0,0,0
SYN_SHOT_001644,synthetic_modelled_not_official_event_data,2024-25,Liverpool,Premier League,LIV_PL_2024_25_05,5,2024-09-18,Brighton,home,78,57,winning,Diogo Jota,FW,103.62,30.34,90.67,25.79,Z084,16.52,22.02,1,0,central,penalty_area,left_foot,curled,open_play,0,0,2.9,1,0,0.0766,0,0,0
SYN_SHOT_001645,synthetic_modelled_not_official_event_data,2024-25,Liverpool,Premier League,LIV_PL_2024_25_10,10,2024-10-27,Ipswich Town,away,50,53,drawing,Curtis Jones,MF,101.16,21.78,88.51,18.51,Z083,22.62,13.61,1,0,left_half_space,penalty_area,right_foot,volley,open_play,1,0,0.5,1,0,0.0154,0,0,0
SYN_SHOT_001646,synthetic_modelled_not_official_event_data,2024-25,Liverpool,Premier League,LIV_PL_2024_25_31,31,2025-03-23,Manchester City,home,79,2,drawing,Jayden Danns,FW,115.43,21.88,101.0,18.6,Z091,15.91,6.96,1,0,left_half_space,penalty_area,left_foot,first_time,open_play,1,0,2.21,2,0,0.0266,1,0,0
SYN_SHOT_001647,synthetic_modelled_not_official_event_data,2024-25,Liverpool,Premier League,LIV_PL_2024_25_17,17,2024-12-15,Tottenham Hotspur,home,63,22,losing,Cody Gakpo,FW,103.26,36.59,90.35,31.1,Z084,14.93,27.1,1,0,central,penalty_area,right_foot,half_volley,open_play,1,0,1.78,1,0,0.0863,1,0,0
SYN_SHOT_001648,synthetic_modelled_not_official_event_data,2024-25,Liverpool,Premier League,LIV_PL_2024_25_04,4,2024-09-11,Brentford,away,12,30,drawing,Luis Díaz,FW,109.9,4.42,96.16,3.76,Z081,31.51,3.78,0,0,left_wing,wide_final_third,right_foot,normal,open_play,1,0,5.86,2,0,0.0028,0,0,0
SYN_SHOT_001649,synthetic_modelled_not_official_event_data,2024-25,Liverpool,Premier League,LIV_PL_2024_25_33,33,2025-04-05,Newcastle United,home,67,4,drawing,Luis Díaz,FW,107.25,39.42,93.84,33.51,Z084,11.17,36.26,1,0,central,penalty_area,right_foot,normal,open_play,0,0,4.35,0,0,0.317,1,1,1
SYN_SHOT_001650,synthetic_modelled_not_official_event_data,2024-25,Liverpool,Premier League,LIV_PL_2024_25_18,18,2024-12-19,West Ham United,away,49,2,losing,Cody Gakpo,FW,81.81,13.11,71.58,11.15,Z066,40.49,8.56,0,0,left_wing,final_third_outside_box,right_foot,normal,open_play,0,0,1.34,2,0,0.0013,0,0,0
SYN_SHOT_001651,synthetic_modelled_not_official_event_data,2024-25,Liverpool,Premier League,LIV_PL_2024_25_05,5,2024-09-21,Brighton,home,33,43,losing,Luis Díaz,FW,106.34,33.43,93.04,28.42,Z084,13.2,28.57,1,0,central,penalty_area,right_foot,normal,open_play,1,0,3.54,2,0,0.1356,0,0,0
SYN_SHOT_001652,synthetic_modelled_not_official_event_data,2024-25,Liverpool,Premier League,LIV_PL_2024_25_06,6,2024-09-25,Chelsea,away,94,26,winning,Curtis Jones,MF,104.85,14.89,91.74,12.66,Z082,25.13,8.93,0,0,left_wing,wide_final_third,left_foot,normal,open_play,1,0,1.28,5,0,0.0029,0,0,0
SYN_SHOT_001653,synthetic_modelled_not_official_event_data,2024-25,Liverpool,Premier League,LIV_PL_2024_25_09,9,2024-10-18,Fulham,home,5,21,winning,Jayden Danns,FW,90.62,33.28,79.29,28.29,Z076,26.34,15.46,0,0,central,final_third_outside_box,left_foot,first_time,open_play,1,0,2.89,0,0,0.0076,0,0,0
SYN_SHOT_001654,synthetic_modelled_not_official_event_data,2024-25,Liverpool,Premier League,LIV_PL_2024_25_27,27,2025-02-21,Everton,home,77,40,drawing,Mohamed Salah,FW,111.74,55.19,97.77,46.91,Z094,14.8,14.43,1,0,right_half_space,penalty_area,right_foot,volley,high_press_recovery,0,0,4.49,1,0,0.1161,1,1,1
SYN_SHOT_001655,synthetic_modelled_not_official_event_data,2024-25,Liverpool,Premier League,LIV_PL_2024_25_16,16,2024-12-08,Southampton,away,4,41,winning,Mohamed Salah,FW,84.9,40.52,74.29,34.44,Z069,30.71,13.59,0,0,central,final_third_outside_box,left_foot,normal,open_play,1,0,3.57,4,0,0.0043,1,0,0
SYN_SHOT_001656,synthetic_modelled_not_official_event_data,2024-25,Liverpool,Premier League,LIV_PL_2024_25_02,2,2024-09-01,Aston Villa,away,32,18,winning,Mohamed Salah,FW,82.46,37.77,72.15,32.11,Z068,32.9,12.67,0,0,central,final_third_outside_box,left_foot,normal,open_play,0,0,2.51,3,0,0.0034,0,0,0
SYN_SHOT_001657,synthetic_modelled_not_official_event_data,2024-25,Liverpool,Premier League,LIV_PL_2024_25_17,17,2024-12-12,Tottenham Hotspur,home,10,27,winning,Darwin Núñez,FW,98.61,30.16,86.29,25.64,Z076,20.5,18.61,0,0,central,final_third_outside_box,right_foot,normal,open_play,0,0,1.32,3,0,0.0102,0,0,0
SYN_SHOT_001658,synthetic_modelled_not_official_event_data,2024-25,Liverpool,Premier League,LIV_PL_2024_25_18,18,2024-12-19,West Ham United,away,68,32,winning,Cody Gakpo,FW,96.67,71.71,84.59,60.96,Z080,33.81,7.53,0,0,right_wing,final_third_outside_box,left_foot,normal,open_play,0,0,2.61,3,0,0.0017,0,0,0
SYN_SHOT_001659,synthetic_modelled_not_official_event_data,2024-25,Liverpool,Premier League,LIV_PL_2024_25_32,32,2025-03-29,Manchester United,away,44,1,winning,Mohamed Salah,FW,107.89,27.25,94.4,23.16,Z083,15.15,19.73,1,0,left_half_space,penalty_area,left_foot,normal,open_play,1,0,2.44,0,0,0.0796,0,0,0
SYN_SHOT_001660,synthetic_modelled_not_official_event_data,2024-25,Liverpool,Premier League,LIV_PL_2024_25_33,33,2025-04-02,Newcastle United,home,95,20,drawing,Mohamed Salah,FW,116.65,49.39,102.07,41.98,Z093,8.5,20.0,1,1,central,six_yard_box,head,curled,corner,0,0,3.94,1,1,0.4568,1,0,0
SYN_SHOT_001661,synthetic_modelled_not_official_event_data,2024-25,Liverpool,Premier League,LIV_PL_2024_25_06,6,2024-09-28,Chelsea,away,2,1,winning,Mohamed Salah,FW,102.32,19.76,89.53,16.79,Z082,23.14,12.24,1,0,left_wing,wide_final_third,left_foot,chip,open_play,0,0,1.53,1,0,0.029,1,0,0
SYN_SHOT_001662,synthetic_modelled_not_official_event_data,2024-25,Liverpool,Premier League,LIV_PL_2024_25_16,16,2024-12-08,Southampton,away,82,0,drawing,Luis Díaz,FW,112.5,10.09,98.44,8.58,Z090,26.25,4.06,0,0,left_wing,wide_final_third,right_foot,curled,open_play,1,0,2.24,5,0,0.0025,0,0,0
SYN_SHOT_001663,synthetic_modelled_not_official_event_data,2024-25,Liverpool,Premier League,LIV_PL_2024_25_09,9,2024-10-20,Fulham,home,38,19,winning,Ibrahima Konaté,DF,110.37,39.74,96.57,33.78,Z092,8.43,46.93,1,0,central,six_yard_box,head,volley,corner,0,0,0.5,0,0,0.2004,1,0,0
SYN_SHOT_001664,synthetic_modelled_not_official_event_data,2024-25,Liverpool,Premier League,LIV_PL_2024_25_03,3,2024-09-05,Bournemouth,home,62,39,winning,Mohamed Salah,FW,90.03,20.75,78.78,17.64,Z075,30.91,11.52,0,0,left_half_space,final_third_outside_box,right_foot,first_time,open_play,0,0,0.5,3,0,0.0032,0,0,0
SYN_SHOT_001665,synthetic_modelled_not_official_event_data,2024-25,Liverpool,Premier League,LIV_PL_2024_25_12,12,2024-11-08,Manchester City,away,33,6,drawing,Diogo Jota,FW,107.03,37.21,93.65,31.63,Z084,11.6,34.46,1,0,central,penalty_area,head,normal,corner,1,0,4.7,2,0,0.1076,0,0,0
SYN_SHOT_001666,synthetic_modelled_not_official_event_data,2024-25,Liverpool,Premier League,LIV_PL_2024_25_03,3,2024-09-05,Bournemouth,home,69,21,winning,Mohamed Salah,FW,97.45,79.0,85.27,67.15,Z080,38.58,5.59,0,0,right_wing,final_third_outside_box,left_foot,curled,open_play,1,0,0.69,4,0,0.0008,0,0,0
SYN_SHOT_001667,synthetic_modelled_not_official_event_data,2024-25,Liverpool,Premier League,LIV_PL_2024_25_22,22,2025-01-17,Bournemouth,away,62,48,drawing,Cody Gakpo,FW,110.9,47.64,97.04,40.49,Z093,10.27,32.32,1,0,central,six_yard_box,right_foot,normal,open_play,0,0,4.11,0,0,0.32,1,0,0
SYN_SHOT_001668,synthetic_modelled_not_official_event_data,2024-25,Liverpool,Premier League,LIV_PL_2024_25_07,7,2024-10-02,Crystal Palace,home,38,24,drawing,Mohamed Salah,FW,83.44,56.23,73.01,47.8,Z070,34.84,11.04,0,0,right_half_space,final_third_outside_box,head,chip,open_play,0,0,6.16,2,0,0.0027,0,0,0
SYN_SHOT_001669,synthetic_modelled_not_official_event_data,2024-25,Liverpool,Premier League,LIV_PL_2024_25_20,20,2025-01-04,Arsenal,away,81,29,winning,Cody Gakpo,FW,100.59,64.93,88.02,55.19,Z087,27.15,9.74,0,0,right_wing,wide_final_third,left_foot,normal,free_kick_indirect,0,0,3.25,1,0,0.0083,0,0,0
SYN_SHOT_001670,synthetic_modelled_not_official_event_data,2024-25,Liverpool,Premier League,LIV_PL_2024_25_36,36,2025-04-23,Tottenham Hotspur,away,11,23,losing,Alexis Mac Allister,MF,90.86,14.51,79.5,12.33,Z074,33.46,9.58,0,0,left_wing,final_third_outside_box,right_foot,power,open_play,0,0,0.61,1,0,0.0027,0,0,0
SYN_SHOT_001671,synthetic_modelled_not_official_event_data,2024-25,Liverpool,Premier League,LIV_PL_2024_25_35,35,2025-04-18,Southampton,home,55,1,losing,Darwin Núñez,FW,87.22,40.04,76.32,34.03,Z069,28.68,14.55,0,0,central,final_third_outside_box,head,normal,free_kick_indirect,0,0,2.52,1,0,0.0045,0,0,0
SYN_SHOT_001672,synthetic_modelled_not_official_event_data,2024-25,Liverpool,Premier League,LIV_PL_2024_25_19,19,2024-12-29,Wolverhampton Wanderers,home,21,10,drawing,Darwin Núñez,FW,102.91,35.41,90.05,30.1,Z084,15.45,25.9,1,0,central,penalty_area,right_foot,normal,open_play,0,0,4.51,3,0,0.0863,0,0,0
SYN_SHOT_001673,synthetic_modelled_not_official_event_data,2024-25,Liverpool,Premier League,LIV_PL_2024_25_28,28,2025-02-28,Fulham,away,31,21,drawing,Ryan Gravenberch,MF,106.72,50.7,93.38,43.1,Z086,14.76,22.6,1,0,right_half_space,penalty_area,right_foot,normal,high_press_recovery,1,0,4.7,3,0,0.0494,1,0,0
SYN_SHOT_001674,synthetic_modelled_not_official_event_data,2024-25,Liverpool,Premier League,LIV_PL_2024_25_25,25,2025-02-06,Chelsea,home,80,39,losing,Darwin Núñez,FW,116.06,19.67,101.55,16.72,Z090,17.62,4.85,1,0,left_wing,wide_final_third,head,normal,open_play,1,0,4.27,1,0,0.0199,1,0,0
SYN_SHOT_001675,synthetic_modelled_not_official_event_data,2024-25,Liverpool,Premier League,LIV_PL_2024_25_27,27,2025-02-22,Everton,home,11,12,drawing,Luis Díaz,FW,99.18,47.04,86.78,39.99,Z077,19.18,20.62,0,0,central,final_third_outside_box,left_foot,first_time,open_play,0,0,5.14,4,0,0.023,0,0,0
SYN_SHOT_001676,synthetic_modelled_not_official_event_data,2024-25,Liverpool,Premier League,LIV_PL_2024_25_21,21,2025-01-11,Aston Villa,home,56,47,winning,Mohamed Salah,FW,115.33,39.93,100.92,33.94,Z092,4.08,83.72,1,1,central,six_yard_box,left_foot,first_time,high_press_recovery,1,0,4.8,1,1,0.9364,1,1,1
SYN_SHOT_001677,synthetic_modelled_not_official_event_data,2024-25,Liverpool,Premier League,LIV_PL_2024_25_32,32,2025-03-30,Manchester United,away,29,59,winning,Dominik Szoboszlai,MF,92.8,43.97,81.2,37.37,Z077,24.04,17.15,0,0,central,final_third_outside_box,right_foot,normal,direct_free_kick,0,0,1.09,3,0,0.0067,1,0,0
SYN_SHOT_001678,synthetic_modelled_not_official_event_data,2024-25,Liverpool,Premier League,LIV_PL_2024_25_19,19,2024-12-25,Wolverhampton Wanderers,home,1,23,drawing,Diogo Jota,FW,90.69,6.26,79.36,5.32,Z073,38.47,7.29,0,0,left_wing,final_third_outside_box,right_foot,normal,open_play,0,0,0.5,1,0,0.0018,0,0,0
SYN_SHOT_001679,synthetic_modelled_not_official_event_data,2024-25,Liverpool,Premier League,LIV_PL_2024_25_12,12,2024-11-09,Manchester City,away,30,14,drawing,Diogo Jota,FW,75.61,29.56,66.16,25.13,Z059,39.84,10.24,0,0,left_half_space,middle_third,left_foot,first_time,open_play,0,0,1.96,4,0,0.0011,0,0,0
SYN_SHOT_001680,synthetic_modelled_not_official_event_data,2024-25,Liverpool,Premier League,LIV_PL_2024_25_14,14,2024-11-24,Newcastle United,away,81,54,winning,Alexis Mac Allister,MF,116.16,48.14,101.64,40.92,Z093,7.69,28.21,1,1,central,six_yard_box,right_foot,normal,open_play,1,0,4.11,4,0,0.2929,1,0,0
SYN_SHOT_001681,synthetic_modelled_not_official_event_data,2024-25,Liverpool,Premier League,LIV_PL_2024_25_03,3,2024-09-04,Bournemouth,home,42,5,losing,Darwin Núñez,FW,88.43,52.83,77.37,44.9,Z070,29.7,13.1,0,0,right_half_space,final_third_outside_box,right_foot,normal,open_play,1,0,1.82,1,0,0.0033,0,0,0
SYN_SHOT_001682,synthetic_modelled_not_official_event_data,2024-25,Liverpool,Premier League,LIV_PL_2024_25_15,15,2024-11-27,Nottingham Forest,home,68,9,drawing,Luis Díaz,FW,115.88,55.3,101.39,47.0,Z094,13.49,8.89,1,0,right_half_space,penalty_area,right_foot,chip,open_play,1,0,1.24,1,0,0.0439,0,0,0
SYN_SHOT_001683,synthetic_modelled_not_official_event_data,2024-25,Liverpool,Premier League,LIV_PL_2024_25_29,29,2025-03-09,Ipswich Town,home,2,18,winning,Diogo Jota,FW,97.44,16.85,85.26,14.32,Z074,27.87,10.72,0,0,left_wing,final_third_outside_box,right_foot,chip,open_play,1,0,0.53,0,0,0.006,0,0,0
SYN_SHOT_001684,synthetic_modelled_not_official_event_data,2024-25,Liverpool,Premier League,LIV_PL_2024_25_32,32,2025-03-30,Manchester United,away,49,16,drawing,Mohamed Salah,FW,108.07,35.55,94.57,30.22,Z084,11.1,34.83,1,0,central,penalty_area,head,normal,corner,1,0,2.17,2,0,0.0923,0,0,0
SYN_SHOT_001685,synthetic_modelled_not_official_event_data,2024-25,Liverpool,Premier League,LIV_PL_2024_25_18,18,2024-12-21,West Ham United,away,54,39,drawing,Darwin Núñez,FW,101.19,24.75,88.54,21.04,Z083,20.95,15.81,1,0,left_half_space,penalty_area,right_foot,normal,open_play,0,0,2.81,2,0,0.0316,0,0,0
SYN_SHOT_001686,synthetic_modelled_not_official_event_data,2024-25,Liverpool,Premier League,LIV_PL_2024_25_02,2,2024-08-30,Aston Villa,away,62,55,winning,Luis Díaz,FW,78.21,13.34,68.43,11.34,Z058,43.02,8.29,0,0,left_wing,middle_third,right_foot,curled,open_play,0,0,2.73,1,0,0.0009,0,0,0
SYN_SHOT_001687,synthetic_modelled_not_official_event_data,2024-25,Liverpool,Premier League,LIV_PL_2024_25_26,26,2025-02-16,Crystal Palace,away,36,53,losing,Luis Díaz,FW,88.88,16.8,77.77,14.28,Z066,33.62,10.12,0,0,left_wing,final_third_outside_box,left_foot,normal,high_press_recovery,0,0,1.24,5,0,0.0021,0,0,0
SYN_SHOT_001688,synthetic_modelled_not_official_event_data,2024-25,Liverpool,Premier League,LIV_PL_2024_25_03,3,2024-09-04,Bournemouth,home,19,35,drawing,Cody Gakpo,FW,111.08,23.48,97.2,19.96,Z091,16.06,13.15,1,0,left_half_space,penalty_area,head,normal,corner,0,0,2.28,0,0,0.0324,0,0,0
SYN_SHOT_001689,synthetic_modelled_not_official_event_data,2024-25,Liverpool,Premier League,LIV_PL_2024_25_35,35,2025-04-20,Southampton,home,53,10,drawing,Mohamed Salah,FW,107.86,62.55,94.38,53.17,Z087,21.91,9.46,1,0,right_wing,wide_final_third,left_foot,volley,throw_in,0,0,2.29,1,0,0.0305,1,0,0
SYN_SHOT_001690,synthetic_modelled_not_official_event_data,2024-25,Liverpool,Premier League,LIV_PL_2024_25_35,35,2025-04-17,Southampton,home,27,50,drawing,Luis Díaz,FW,71.2,33.92,62.3,28.83,Z060,43.01,9.66,0,0,central,middle_third,left_foot,normal,counter_attack,1,0,3.48,1,0,0.0015,0,0,0
SYN_SHOT_001691,synthetic_modelled_not_official_event_data,2024-25,Liverpool,Premier League,LIV_PL_2024_25_17,17,2024-12-14,Tottenham Hotspur,home,49,33,winning,Mohamed Salah,FW,111.6,22.26,97.65,18.92,Z091,16.77,11.35,1,0,left_half_space,penalty_area,head,normal,counter_attack,1,0,0.5,1,0,0.0337,0,0,0
SYN_SHOT_001692,synthetic_modelled_not_official_event_data,2024-25,Liverpool,Premier League,LIV_PL_2024_25_23,23,2025-01-23,Brentford,home,60,47,losing,Trent Kone-Doherty,FW,89.8,26.86,78.57,22.83,Z067,28.69,13.43,0,0,left_half_space,final_third_outside_box,right_foot,normal,free_kick_indirect,0,0,3.76,3,0,0.004,0,0,0
SYN_SHOT_001693,synthetic_modelled_not_official_event_data,2024-25,Liverpool,Premier League,LIV_PL_2024_25_10,10,2024-10-23,Ipswich Town,away,1,46,drawing,Luis Díaz,FW,112.05,42.16,98.04,35.84,Z093,7.19,53.01,1,0,central,six_yard_box,right_foot,normal,open_play,0,0,2.27,1,0,0.4225,1,0,0
SYN_SHOT_001694,synthetic_modelled_not_official_event_data,2024-25,Liverpool,Premier League,LIV_PL_2024_25_34,34,2025-04-13,Nottingham Forest,away,66,0,winning,Luis Díaz,FW,109.65,39.28,95.94,33.39,Z084,9.08,43.85,1,0,central,penalty_area,right_foot,normal,throw_in,0,0,3.96,3,0,0.2731,1,0,0
SYN_SHOT_001695,synthetic_modelled_not_official_event_data,2024-25,Liverpool,Premier League,LIV_PL_2024_25_28,28,2025-03-02,Fulham,away,1,42,winning,Mohamed Salah,FW,103.33,40.11,90.41,34.09,Z085,14.59,28.17,1,0,central,penalty_area,right_foot,first_time,open_play,0,0,3.16,1,0,0.1891,0,0,0
SYN_SHOT_001696,synthetic_modelled_not_official_event_data,2024-25,Liverpool,Premier League,LIV_PL_2024_25_36,36,2025-04-23,Tottenham Hotspur,away,42,36,losing,Dominik Szoboszlai,MF,99.46,31.65,87.02,26.91,Z076,19.33,20.07,0,0,central,final_third_outside_box,head,normal,open_play,0,0,5.18,1,0,0.0169,0,0,0
SYN_SHOT_001697,synthetic_modelled_not_official_event_data,2024-25,Liverpool,Premier League,LIV_PL_2024_25_13,13,2024-11-17,Manchester United,home,74,35,drawing,Darwin Núñez,FW,96.64,23.9,84.56,20.31,Z075,24.6,14.19,0,0,left_half_space,final_third_outside_box,other,placed,open_play,0,0,3.1,2,0,0.005,0,0,0
SYN_SHOT_001698,synthetic_modelled_not_official_event_data,2024-25,Liverpool,Premier League,LIV_PL_2024_25_02,2,2024-09-01,Aston Villa,away,55,30,winning,Mohamed Salah,FW,112.29,7.3,98.26,6.2,Z089,28.6,3.51,0,0,left_wing,wide_final_third,right_foot,curled,open_play,1,0,6.02,3,0,0.0031,0,0,0
SYN_SHOT_001699,synthetic_modelled_not_official_event_data,2024-25,Liverpool,Premier League,LIV_PL_2024_25_05,5,2024-09-18,Brighton,home,49,20,drawing,Luis Díaz,FW,106.31,49.6,93.02,42.16,Z085,14.49,24.04,1,0,central,penalty_area,right_foot,normal,open_play,1,0,5.26,1,0,0.0832,0,0,0
SYN_SHOT_001700,synthetic_modelled_not_official_event_data,2024-25,Liverpool,Premier League,LIV_PL_2024_25_19,19,2024-12-26,Wolverhampton Wanderers,home,79,0,drawing,Mohamed Salah,FW,107.18,40.6,93.78,34.51,Z085,11.23,36.07,1,0,central,penalty_area,left_foot,normal,corner,0,0,2.94,3,0,0.1289,0,0,0
SYN_SHOT_001701,synthetic_modelled_not_official_event_data,2024-25,Liverpool,Premier League,LIV_PL_2024_25_22,22,2025-01-16,Bournemouth,away,34,18,drawing,Mohamed Salah,FW,107.58,21.87,94.13,18.59,Z083,18.85,13.09,1,0,left_half_space,penalty_area,right_foot,first_time,open_play,1,0,2.99,2,0,0.0342,0,0,0
SYN_SHOT_001702,synthetic_modelled_not_official_event_data,2024-25,Liverpool,Premier League,LIV_PL_2024_25_03,3,2024-09-07,Bournemouth,home,67,21,drawing,Luis Díaz,FW,102.7,40.34,89.86,34.29,Z085,15.14,27.17,1,0,central,penalty_area,right_foot,first_time,open_play,0,0,1.54,5,0,0.0743,0,0,0
SYN_SHOT_001703,synthetic_modelled_not_official_event_data,2024-25,Liverpool,Premier League,LIV_PL_2024_25_33,33,2025-04-05,Newcastle United,home,48,32,winning,Cody Gakpo,FW,98.73,21.79,86.39,18.52,Z075,24.21,13.38,0,0,left_half_space,final_third_outside_box,left_foot,normal,open_play,0,0,3.81,1,0,0.0131,1,0,0
SYN_SHOT_001704,synthetic_modelled_not_official_event_data,2024-25,Liverpool,Premier League,LIV_PL_2024_25_05,5,2024-09-18,Brighton,home,26,31,winning,Ryan Gravenberch,MF,90.7,52.69,79.36,44.79,Z078,27.81,13.87,0,0,right_half_space,final_third_outside_box,right_foot,normal,counter_attack,0,0,1.12,4,0,0.0045,0,0,0
SYN_SHOT_001705,synthetic_modelled_not_official_event_data,2024-25,Liverpool,Premier League,LIV_PL_2024_25_21,21,2025-01-10,Aston Villa,home,95,24,winning,Cody Gakpo,FW,105.73,33.51,92.51,28.48,Z084,13.65,27.85,1,0,central,penalty_area,head,normal,open_play,0,0,2.52,0,0,0.1152,0,0,0
SYN_SHOT_001706,synthetic_modelled_not_official_event_data,2024-25,Liverpool,Premier League,LIV_PL_2024_25_29,29,2025-03-06,Ipswich Town,home,72,15,winning,Cody Gakpo,FW,97.12,36.99,84.98,31.45,Z076,20.18,20.41,0,0,central,final_third_outside_box,head,normal,direct_free_kick,0,0,4.92,4,0,0.0068,0,0,0
SYN_SHOT_001707,synthetic_modelled_not_official_event_data,2024-25,Liverpool,Premier League,LIV_PL_2024_25_22,22,2025-01-15,Bournemouth,away,54,56,losing,Joe Gomez,DF,116.89,51.7,102.28,43.94,Z094,10.31,12.1,1,0,right_half_space,penalty_area,right_foot,normal,open_play,1,0,5.84,0,0,0.0731,0,0,0
SYN_SHOT_001708,synthetic_modelled_not_official_event_data,2024-25,Liverpool,Premier League,LIV_PL_2024_25_06,6,2024-09-25,Chelsea,away,35,43,winning,Cody Gakpo,FW,110.77,52.09,96.92,44.28,Z094,13.07,20.58,1,0,right_half_space,penalty_area,left_foot,normal,counter_attack,0,0,1.99,1,0,0.1182,1,1,1
SYN_SHOT_001709,synthetic_modelled_not_official_event_data,2024-25,Liverpool,Premier League,LIV_PL_2024_25_36,36,2025-04-26,Tottenham Hotspur,away,34,51,winning,Mohamed Salah,FW,89.51,66.48,78.32,56.51,Z071,34.91,9.2,0,0,right_wing,final_third_outside_box,left_foot,normal,free_kick_indirect,0,0,4.26,5,0,0.0026,0,0,0
SYN_SHOT_001710,synthetic_modelled_not_official_event_data,2024-25,Liverpool,Premier League,LIV_PL_2024_25_18,18,2024-12-20,West Ham United,away,24,31,drawing,Mohamed Salah,FW,91.49,59.17,80.05,50.29,Z078,29.8,11.8,0,0,right_half_space,final_third_outside_box,left_foot,first_time,open_play,0,0,3.71,2,0,0.0078,0,0,0
SYN_SHOT_001711,synthetic_modelled_not_official_event_data,2024-25,Liverpool,Premier League,LIV_PL_2024_25_30,30,2025-03-14,Leicester City,away,7,48,winning,Mohamed Salah,FW,100.56,38.89,87.99,33.05,Z084,17.04,24.22,0,0,central,penalty_area,left_foot,normal,open_play,0,0,5.48,1,0,0.062,1,0,0
SYN_SHOT_001712,synthetic_modelled_not_official_event_data,2024-25,Liverpool,Premier League,LIV_PL_2024_25_38,38,2025-05-08,Wolverhampton Wanderers,away,92,24,drawing,Diogo Jota,FW,87.68,33.84,76.72,28.76,Z068,28.76,14.27,0,0,central,final_third_outside_box,right_foot,curled,open_play,0,0,2.01,2,0,0.0086,0,0,0
SYN_SHOT_001713,synthetic_modelled_not_official_event_data,2024-25,Liverpool,Premier League,LIV_PL_2024_25_17,17,2024-12-11,Tottenham Hotspur,home,17,17,losing,Mohamed Salah,FW,103.35,23.76,90.43,20.2,Z083,20.07,15.32,1,0,left_half_space,penalty_area,right_foot,normal,open_play,1,0,0.5,3,0,0.0207,0,0,0
SYN_SHOT_001714,synthetic_modelled_not_official_event_data,2024-25,Liverpool,Premier League,LIV_PL_2024_25_19,19,2024-12-29,Wolverhampton Wanderers,home,8,46,drawing,Cody Gakpo,FW,82.97,31.37,72.6,26.66,Z068,33.22,12.27,0,0,central,final_third_outside_box,right_foot,normal,open_play,1,0,3.91,0,0,0.0041,1,0,0
SYN_SHOT_001715,synthetic_modelled_not_official_event_data,2024-25,Liverpool,Premier League,LIV_PL_2024_25_25,25,2025-02-06,Chelsea,home,82,4,winning,Darwin Núñez,FW,77.6,63.68,67.9,54.13,Z063,42.21,8.73,0,0,right_wing,middle_third,right_foot,first_time,counter_attack,0,0,4.09,5,0,0.0011,0,0,0
SYN_SHOT_001716,synthetic_modelled_not_official_event_data,2024-25,Liverpool,Premier League,LIV_PL_2024_25_35,35,2025-04-16,Southampton,home,66,14,winning,Darwin Núñez,FW,100.93,79.0,88.31,67.15,Z088,37.11,5.12,0,0,right_wing,wide_final_third,left_foot,first_time,open_play,0,0,1.09,2,0,0.0015,0,0,0
SYN_SHOT_001717,synthetic_modelled_not_official_event_data,2024-25,Liverpool,Premier League,LIV_PL_2024_25_11,11,2024-11-01,Leicester City,home,86,48,drawing,Conor Bradley,DF,90.68,2.39,79.34,2.03,Z073,41.0,6.43,0,0,left_wing,final_third_outside_box,right_foot,normal,open_play,0,0,4.83,0,0,0.0012,0,0,0
SYN_SHOT_001718,synthetic_modelled_not_official_event_data,2024-25,Liverpool,Premier League,LIV_PL_2024_25_36,36,2025-04-25,Tottenham Hotspur,away,7,14,winning,Darwin Núñez,FW,103.44,27.51,90.51,23.38,Z083,17.96,18.93,1,0,left_half_space,penalty_area,right_foot,chip,open_play,1,1,2.06,1,1,0.1271,1,1,1
SYN_SHOT_001719,synthetic_modelled_not_official_event_data,2024-25,Liverpool,Premier League,LIV_PL_2024_25_01,1,2024-08-25,Arsenal,home,57,31,winning,Darwin Núñez,FW,106.42,41.29,93.11,35.1,Z085,11.94,33.98,1,0,central,penalty_area,left_foot,normal,counter_attack,1,0,7.11,1,0,0.2074,1,0,0
SYN_SHOT_001720,synthetic_modelled_not_official_event_data,2024-25,Liverpool,Premier League,LIV_PL_2024_25_03,3,2024-09-06,Bournemouth,home,43,48,winning,Mohamed Salah,FW,106.14,33.34,92.87,28.34,Z084,13.38,28.18,1,0,central,penalty_area,left_foot,normal,open_play,1,0,1.49,1,0,0.1228,1,0,0
SYN_SHOT_001721,synthetic_modelled_not_official_event_data,2024-25,Liverpool,Premier League,LIV_PL_2024_25_15,15,2024-12-01,Nottingham Forest,home,89,20,losing,Curtis Jones,MF,115.14,27.71,100.75,23.55,Z091,11.28,15.29,1,0,left_half_space,penalty_area,right_foot,volley,open_play,0,0,0.5,2,0,0.0797,0,0,0
SYN_SHOT_001722,synthetic_modelled_not_official_event_data,2024-25,Liverpool,Premier League,LIV_PL_2024_25_36,36,2025-04-23,Tottenham Hotspur,away,67,21,losing,Cody Gakpo,FW,95.65,59.03,83.7,50.18,Z078,26.75,12.52,0,0,right_half_space,final_third_outside_box,right_foot,volley,counter_attack,1,1,4.91,2,1,0.034,0,0,0
SYN_SHOT_001723,synthetic_modelled_not_official_event_data,2024-25,Liverpool,Premier League,LIV_PL_2024_25_07,7,2024-10-02,Crystal Palace,home,83,43,drawing,Trent Kone-Doherty,FW,86.5,7.91,75.69,6.73,Z065,40.04,7.69,0,0,left_wing,final_third_outside_box,right_foot,normal,open_play,1,0,0.5,0,0,0.001,0,0,0
SYN_SHOT_001724,synthetic_modelled_not_official_event_data,2024-25,Liverpool,Premier League,LIV_PL_2024_25_36,36,2025-04-26,Tottenham Hotspur,away,81,37,winning,Cody Gakpo,FW,117.07,39.48,102.44,33.56,Z092,2.6,109.53,1,1,central,six_yard_box,head,normal,open_play,0,0,3.65,3,0,0.774,1,0,0
SYN_SHOT_001725,synthetic_modelled_not_official_event_data,2024-25,Liverpool,Premier League,LIV_PL_2024_25_13,13,2024-11-14,Manchester United,home,92,31,losing,Mohamed Salah,FW,104.18,39.82,91.16,33.85,Z084,13.84,29.61,1,0,central,penalty_area,left_foot,curled,free_kick_indirect,1,0,2.82,0,0,0.1515,1,1,1
SYN_SHOT_001726,synthetic_modelled_not_official_event_data,2024-25,Liverpool,Premier League,LIV_PL_2024_25_07,7,2024-10-02,Crystal Palace,home,59,54,winning,Luis Díaz,FW,114.93,45.73,100.57,38.87,Z093,6.58,47.31,1,1,central,six_yard_box,left_foot,first_time,free_kick_indirect,0,0,3.85,0,1,0.883,1,1,1
SYN_SHOT_001727,synthetic_modelled_not_official_event_data,2024-25,Liverpool,Premier League,LIV_PL_2024_25_38,38,2025-05-07,Wolverhampton Wanderers,away,7,36,drawing,Luis Díaz,FW,98.29,32.64,86.01,27.74,Z076,20.0,19.78,0,0,central,final_third_outside_box,right_foot,normal,open_play,1,0,1.03,5,0,0.0107,0,0,0
SYN_SHOT_001728,synthetic_modelled_not_official_event_data,2024-25,Liverpool,Premier League,LIV_PL_2024_25_09,9,2024-10-19,Fulham,home,50,29,losing,Jayden Danns,FW,93.14,39.56,81.49,33.63,Z076,23.51,17.7,0,0,central,final_third_outside_box,left_foot,normal,open_play,1,0,4.56,6,0,0.0076,0,0,0
SYN_SHOT_001729,synthetic_modelled_not_official_event_data,2024-25,Liverpool,Premier League,LIV_PL_2024_25_13,13,2024-11-16,Manchester United,home,13,18,winning,Luis Díaz,FW,119.5,71.98,104.56,61.18,Z096,27.18,0.25,0,0,right_wing,wide_final_third,right_foot,normal,counter_attack,0,0,4.23,6,0,0.0048,0,0,0
SYN_SHOT_001730,synthetic_modelled_not_official_event_data,2024-25,Liverpool,Premier League,LIV_PL_2024_25_19,19,2024-12-26,Wolverhampton Wanderers,home,33,44,winning,Ryan Gravenberch,MF,110.27,45.21,96.48,38.43,Z093,9.6,38.37,1,0,central,six_yard_box,head,normal,open_play,0,1,6.99,0,1,0.5626,1,1,1
SYN_SHOT_001731,synthetic_modelled_not_official_event_data,2024-25,Liverpool,Premier League,LIV_PL_2024_25_19,19,2024-12-25,Wolverhampton Wanderers,home,82,42,drawing,Ryan Gravenberch,MF,84.57,1.0,74.0,0.85,Z065,45.39,6.33,0,0,left_wing,final_third_outside_box,right_foot,normal,open_play,0,0,0.75,1,0,0.0006,0,0,0
SYN_SHOT_001732,synthetic_modelled_not_official_event_data,2024-25,Liverpool,Premier League,LIV_PL_2024_25_14,14,2024-11-22,Newcastle United,away,85,15,winning,Jayden Danns,FW,112.76,68.31,98.66,58.06,Z095,24.88,4.38,0,0,right_wing,wide_final_third,right_foot,normal,open_play,0,0,0.5,3,0,0.0034,0,0,0
SYN_SHOT_001733,synthetic_modelled_not_official_event_data,2024-25,Liverpool,Premier League,LIV_PL_2024_25_20,20,2025-01-04,Arsenal,away,58,58,winning,Luis Díaz,FW,97.63,15.76,85.42,13.39,Z074,28.42,10.22,0,0,left_wing,final_third_outside_box,right_foot,first_time,open_play,0,0,1.23,4,0,0.0033,1,0,0
SYN_SHOT_001734,synthetic_modelled_not_official_event_data,2024-25,Liverpool,Premier League,LIV_PL_2024_25_10,10,2024-10-24,Ipswich Town,away,30,47,losing,Luis Díaz,FW,80.88,33.35,70.77,28.35,Z068,34.69,11.89,0,0,central,final_third_outside_box,right_foot,power,open_play,0,0,4.55,2,0,0.0046,0,0,0
SYN_SHOT_001735,synthetic_modelled_not_official_event_data,2024-25,Liverpool,Premier League,LIV_PL_2024_25_21,21,2025-01-10,Aston Villa,home,71,0,winning,Mohamed Salah,FW,94.99,45.88,83.12,39.0,Z077,22.45,18.09,0,0,central,final_third_outside_box,left_foot,normal,open_play,0,0,4.25,2,0,0.0282,1,0,0
SYN_SHOT_001736,synthetic_modelled_not_official_event_data,2024-25,Liverpool,Premier League,LIV_PL_2024_25_18,18,2024-12-22,West Ham United,away,91,5,drawing,Harvey Elliott,MF,118.33,23.25,103.54,19.76,Z091,14.31,3.19,1,0,left_half_space,penalty_area,left_foot,normal,counter_attack,1,0,4.7,1,0,0.0478,0,0,0
SYN_SHOT_001737,synthetic_modelled_not_official_event_data,2024-25,Liverpool,Premier League,LIV_PL_2024_25_27,27,2025-02-21,Everton,home,80,31,drawing,Mohamed Salah,FW,104.91,30.62,91.79,26.02,Z084,15.43,23.28,1,0,central,penalty_area,left_foot,curled,open_play,1,1,4.5,0,1,0.3403,1,0,0
SYN_SHOT_001738,synthetic_modelled_not_official_event_data,2024-25,Liverpool,Premier League,LIV_PL_2024_25_03,3,2024-09-04,Bournemouth,home,12,30,drawing,Mohamed Salah,FW,78.73,43.53,68.89,37.0,Z061,36.24,11.5,0,0,central,middle_third,left_foot,chip,open_play,1,0,1.34,3,0,0.0016,0,0,0
SYN_SHOT_001739,synthetic_modelled_not_official_event_data,2024-25,Liverpool,Premier League,LIV_PL_2024_25_10,10,2024-10-26,Ipswich Town,away,11,7,winning,Mohamed Salah,FW,106.77,42.44,93.43,36.08,Z085,11.76,34.15,1,0,central,penalty_area,head,normal,free_kick_indirect,1,0,0.59,2,0,0.1156,1,1,1
SYN_SHOT_001740,synthetic_modelled_not_official_event_data,2024-25,Liverpool,Premier League,LIV_PL_2024_25_01,1,2024-08-21,Arsenal,home,71,42,drawing,Mohamed Salah,FW,99.1,65.61,86.71,55.77,Z079,28.43,9.56,0,0,right_wing,final_third_outside_box,left_foot,first_time,open_play,0,0,6.86,6,0,0.0054,0,0,0
SYN_SHOT_001741,synthetic_modelled_not_official_event_data,2024-25,Liverpool,Premier League,LIV_PL_2024_25_14,14,2024-11-21,Newcastle United,away,64,58,winning,Diogo Jota,FW,97.21,48.53,85.06,41.25,Z077,21.22,18.48,0,0,central,final_third_outside_box,right_foot,normal,open_play,0,0,2.06,0,0,0.0231,0,0,0
SYN_SHOT_001742,synthetic_modelled_not_official_event_data,2024-25,Liverpool,Premier League,LIV_PL_2024_25_01,1,2024-08-22,Arsenal,home,90,25,drawing,Virgil van Dijk,DF,108.97,33.54,95.35,28.51,Z084,11.11,32.73,1,0,central,penalty_area,head,half_volley,corner,0,0,3.17,1,0,0.1186,0,0,0
SYN_SHOT_001743,synthetic_modelled_not_official_event_data,2024-25,Liverpool,Premier League,LIV_PL_2024_25_34,34,2025-04-13,Nottingham Forest,away,13,52,winning,Alexis Mac Allister,MF,96.58,45.25,84.51,38.46,Z077,20.97,19.38,0,0,central,final_third_outside_box,head,placed,direct_free_kick,0,0,3.13,1,0,0.0134,0,0,0
SYN_SHOT_001744,synthetic_modelled_not_official_event_data,2024-25,Liverpool,Premier League,LIV_PL_2024_25_26,26,2025-02-12,Crystal Palace,away,67,13,winning,Harvey Elliott,MF,104.03,18.36,91.03,15.61,Z082,23.1,11.12,1,0,left_wing,wide_final_third,left_foot,chip,open_play,0,0,6.5,0,0,0.0325,0,0,0
SYN_SHOT_001745,synthetic_modelled_not_official_event_data,2024-25,Liverpool,Premier League,LIV_PL_2024_25_09,9,2024-10-19,Fulham,home,22,40,winning,Mohamed Salah,FW,107.62,36.79,94.17,31.27,Z084,11.17,35.44,1,0,central,penalty_area,left_foot,normal,open_play,1,0,4.13,2,0,0.2359,1,1,1
SYN_SHOT_001746,synthetic_modelled_not_official_event_data,2024-25,Liverpool,Premier League,LIV_PL_2024_25_25,25,2025-02-06,Chelsea,home,18,30,drawing,Diogo Jota,FW,114.02,40.23,99.76,34.19,Z093,5.24,69.85,1,1,central,six_yard_box,right_foot,normal,open_play,0,0,3.27,3,0,0.8172,1,1,1
SYN_SHOT_001747,synthetic_modelled_not_official_event_data,2024-25,Liverpool,Premier League,LIV_PL_2024_25_10,10,2024-10-26,Ipswich Town,away,72,58,winning,Darwin Núñez,FW,90.87,23.58,79.51,20.04,Z075,29.06,12.65,0,0,left_half_space,final_third_outside_box,right_foot,volley,throw_in,0,0,3.43,3,0,0.0042,0,0,0
SYN_SHOT_001748,synthetic_modelled_not_official_event_data,2024-25,Liverpool,Premier League,LIV_PL_2024_25_28,28,2025-03-02,Fulham,away,40,24,drawing,Ryan Gravenberch,MF,115.85,36.19,101.37,30.76,Z092,4.86,68.86,1,1,central,six_yard_box,left_foot,normal,open_play,0,0,3.64,2,0,0.839,1,1,1
SYN_SHOT_001749,synthetic_modelled_not_official_event_data,2024-25,Liverpool,Premier League,LIV_PL_2024_25_03,3,2024-09-07,Bournemouth,home,2,15,winning,Cody Gakpo,FW,101.08,31.59,88.44,26.85,Z084,18.03,21.24,0,0,central,penalty_area,right_foot,placed,open_play,0,0,2.83,5,0,0.0162,0,0,0
SYN_SHOT_001750,synthetic_modelled_not_official_event_data,2024-25,Liverpool,Premier League,LIV_PL_2024_25_10,10,2024-10-26,Ipswich Town,away,7,31,winning,Mohamed Salah,FW,111.16,54.13,97.27,46.01,Z094,14.29,16.53,1,0,right_half_space,penalty_area,head,normal,corner,1,0,1.76,2,0,0.0293,0,0,0
SYN_SHOT_001751,synthetic_modelled_not_official_event_data,2024-25,Liverpool,Premier League,LIV_PL_2024_25_33,33,2025-04-05,Newcastle United,home,62,43,winning,Diogo Jota,FW,103.13,44.98,90.24,38.23,Z085,15.36,25.91,1,0,central,penalty_area,other,normal,open_play,0,0,0.59,1,0,0.0558,0,0,0
SYN_SHOT_001752,synthetic_modelled_not_official_event_data,2024-25,Liverpool,Premier League,LIV_PL_2024_25_14,14,2024-11-24,Newcastle United,away,51,49,winning,Luis Díaz,FW,108.3,54.86,94.77,46.63,Z086,16.26,16.63,1,0,right_half_space,penalty_area,right_foot,normal,open_play,0,0,3.91,3,0,0.05,0,0,0
SYN_SHOT_001753,synthetic_modelled_not_official_event_data,2024-25,Liverpool,Premier League,LIV_PL_2024_25_36,36,2025-04-25,Tottenham Hotspur,away,51,25,losing,Darwin Núñez,FW,119.36,52.72,104.44,44.81,Z094,10.83,2.28,1,0,right_half_space,penalty_area,left_foot,normal,open_play,0,0,3.61,1,0,0.0831,0,0,0
SYN_SHOT_001754,synthetic_modelled_not_official_event_data,2024-25,Liverpool,Premier League,LIV_PL_2024_25_10,10,2024-10-26,Ipswich Town,away,4,54,losing,Mohamed Salah,FW,101.85,1.0,89.12,0.85,Z081,36.76,4.97,0,0,left_wing,wide_final_third,left_foot,normal,open_play,1,0,0.5,2,0,0.0015,0,0,0
SYN_SHOT_001755,synthetic_modelled_not_official_event_data,2024-25,Liverpool,Premier League,LIV_PL_2024_25_33,33,2025-04-02,Newcastle United,home,74,22,winning,Luis Díaz,FW,86.43,9.3,75.63,7.91,Z065,39.29,8.0,0,0,left_wing,final_third_outside_box,left_foot,volley,free_kick_indirect,1,0,4.22,2,0,0.0013,0,0,0
SYN_SHOT_001756,synthetic_modelled_not_official_event_data,2024-25,Liverpool,Premier League,LIV_PL_2024_25_20,20,2025-01-05,Arsenal,away,40,55,drawing,Mohamed Salah,FW,102.38,42.47,89.58,36.1,Z085,15.56,26.26,1,0,central,penalty_area,left_foot,first_time,open_play,0,0,2.52,0,0,0.157,1,0,0
SYN_SHOT_001757,synthetic_modelled_not_official_event_data,2024-25,Liverpool,Premier League,LIV_PL_2024_25_11,11,2024-11-03,Leicester City,home,67,1,winning,Mohamed Salah,FW,109.15,50.56,95.5,42.98,Z086,13.07,23.83,1,0,right_half_space,penalty_area,left_foot,volley,open_play,0,0,3.57,3,0,0.1069,0,0,0
SYN_SHOT_001758,synthetic_modelled_not_official_event_data,2024-25,Liverpool,Premier League,LIV_PL_2024_25_22,22,2025-01-15,Bournemouth,away,44,59,losing,Mohamed Salah,FW,101.15,40.66,88.5,34.56,Z085,16.51,24.99,1,0,central,penalty_area,head,placed,open_play,0,0,6.34,3,0,0.0641,0,0,0
SYN_SHOT_001759,synthetic_modelled_not_official_event_data,2024-25,Liverpool,Premier League,LIV_PL_2024_25_38,38,2025-05-11,Wolverhampton Wanderers,away,54,26,winning,Mohamed Salah,FW,107.29,46.35,93.87,39.4,Z085,12.37,30.27,1,0,central,penalty_area,right_foot,normal,counter_attack,1,1,7.71,1,1,0.5421,1,0,0
SYN_SHOT_001760,synthetic_modelled_not_official_event_data,2024-25,Liverpool,Premier League,LIV_PL_2024_25_29,29,2025-03-06,Ipswich Town,home,55,49,losing,Cody Gakpo,FW,102.63,36.09,89.81,30.68,Z084,15.55,25.95,1,0,central,penalty_area,head,volley,open_play,1,0,0.5,3,0,0.0333,1,0,0
SYN_SHOT_001761,synthetic_modelled_not_official_event_data,2024-25,Liverpool,Premier League,LIV_PL_2024_25_34,34,2025-04-09,Nottingham Forest,away,12,11,losing,Mohamed Salah,FW,109.7,45.39,95.99,38.58,Z085,10.11,36.6,1,0,central,penalty_area,right_foot,normal,free_kick_indirect,1,0,2.4,3,0,0.1462,1,1,1
SYN_SHOT_001762,synthetic_modelled_not_official_event_data,2024-25,Liverpool,Premier League,LIV_PL_2024_25_10,10,2024-10-24,Ipswich Town,away,24,29,winning,Cody Gakpo,FW,106.57,51.63,93.25,43.88,Z086,15.35,21.15,1,0,right_half_space,penalty_area,right_foot,normal,open_play,1,0,0.5,2,0,0.0545,0,0,0
SYN_SHOT_001763,synthetic_modelled_not_official_event_data,2024-25,Liverpool,Premier League,LIV_PL_2024_25_36,36,2025-04-24,Tottenham Hotspur,away,23,27,winning,Luis Díaz,FW,95.92,51.7,83.93,43.94,Z078,23.29,16.24,0,0,right_half_space,final_third_outside_box,right_foot,normal,open_play,1,0,4.34,0,0,0.0138,1,0,0
SYN_SHOT_001764,synthetic_modelled_not_official_event_data,2024-25,Liverpool,Premier League,LIV_PL_2024_25_27,27,2025-02-19,Everton,home,1,17,losing,Mohamed Salah,FW,102.0,60.27,89.25,51.23,Z087,23.34,12.24,1,0,right_wing,wide_final_third,left_foot,normal,high_press_recovery,1,0,2.84,1,0,0.0233,1,0,0
SYN_SHOT_001765,synthetic_modelled_not_official_event_data,2024-25,Liverpool,Premier League,LIV_PL_2024_25_23,23,2025-01-25,Brentford,home,41,55,losing,Mohamed Salah,FW,119.28,45.97,104.37,39.07,Z093,5.11,19.98,1,1,central,six_yard_box,left_foot,first_time,open_play,1,0,1.92,2,0,0.4665,1,1,1
SYN_SHOT_001766,synthetic_modelled_not_official_event_data,2024-25,Liverpool,Premier League,LIV_PL_2024_25_03,3,2024-09-06,Bournemouth,home,9,49,winning,Luis Díaz,FW,102.3,28.19,89.51,23.97,Z083,18.46,19.11,1,0,left_half_space,penalty_area,right_foot,placed,throw_in,0,0,2.96,1,0,0.0489,0,0,0
SYN_SHOT_001767,synthetic_modelled_not_official_event_data,2024-25,Liverpool,Premier League,LIV_PL_2024_25_36,36,2025-04-25,Tottenham Hotspur,away,86,47,drawing,Darwin Núñez,FW,97.8,44.61,85.57,37.92,Z077,19.82,20.55,0,0,central,final_third_outside_box,right_foot,chip,open_play,0,0,2.26,6,0,0.015,0,0,0
SYN_SHOT_001768,synthetic_modelled_not_official_event_data,2024-25,Liverpool,Premier League,LIV_PL_2024_25_34,34,2025-04-13,Nottingham Forest,away,3,59,drawing,Harvey Elliott,MF,108.19,6.49,94.67,5.52,Z081,30.3,4.78,0,0,left_wing,wide_final_third,head,normal,counter_attack,0,0,2.86,5,0,0.0016,0,0,0
SYN_SHOT_001769,synthetic_modelled_not_official_event_data,2024-25,Liverpool,Premier League,LIV_PL_2024_25_09,9,2024-10-19,Fulham,home,58,45,winning,Ryan Gravenberch,MF,96.52,31.93,84.46,27.14,Z076,21.66,18.26,0,0,central,final_third_outside_box,right_foot,half_volley,high_press_recovery,0,0,2.94,1,0,0.0149,0,0,0
SYN_SHOT_001770,synthetic_modelled_not_official_event_data,2024-25,Liverpool,Premier League,LIV_PL_2024_25_07,7,2024-10-04,Crystal Palace,home,42,42,winning,Mohamed Salah,FW,91.25,39.06,79.85,33.2,Z076,25.17,16.54,0,0,central,final_third_outside_box,left_foot,normal,open_play,0,0,1.62,2,0,0.0147,0,0,0
SYN_SHOT_001771,synthetic_modelled_not_official_event_data,2024-25,Liverpool,Premier League,LIV_PL_2024_25_33,33,2025-04-05,Newcastle United,home,64,45,drawing,Cody Gakpo,FW,114.4,8.1,100.1,6.89,Z089,27.55,2.75,0,0,left_wing,wide_final_third,left_foot,normal,open_play,0,0,1.45,1,0,0.0047,0,0,0
SYN_SHOT_001772,synthetic_modelled_not_official_event_data,2024-25,Liverpool,Premier League,LIV_PL_2024_25_28,28,2025-03-01,Fulham,away,23,18,winning,Mohamed Salah,FW,119.5,32.92,104.56,27.98,Z092,6.04,7.91,1,1,central,six_yard_box,head,normal,free_kick_indirect,0,0,2.19,2,0,0.324,1,1,1
SYN_SHOT_001773,synthetic_modelled_not_official_event_data,2024-25,Liverpool,Premier League,LIV_PL_2024_25_36,36,2025-04-24,Tottenham Hotspur,away,73,21,drawing,Mohamed Salah,FW,99.62,69.66,87.17,59.21,Z079,30.88,7.9,0,0,right_wing,final_third_outside_box,head,normal,open_play,0,0,0.5,2,0,0.0029,0,0,0
SYN_SHOT_001774,synthetic_modelled_not_official_event_data,2024-25,Liverpool,Premier League,LIV_PL_2024_25_34,34,2025-04-12,Nottingham Forest,away,61,49,drawing,Mohamed Salah,FW,115.53,55.37,101.09,47.06,Z094,13.63,9.43,1,0,right_half_space,penalty_area,right_foot,half_volley,open_play,0,0,5.41,1,0,0.0989,0,0,0
SYN_SHOT_001775,synthetic_modelled_not_official_event_data,2024-25,Liverpool,Premier League,LIV_PL_2024_25_29,29,2025-03-06,Ipswich Town,home,67,11,drawing,Mohamed Salah,FW,109.9,50.87,96.16,43.24,Z086,12.78,23.33,1,0,right_half_space,penalty_area,left_foot,first_time,open_play,0,0,1.95,2,0,0.1239,0,0,0
SYN_SHOT_001776,synthetic_modelled_not_official_event_data,2024-25,Liverpool,Premier League,LIV_PL_2024_25_31,31,2025-03-19,Manchester City,home,76,38,drawing,Mohamed Salah,FW,88.85,59.13,77.74,50.26,Z070,31.74,11.35,0,0,right_half_space,final_third_outside_box,left_foot,normal,free_kick_indirect,0,0,2.14,3,0,0.0029,1,0,0
SYN_SHOT_001777,synthetic_modelled_not_official_event_data,2024-25,Liverpool,Premier League,LIV_PL_2024_25_15,15,2024-11-29,Nottingham Forest,home,93,1,drawing,Mohamed Salah,FW,115.25,24.93,100.84,21.19,Z091,13.46,10.27,1,0,left_half_space,penalty_area,left_foot,volley,counter_attack,0,0,5.57,1,0,0.1287,0,0,0
SYN_SHOT_001778,synthetic_modelled_not_official_event_data,2024-25,Liverpool,Premier League,LIV_PL_2024_25_04,4,2024-09-12,Brentford,away,40,35,drawing,Luis Díaz,FW,113.75,35.08,99.53,29.82,Z092,6.89,49.63,1,1,central,six_yard_box,head,first_time,corner,0,0,2.79,3,0,0.3804,1,1,1
SYN_SHOT_001779,synthetic_modelled_not_official_event_data,2024-25,Liverpool,Premier League,LIV_PL_2024_25_32,32,2025-03-26,Manchester United,away,64,0,winning,Luis Díaz,FW,111.7,56.74,97.74,48.23,Z094,15.97,12.4,1,0,right_half_space,penalty_area,right_foot,first_time,open_play,0,0,4.42,2,0,0.0691,0,0,0
SYN_SHOT_001780,synthetic_modelled_not_official_event_data,2024-25,Liverpool,Premier League,LIV_PL_2024_25_10,10,2024-10-27,Ipswich Town,away,1,58,drawing,Darwin Núñez,FW,104.73,32.27,91.64,27.43,Z084,14.89,25.15,1,0,central,penalty_area,left_foot,normal,open_play,0,1,4.96,1,1,0.3849,1,1,1
SYN_SHOT_001781,synthetic_modelled_not_official_event_data,2024-25,Liverpool,Premier League,LIV_PL_2024_25_08,8,2024-10-11,Everton,away,46,44,winning,Darwin Núñez,FW,89.03,27.74,77.9,23.58,Z067,29.04,13.45,0,0,left_half_space,final_third_outside_box,right_foot,normal,open_play,0,0,0.5,3,0,0.0032,0,0,0
SYN_SHOT_001782,synthetic_modelled_not_official_event_data,2024-25,Liverpool,Premier League,LIV_PL_2024_25_25,25,2025-02-06,Chelsea,home,67,54,winning,Darwin Núñez,FW,95.05,21.94,83.17,18.65,Z075,26.69,12.88,0,0,left_half_space,final_third_outside_box,right_foot,normal,open_play,1,0,3.32,4,0,0.004,1,0,0
SYN_SHOT_001783,synthetic_modelled_not_official_event_data,2024-25,Liverpool,Premier League,LIV_PL_2024_25_09,9,2024-10-18,Fulham,home,79,21,drawing,Mohamed Salah,FW,104.63,62.36,91.55,53.01,Z087,23.28,10.55,1,0,right_wing,wide_final_third,right_foot,first_time,open_play,0,0,1.94,2,0,0.0271,0,0,0
SYN_SHOT_001784,synthetic_modelled_not_official_event_data,2024-25,Liverpool,Premier League,LIV_PL_2024_25_03,3,2024-09-05,Bournemouth,home,50,59,drawing,Mohamed Salah,FW,112.32,44.86,98.28,38.13,Z093,7.89,45.22,1,0,central,six_yard_box,right_foot,normal,free_kick_indirect,0,0,3.56,2,0,0.4683,1,1,1
SYN_SHOT_001785,synthetic_modelled_not_official_event_data,2024-25,Liverpool,Premier League,LIV_PL_2024_25_37,37,2025-05-02,West Ham United,home,54,58,winning,Dominik Szoboszlai,MF,88.09,53.04,77.08,45.08,Z070,30.04,12.95,0,0,right_half_space,final_third_outside_box,other,normal,open_play,0,0,5.75,0,0,0.0034,0,0,0
SYN_SHOT_001786,synthetic_modelled_not_official_event_data,2024-25,Liverpool,Premier League,LIV_PL_2024_25_18,18,2024-12-20,West Ham United,away,58,1,losing,Mohamed Salah,FW,108.27,15.36,94.73,13.06,Z082,23.32,8.06,0,0,left_wing,wide_final_third,left_foot,normal,open_play,0,0,3.62,1,0,0.0145,0,0,0
SYN_SHOT_001787,synthetic_modelled_not_official_event_data,2024-25,Liverpool,Premier League,LIV_PL_2024_25_17,17,2024-12-12,Tottenham Hotspur,home,80,0,winning,Dominik Szoboszlai,MF,109.17,54.68,95.52,46.48,Z086,15.67,16.63,1,0,right_half_space,penalty_area,right_foot,normal,open_play,0,0,1.28,0,0,0.0719,1,1,1
SYN_SHOT_001788,synthetic_modelled_not_official_event_data,2024-25,Liverpool,Premier League,LIV_PL_2024_25_34,34,2025-04-13,Nottingham Forest,away,69,11,losing,Mohamed Salah,FW,108.74,38.91,95.15,33.07,Z084,9.89,40.48,1,0,central,penalty_area,left_foot,first_time,open_play,0,0,5.04,1,0,0.3745,1,0,0
SYN_SHOT_001789,synthetic_modelled_not_official_event_data,2024-25,Liverpool,Premier League,LIV_PL_2024_25_28,28,2025-03-01,Fulham,away,35,43,drawing,Darwin Núñez,FW,119.5,26.69,104.56,22.68,Z091,11.32,1.6,1,0,left_half_space,penalty_area,right_foot,normal,open_play,0,0,1.56,3,0,0.0381,0,0,0
SYN_SHOT_001790,synthetic_modelled_not_official_event_data,2024-25,Liverpool,Premier League,LIV_PL_2024_25_32,32,2025-03-26,Manchester United,away,13,46,winning,Darwin Núñez,FW,109.65,77.0,95.94,65.45,Z088,32.73,3.59,0,0,right_wing,wide_final_third,left_foot,placed,open_play,0,0,0.5,3,0,0.0015,0,0,0
SYN_SHOT_001791,synthetic_modelled_not_official_event_data,2024-25,Liverpool,Premier League,LIV_PL_2024_25_29,29,2025-03-09,Ipswich Town,home,15,51,drawing,Mohamed Salah,FW,111.75,41.77,97.78,35.51,Z093,7.37,52.21,1,0,central,six_yard_box,left_foot,normal,open_play,0,0,0.95,3,0,0.3568,1,0,0
SYN_SHOT_001792,synthetic_modelled_not_official_event_data,2024-25,Liverpool,Premier League,LIV_PL_2024_25_22,22,2025-01-18,Bournemouth,away,1,58,winning,Mohamed Salah,FW,113.09,12.49,98.95,10.62,Z090,24.15,4.44,0,0,left_wing,wide_final_third,left_foot,normal,open_play,0,0,3.44,1,0,0.0118,0,0,0
SYN_SHOT_001793,synthetic_modelled_not_official_event_data,2024-25,Liverpool,Premier League,LIV_PL_2024_25_24,24,2025-02-02,Brighton,away,18,37,drawing,Mohamed Salah,FW,94.46,60.99,82.65,51.84,Z079,28.59,11.5,0,0,right_wing,final_third_outside_box,left_foot,normal,open_play,0,0,2.77,2,0,0.0066,0,0,0
SYN_SHOT_001794,synthetic_modelled_not_official_event_data,2024-25,Liverpool,Premier League,LIV_PL_2024_25_11,11,2024-11-01,Leicester City,home,28,19,winning,Joe Gomez,DF,115.61,35.64,101.16,30.29,Z092,5.33,61.8,1,1,central,six_yard_box,left_foot,first_time,corner,0,0,2.11,2,0,0.6919,1,1,1
SYN_SHOT_001795,synthetic_modelled_not_official_event_data,2024-25,Liverpool,Premier League,LIV_PL_2024_25_10,10,2024-10-26,Ipswich Town,away,37,29,losing,Darwin Núñez,FW,104.13,58.72,91.11,49.91,Z086,21.12,13.22,1,0,right_half_space,penalty_area,left_foot,first_time,open_play,1,0,3.88,1,0,0.0272,0,0,0
SYN_SHOT_001796,synthetic_modelled_not_official_event_data,2024-25,Liverpool,Premier League,LIV_PL_2024_25_30,30,2025-03-15,Leicester City,away,90,7,winning,Cody Gakpo,FW,114.69,33.62,100.36,28.58,Z092,7.14,42.15,1,1,central,six_yard_box,right_foot,normal,free_kick_indirect,1,0,4.47,1,1,0.7736,1,1,1
SYN_SHOT_001797,synthetic_modelled_not_official_event_data,2024-25,Liverpool,Premier League,LIV_PL_2024_25_09,9,2024-10-19,Fulham,home,35,58,winning,Mohamed Salah,FW,108.0,40.0,94.5,34.0,Z085,10.5,38.43,1,0,central,penalty_area,left_foot,first_time,penalty,0,0,0.5,3,1,0.9661,1,1,1
SYN_SHOT_001798,synthetic_modelled_not_official_event_data,2024-25,Liverpool,Premier League,LIV_PL_2024_25_17,17,2024-12-13,Tottenham Hotspur,home,41,2,drawing,Mohamed Salah,FW,103.65,13.7,90.69,11.65,Z082,26.54,8.62,0,0,left_wing,wide_final_third,left_foot,normal,counter_attack,1,0,3.01,1,0,0.0093,0,0,0
SYN_SHOT_001799,synthetic_modelled_not_official_event_data,2024-25,Liverpool,Premier League,LIV_PL_2024_25_04,4,2024-09-12,Brentford,away,25,59,winning,Cody Gakpo,FW,101.3,43.25,88.64,36.76,Z085,16.59,24.58,1,0,central,penalty_area,left_foot,first_time,open_play,1,0,0.5,2,0,0.067,1,0,0
SYN_SHOT_001800,synthetic_modelled_not_official_event_data,2024-25,Liverpool,Premier League,LIV_PL_2024_25_03,3,2024-09-05,Bournemouth,home,53,38,winning,Luis Díaz,FW,101.29,45.3,88.63,38.5,Z085,16.98,23.55,1,0,central,penalty_area,right_foot,half_volley,open_play,1,0,1.11,1,0,0.06,0,0,0
SYN_SHOT_001801,synthetic_modelled_not_official_event_data,2024-25,Liverpool,Premier League,LIV_PL_2024_25_29,29,2025-03-08,Ipswich Town,home,38,36,drawing,Mohamed Salah,FW,119.5,41.09,104.56,34.93,Z093,1.02,165.46,1,1,central,six_yard_box,left_foot,half_volley,corner,1,0,3.31,1,1,0.927,1,1,1
SYN_SHOT_001802,synthetic_modelled_not_official_event_data,2024-25,Liverpool,Premier League,LIV_PL_2024_25_18,18,2024-12-18,West Ham United,away,21,7,drawing,Darwin Núñez,FW,96.9,9.8,84.79,8.33,Z073,32.67,7.99,0,0,left_wing,final_third_outside_box,left_foot,normal,open_play,1,0,1.53,0,0,0.0025,0,0,0
SYN_SHOT_001803,synthetic_modelled_not_official_event_data,2024-25,Liverpool,Premier League,LIV_PL_2024_25_38,38,2025-05-10,Wolverhampton Wanderers,away,89,15,losing,Mohamed Salah,FW,109.21,39.51,95.56,33.58,Z084,9.45,42.32,1,0,central,penalty_area,head,power,corner,0,0,0.5,1,0,0.1822,1,0,0
SYN_SHOT_001804,synthetic_modelled_not_official_event_data,2024-25,Liverpool,Premier League,LIV_PL_2024_25_23,23,2025-01-24,Brentford,home,60,20,winning,Cody Gakpo,FW,96.9,66.12,84.78,56.21,Z079,30.03,9.46,0,0,right_wing,final_third_outside_box,left_foot,normal,counter_attack,1,0,2.73,1,0,0.004,0,0,0
SYN_SHOT_001805,synthetic_modelled_not_official_event_data,2024-25,Liverpool,Premier League,LIV_PL_2024_25_29,29,2025-03-08,Ipswich Town,home,37,59,drawing,Luis Díaz,FW,99.5,66.67,87.06,56.67,Z079,28.91,9.07,0,0,right_wing,final_third_outside_box,left_foot,normal,direct_free_kick,0,0,0.5,2,0,0.0024,0,0,0
SYN_SHOT_001806,synthetic_modelled_not_official_event_data,2024-25,Liverpool,Premier League,LIV_PL_2024_25_33,33,2025-04-06,Newcastle United,home,23,48,winning,Curtis Jones,MF,117.92,46.03,103.18,39.13,Z093,5.44,39.36,1,1,central,six_yard_box,left_foot,normal,throw_in,0,0,3.74,3,0,0.5652,1,0,0
SYN_SHOT_001807,synthetic_modelled_not_official_event_data,2024-25,Liverpool,Premier League,LIV_PL_2024_25_34,34,2025-04-10,Nottingham Forest,away,36,40,losing,Mohamed Salah,FW,105.82,18.26,92.6,15.52,Z082,22.26,10.67,1,0,left_wing,wide_final_third,left_foot,volley,counter_attack,1,0,6.13,3,0,0.0239,0,0,0
SYN_SHOT_001808,synthetic_modelled_not_official_event_data,2024-25,Liverpool,Premier League,LIV_PL_2024_25_03,3,2024-09-06,Bournemouth,home,3,50,drawing,Luis Díaz,FW,100.12,44.07,87.6,37.46,Z085,17.74,22.92,0,0,central,penalty_area,right_foot,normal,open_play,0,0,6.38,3,0,0.029,0,0,0
SYN_SHOT_001809,synthetic_modelled_not_official_event_data,2024-25,Liverpool,Premier League,LIV_PL_2024_25_09,9,2024-10-20,Fulham,home,19,22,drawing,Luis Díaz,FW,108.79,54.43,95.19,46.26,Z086,15.71,17.11,1,0,right_half_space,penalty_area,right_foot,first_time,open_play,1,0,3.54,1,0,0.0592,0,0,0
SYN_SHOT_001810,synthetic_modelled_not_official_event_data,2024-25,Liverpool,Premier League,LIV_PL_2024_25_20,20,2025-01-03,Arsenal,away,53,57,winning,Cody Gakpo,FW,111.08,9.6,97.2,8.16,Z089,26.99,4.56,0,0,left_wing,wide_final_third,right_foot,chip,open_play,1,0,3.19,5,0,0.0032,0,0,0
SYN_SHOT_001811,synthetic_modelled_not_official_event_data,2024-25,Liverpool,Premier League,LIV_PL_2024_25_36,36,2025-04-27,Tottenham Hotspur,away,74,22,drawing,Luis Díaz,FW,115.6,44.31,101.15,37.66,Z093,5.31,62.21,1,1,central,six_yard_box,head,normal,high_press_recovery,1,0,3.8,2,0,0.732,1,0,0
SYN_SHOT_001812,synthetic_modelled_not_official_event_data,2024-25,Liverpool,Premier League,LIV_PL_2024_25_33,33,2025-04-02,Newcastle United,home,67,8,drawing,Mohamed Salah,FW,97.83,27.1,85.61,23.04,Z075,22.28,16.38,0,0,left_half_space,final_third_outside_box,left_foot,normal,open_play,0,0,0.5,2,0,0.0159,0,0,0
SYN_SHOT_001813,synthetic_modelled_not_official_event_data,2024-25,Liverpool,Premier League,LIV_PL_2024_25_05,5,2024-09-22,Brighton,home,8,57,winning,Alexis Mac Allister,MF,96.22,60.93,84.19,51.79,Z079,27.38,11.69,0,0,right_wing,final_third_outside_box,right_foot,normal,open_play,1,0,5.5,3,0,0.0036,0,0,0
SYN_SHOT_001814,synthetic_modelled_not_official_event_data,2024-25,Liverpool,Premier League,LIV_PL_2024_25_33,33,2025-04-03,Newcastle United,home,30,34,winning,Alexis Mac Allister,MF,112.85,25.71,98.74,21.85,Z091,13.66,14.8,1,0,left_half_space,penalty_area,head,normal,corner,0,0,0.73,1,0,0.0306,0,0,0
SYN_SHOT_001815,synthetic_modelled_not_official_event_data,2024-25,Liverpool,Premier League,LIV_PL_2024_25_18,18,2024-12-18,West Ham United,away,13,28,winning,Alexis Mac Allister,MF,95.56,38.61,83.61,32.82,Z076,21.42,19.36,0,0,central,final_third_outside_box,right_foot,normal,open_play,0,0,0.5,0,0,0.0241,0,0,0
SYN_SHOT_001816,synthetic_modelled_not_official_event_data,2024-25,Liverpool,Premier League,LIV_PL_2024_25_25,25,2025-02-07,Chelsea,home,30,41,drawing,Diogo Jota,FW,73.85,33.61,64.62,28.57,Z060,40.75,10.18,0,0,central,middle_third,head,normal,open_play,1,0,1.54,0,0,0.0011,1,0,0
SYN_SHOT_001817,synthetic_modelled_not_official_event_data,2024-25,Liverpool,Premier League,LIV_PL_2024_25_19,19,2024-12-29,Wolverhampton Wanderers,home,9,22,winning,Ryan Gravenberch,MF,108.93,38.29,95.31,32.55,Z084,9.79,40.66,1,0,central,penalty_area,head,first_time,open_play,1,0,1.78,2,0,0.1197,1,0,0
SYN_SHOT_001818,synthetic_modelled_not_official_event_data,2024-25,Liverpool,Premier League,LIV_PL_2024_25_23,23,2025-01-24,Brentford,home,41,12,winning,Trey Nyoni,MF,112.94,49.93,98.82,42.44,Z093,10.46,25.21,1,0,central,six_yard_box,head,first_time,open_play,0,0,3.62,1,0,0.1018,0,0,0
SYN_SHOT_001819,synthetic_modelled_not_official_event_data,2024-25,Liverpool,Premier League,LIV_PL_2024_25_21,21,2025-01-08,Aston Villa,home,56,14,winning,Cody Gakpo,FW,101.99,51.62,89.24,43.87,Z086,18.6,19.14,1,0,right_half_space,penalty_area,right_foot,normal,open_play,0,0,0.97,1,0,0.0501,0,0,0
SYN_SHOT_001820,synthetic_modelled_not_official_event_data,2024-25,Liverpool,Premier League,LIV_PL_2024_25_12,12,2024-11-07,Manchester City,away,3,0,drawing,Mohamed Salah,FW,118.79,25.41,103.94,21.6,Z091,12.44,3.13,1,0,left_half_space,penalty_area,left_foot,placed,open_play,1,0,1.99,2,0,0.0508,0,0,0
SYN_SHOT_001821,synthetic_modelled_not_official_event_data,2024-25,Liverpool,Premier League,LIV_PL_2024_25_13,13,2024-11-17,Manchester United,home,19,36,winning,Andy Robertson,DF,112.16,29.24,98.14,24.85,Z091,11.43,23.17,1,0,left_half_space,penalty_area,right_foot,normal,corner,0,0,4.16,3,0,0.0626,0,0,0
SYN_SHOT_001822,synthetic_modelled_not_official_event_data,2024-25,Liverpool,Premier League,LIV_PL_2024_25_29,29,2025-03-09,Ipswich Town,home,68,13,drawing,Mohamed Salah,FW,98.98,22.5,86.61,19.12,Z075,23.65,13.85,0,0,left_half_space,final_third_outside_box,right_foot,curled,open_play,0,0,4.79,4,0,0.0108,0,0,0
SYN_SHOT_001823,synthetic_modelled_not_official_event_data,2024-25,Liverpool,Premier League,LIV_PL_2024_25_26,26,2025-02-14,Crystal Palace,away,55,1,drawing,Alexis Mac Allister,MF,106.67,59.03,93.34,50.18,Z086,19.94,12.52,1,0,right_half_space,penalty_area,right_foot,first_time,open_play,0,0,4.73,3,0,0.0265,1,0,0
SYN_SHOT_001824,synthetic_modelled_not_official_event_data,2024-25,Liverpool,Premier League,LIV_PL_2024_25_35,35,2025-04-18,Southampton,home,10,39,winning,Mohamed Salah,FW,113.19,47.23,99.05,40.15,Z093,8.56,36.08,1,0,central,six_yard_box,left_foot,normal,open_play,0,0,3.01,2,0,0.3767,1,1,1
SYN_SHOT_001825,synthetic_modelled_not_official_event_data,2024-25,Liverpool,Premier League,LIV_PL_2024_25_12,12,2024-11-10,Manchester City,away,23,30,losing,Diogo Jota,FW,93.33,24.81,81.66,21.09,Z075,26.67,13.75,0,0,left_half_space,final_third_outside_box,right_foot,normal,open_play,1,0,1.39,3,0,0.0038,0,0,0
SYN_SHOT_001826,synthetic_modelled_not_official_event_data,2024-25,Liverpool,Premier League,LIV_PL_2024_25_30,30,2025-03-14,Leicester City,away,29,4,winning,Mohamed Salah,FW,109.07,45.19,95.44,38.41,Z085,10.53,35.67,1,0,central,penalty_area,left_foot,volley,high_press_recovery,0,1,6.55,2,1,0.6913,1,0,0
SYN_SHOT_001827,synthetic_modelled_not_official_event_data,2024-25,Liverpool,Premier League,LIV_PL_2024_25_14,14,2024-11-23,Newcastle United,away,71,18,winning,Cody Gakpo,FW,90.37,27.89,79.07,23.7,Z075,27.9,13.94,0,0,left_half_space,final_third_outside_box,left_foot,normal,open_play,0,0,1.35,0,0,0.0083,1,0,0
SYN_SHOT_001828,synthetic_modelled_not_official_event_data,2024-25,Liverpool,Premier League,LIV_PL_2024_25_02,2,2024-08-29,Aston Villa,away,43,56,winning,Cody Gakpo,FW,105.24,62.74,92.09,53.33,Z087,23.25,10.17,1,0,right_wing,wide_final_third,right_foot,normal,open_play,0,0,2.33,1,0,0.0225,1,0,0
SYN_SHOT_001829,synthetic_modelled_not_official_event_data,2024-25,Liverpool,Premier League,LIV_PL_2024_25_08,8,2024-10-09,Everton,away,49,58,losing,Mohamed Salah,FW,104.39,18.55,91.34,15.77,Z082,22.78,11.18,1,0,left_wing,wide_final_third,right_foot,normal,free_kick_indirect,0,0,1.66,3,0,0.0188,0,0,0
SYN_SHOT_001830,synthetic_modelled_not_official_event_data,2024-25,Liverpool,Premier League,LIV_PL_2024_25_12,12,2024-11-07,Manchester City,away,40,1,winning,Mohamed Salah,FW,89.72,31.17,78.5,26.5,Z068,27.54,14.59,0,0,central,final_third_outside_box,left_foot,chip,open_play,0,0,2.14,1,0,0.0082,0,0,0
SYN_SHOT_001831,synthetic_modelled_not_official_event_data,2024-25,Liverpool,Premier League,LIV_PL_2024_25_31,31,2025-03-20,Manchester City,home,64,30,drawing,Dominik Szoboszlai,MF,102.32,33.08,89.53,28.12,Z084,16.55,23.5,1,0,central,penalty_area,head,placed,corner,0,0,6.83,0,0,0.0639,0,0,0
SYN_SHOT_001832,synthetic_modelled_not_official_event_data,2024-25,Liverpool,Premier League,LIV_PL_2024_25_09,9,2024-10-19,Fulham,home,21,34,drawing,Mohamed Salah,FW,95.0,28.17,83.12,23.95,Z075,24.07,15.79,0,0,left_half_space,final_third_outside_box,left_foot,first_time,open_play,0,0,0.81,6,0,0.0081,0,0,0
SYN_SHOT_001833,synthetic_modelled_not_official_event_data,2024-25,Liverpool,Premier League,LIV_PL_2024_25_17,17,2024-12-13,Tottenham Hotspur,home,83,28,drawing,Luis Díaz,FW,99.88,45.39,87.39,38.58,Z077,18.19,22.09,0,0,central,final_third_outside_box,left_foot,placed,high_press_recovery,1,0,1.86,4,0,0.0165,0,0,0
SYN_SHOT_001834,synthetic_modelled_not_official_event_data,2024-25,Liverpool,Premier League,LIV_PL_2024_25_31,31,2025-03-20,Manchester City,home,70,36,drawing,Cody Gakpo,FW,85.85,55.91,75.12,47.52,Z070,32.8,11.63,0,0,right_half_space,final_third_outside_box,left_foot,normal,open_play,0,0,2.2,3,0,0.0022,0,0,0
SYN_SHOT_001835,synthetic_modelled_not_official_event_data,2024-25,Liverpool,Premier League,LIV_PL_2024_25_04,4,2024-09-14,Brentford,away,78,12,winning,Mohamed Salah,FW,107.16,38.65,93.77,32.85,Z084,11.29,35.78,1,0,central,penalty_area,left_foot,first_time,open_play,0,0,1.36,3,0,0.1712,1,1,1
SYN_SHOT_001836,synthetic_modelled_not_official_event_data,2024-25,Liverpool,Premier League,LIV_PL_2024_25_12,12,2024-11-08,Manchester City,away,70,55,drawing,Mohamed Salah,FW,80.68,39.65,70.6,33.7,Z068,34.4,12.14,0,0,central,final_third_outside_box,left_foot,normal,open_play,1,0,3.75,2,0,0.0042,0,0,0
SYN_SHOT_001837,synthetic_modelled_not_official_event_data,2024-25,Liverpool,Premier League,LIV_PL_2024_25_37,37,2025-05-04,West Ham United,home,70,47,losing,Diogo Jota,FW,114.54,59.12,100.22,50.25,Z094,16.94,7.29,1,0,right_half_space,penalty_area,right_foot,normal,counter_attack,1,1,4.3,1,1,0.1947,1,0,0
SYN_SHOT_001838,synthetic_modelled_not_official_event_data,2024-25,Liverpool,Premier League,LIV_PL_2024_25_37,37,2025-05-02,West Ham United,home,46,40,losing,Mohamed Salah,FW,99.58,70.75,87.13,60.13,Z080,31.66,7.53,0,0,right_wing,final_third_outside_box,right_foot,volley,open_play,1,0,1.55,1,0,0.0029,1,0,0
SYN_SHOT_001839,synthetic_modelled_not_official_event_data,2024-25,Liverpool,Premier League,LIV_PL_2024_25_14,14,2024-11-22,Newcastle United,away,80,0,winning,Trent Kone-Doherty,FW,90.66,50.29,79.33,42.75,Z078,27.12,14.59,0,0,right_half_space,final_third_outside_box,right_foot,normal,open_play,0,0,0.5,1,0,0.0058,0,0,0
SYN_SHOT_001840,synthetic_modelled_not_official_event_data,2024-25,Liverpool,Premier League,LIV_PL_2024_25_13,13,2024-11-14,Manchester United,home,39,26,losing,Luis Díaz,FW,112.47,39.23,98.41,33.35,Z092,6.62,57.72,1,0,central,six_yard_box,right_foot,normal,high_press_recovery,0,0,0.5,0,0,0.5762,1,0,0
SYN_SHOT_001841,synthetic_modelled_not_official_event_data,2024-25,Liverpool,Premier League,LIV_PL_2024_25_05,5,2024-09-19,Brighton,home,69,31,drawing,Mohamed Salah,FW,93.96,63.66,82.22,54.11,Z079,30.39,10.38,0,0,right_wing,final_third_outside_box,left_foot,normal,open_play,1,0,2.73,1,0,0.0037,1,0,0
SYN_SHOT_001842,synthetic_modelled_not_official_event_data,2024-25,Liverpool,Premier League,LIV_PL_2024_25_31,31,2025-03-21,Manchester City,home,9,46,drawing,Cody Gakpo,FW,108.1,42.0,94.59,35.7,Z085,10.55,37.9,1,0,central,penalty_area,left_foot,power,open_play,1,0,3.7,5,0,0.1607,0,0,0
SYN_SHOT_001843,synthetic_modelled_not_official_event_data,2024-25,Liverpool,Premier League,LIV_PL_2024_25_23,23,2025-01-26,Brentford,home,83,56,drawing,Darwin Núñez,FW,113.34,38.23,99.17,32.49,Z092,6.02,61.84,1,0,central,six_yard_box,right_foot,normal,open_play,1,0,2.33,3,0,0.3212,1,0,0
SYN_SHOT_001844,synthetic_modelled_not_official_event_data,2024-25,Liverpool,Premier League,LIV_PL_2024_25_31,31,2025-03-19,Manchester City,home,23,45,winning,Luis Díaz,FW,111.97,36.96,97.97,31.41,Z092,7.49,50.3,1,0,central,six_yard_box,right_foot,volley,corner,0,0,4.36,1,0,0.381,1,1,1
SYN_SHOT_001845,synthetic_modelled_not_official_event_data,2024-25,Liverpool,Premier League,LIV_PL_2024_25_09,9,2024-10-20,Fulham,home,30,53,winning,Mohamed Salah,FW,108.04,38.49,94.54,32.72,Z084,10.54,38.09,1,0,central,penalty_area,left_foot,normal,open_play,1,0,5.65,2,0,0.2658,1,1,1
SYN_SHOT_001846,synthetic_modelled_not_official_event_data,2024-25,Liverpool,Premier League,LIV_PL_2024_25_38,38,2025-05-11,Wolverhampton Wanderers,away,78,23,drawing,Mohamed Salah,FW,111.53,46.92,97.59,39.88,Z093,9.46,35.47,1,0,central,six_yard_box,right_foot,normal,open_play,1,0,2.17,1,0,0.2179,1,0,0
SYN_SHOT_001847,synthetic_modelled_not_official_event_data,2024-25,Liverpool,Premier League,LIV_PL_2024_25_32,32,2025-03-28,Manchester United,away,66,25,drawing,Cody Gakpo,FW,100.19,41.77,87.67,35.51,Z085,17.4,23.68,0,0,central,penalty_area,right_foot,normal,counter_attack,1,0,4.6,4,0,0.0292,0,0,0
SYN_SHOT_001848,synthetic_modelled_not_official_event_data,2024-25,Liverpool,Premier League,LIV_PL_2024_25_11,11,2024-11-02,Leicester City,home,90,40,winning,Luis Díaz,FW,112.43,58.44,98.37,49.67,Z094,17.02,9.97,1,0,right_half_space,penalty_area,left_foot,normal,corner,0,0,1.0,0,0,0.0391,1,0,0
SYN_SHOT_001849,synthetic_modelled_not_official_event_data,2024-25,Liverpool,Premier League,LIV_PL_2024_25_34,34,2025-04-11,Nottingham Forest,away,52,31,drawing,Alexis Mac Allister,MF,115.08,59.08,100.69,50.22,Z094,16.78,6.71,1,0,right_half_space,penalty_area,head,normal,corner,1,0,2.95,2,0,0.0118,1,1,1
SYN_SHOT_001850,synthetic_modelled_not_official_event_data,2024-25,Liverpool,Premier League,LIV_PL_2024_25_14,14,2024-11-23,Newcastle United,away,72,2,drawing,Curtis Jones,MF,96.87,63.7,84.76,54.15,Z079,28.56,10.46,0,0,right_wing,final_third_outside_box,right_foot,volley,open_play,0,0,2.89,4,0,0.0029,0,0,0
SYN_SHOT_001851,synthetic_modelled_not_official_event_data,2024-25,Liverpool,Premier League,LIV_PL_2024_25_35,35,2025-04-16,Southampton,home,8,2,losing,Ryan Gravenberch,MF,83.25,26.11,72.84,22.19,Z067,34.26,11.47,0,0,left_half_space,final_third_outside_box,right_foot,normal,counter_attack,0,0,5.26,3,0,0.0027,1,0,0
SYN_SHOT_001852,synthetic_modelled_not_official_event_data,2024-25,Liverpool,Premier League,LIV_PL_2024_25_18,18,2024-12-19,West Ham United,away,85,10,losing,Cody Gakpo,FW,119.5,20.81,104.56,17.69,Z091,16.32,0.73,1,0,left_half_space,penalty_area,left_foot,normal,open_play,0,0,1.57,0,0,0.046,1,1,1
SYN_SHOT_001853,synthetic_modelled_not_official_event_data,2024-25,Liverpool,Premier League,LIV_PL_2024_25_04,4,2024-09-11,Brentford,away,18,47,drawing,Dominik Szoboszlai,MF,80.55,13.08,70.48,11.12,Z066,41.41,8.45,0,0,left_wing,final_third_outside_box,right_foot,first_time,counter_attack,0,1,6.41,2,1,0.0075,0,0,0
SYN_SHOT_001854,synthetic_modelled_not_official_event_data,2024-25,Liverpool,Premier League,LIV_PL_2024_25_02,2,2024-08-30,Aston Villa,away,5,7,drawing,Mohamed Salah,FW,105.46,33.48,92.28,28.46,Z084,13.88,27.46,1,0,central,penalty_area,left_foot,first_time,open_play,1,0,1.35,3,0,0.076,0,0,0
SYN_SHOT_001855,synthetic_modelled_not_official_event_data,2024-25,Liverpool,Premier League,LIV_PL_2024_25_24,24,2025-02-02,Brighton,away,93,30,winning,Virgil van Dijk,DF,92.49,22.54,80.93,19.16,Z075,28.28,12.63,0,0,left_half_space,final_third_outside_box,left_foot,volley,open_play,0,0,2.28,4,0,0.002,0,0,0
SYN_SHOT_001856,synthetic_modelled_not_official_event_data,2024-25,Liverpool,Premier League,LIV_PL_2024_25_12,12,2024-11-08,Manchester City,away,24,23,losing,Mohamed Salah,FW,93.81,72.08,82.08,61.27,Z080,35.62,7.61,0,0,right_wing,final_third_outside_box,left_foot,curled,free_kick_indirect,1,0,4.3,0,0,0.0032,0,0,0
SYN_SHOT_001857,synthetic_modelled_not_official_event_data,2024-25,Liverpool,Premier League,LIV_PL_2024_25_29,29,2025-03-06,Ipswich Town,home,12,6,winning,Mohamed Salah,FW,109.87,48.98,96.14,41.64,Z085,11.7,27.72,1,0,central,penalty_area,left_foot,normal,free_kick_indirect,0,0,0.5,1,0,0.156,1,0,0
SYN_SHOT_001858,synthetic_modelled_not_official_event_data,2024-25,Liverpool,Premier League,LIV_PL_2024_25_37,37,2025-04-30,West Ham United,home,34,33,losing,Mohamed Salah,FW,85.82,23.68,75.1,20.12,Z067,32.97,11.53,0,0,left_half_space,final_third_outside_box,left_foot,curled,open_play,1,0,4.79,3,0,0.0024,0,0,0
SYN_SHOT_001859,synthetic_modelled_not_official_event_data,2024-25,Liverpool,Premier League,LIV_PL_2024_25_04,4,2024-09-14,Brentford,away,20,25,losing,Mohamed Salah,FW,100.92,1.0,88.31,0.85,Z081,37.12,5.12,0,0,left_wing,wide_final_third,left_foot,normal,open_play,0,0,5.24,2,0,0.0027,0,0,0
SYN_SHOT_001860,synthetic_modelled_not_official_event_data,2024-25,Liverpool,Premier League,LIV_PL_2024_25_05,5,2024-09-18,Brighton,home,11,5,winning,Mohamed Salah,FW,89.71,19.76,78.5,16.79,Z066,31.6,11.14,0,0,left_wing,final_third_outside_box,right_foot,normal,open_play,0,0,2.53,0,0,0.0059,1,0,0
SYN_SHOT_001861,synthetic_modelled_not_official_event_data,2024-25,Liverpool,Premier League,LIV_PL_2024_25_15,15,2024-11-30,Nottingham Forest,home,72,45,winning,Darwin Núñez,FW,108.92,42.62,95.31,36.23,Z085,9.95,39.68,1,0,central,penalty_area,left_foot,volley,open_play,1,0,0.68,0,0,0.227,0,0,0
SYN_SHOT_001862,synthetic_modelled_not_official_event_data,2024-25,Liverpool,Premier League,LIV_PL_2024_25_24,24,2025-01-31,Brighton,away,8,43,drawing,Luis Díaz,FW,86.74,19.72,75.9,16.76,Z066,33.82,10.67,0,0,left_wing,final_third_outside_box,right_foot,chip,open_play,0,0,4.29,0,0,0.0049,0,0,0
SYN_SHOT_001863,synthetic_modelled_not_official_event_data,2024-25,Liverpool,Premier League,LIV_PL_2024_25_17,17,2024-12-15,Tottenham Hotspur,home,78,57,drawing,Mohamed Salah,FW,92.67,31.89,81.09,27.11,Z076,24.89,16.11,0,0,central,final_third_outside_box,left_foot,normal,free_kick_indirect,1,0,2.77,2,0,0.0083,0,0,0
SYN_SHOT_001864,synthetic_modelled_not_official_event_data,2024-25,Liverpool,Premier League,LIV_PL_2024_25_24,24,2025-02-02,Brighton,away,13,14,losing,Mohamed Salah,FW,93.32,30.07,81.66,25.56,Z076,24.82,15.83,0,0,central,final_third_outside_box,right_foot,first_time,open_play,1,0,0.62,6,0,0.0053,0,0,0
SYN_SHOT_001865,synthetic_modelled_not_official_event_data,2024-25,Liverpool,Premier League,LIV_PL_2024_25_18,18,2024-12-22,West Ham United,away,29,58,winning,Mohamed Salah,FW,85.24,14.72,74.59,12.51,Z066,37.24,9.21,0,0,left_wing,final_third_outside_box,head,curled,open_play,0,0,0.5,1,0,0.0015,1,0,0
SYN_SHOT_001866,synthetic_modelled_not_official_event_data,2024-25,Liverpool,Premier League,LIV_PL_2024_25_09,9,2024-10-17,Fulham,home,22,16,drawing,Alexis Mac Allister,MF,90.28,51.81,79.0,44.04,Z078,27.87,14.0,0,0,right_half_space,final_third_outside_box,right_foot,curled,open_play,0,0,1.35,2,0,0.006,0,0,0
SYN_SHOT_001867,synthetic_modelled_not_official_event_data,2024-25,Liverpool,Premier League,LIV_PL_2024_25_24,24,2025-02-01,Brighton,away,2,9,losing,Diogo Jota,FW,89.97,25.15,78.72,21.38,Z067,29.15,12.95,0,0,left_half_space,final_third_outside_box,right_foot,normal,open_play,1,0,2.25,1,0,0.0043,0,0,0
SYN_SHOT_001868,synthetic_modelled_not_official_event_data,2024-25,Liverpool,Premier League,LIV_PL_2024_25_02,2,2024-08-29,Aston Villa,away,40,52,winning,Alexis Mac Allister,MF,105.86,46.73,92.63,39.72,Z085,13.63,27.71,1,0,central,penalty_area,left_foot,half_volley,high_press_recovery,0,0,5.44,0,0,0.2174,1,0,0
SYN_SHOT_001869,synthetic_modelled_not_official_event_data,2024-25,Liverpool,Premier League,LIV_PL_2024_25_38,38,2025-05-07,Wolverhampton Wanderers,away,3,38,drawing,Mohamed Salah,FW,89.74,25.94,78.53,22.05,Z067,29.05,13.14,0,0,left_half_space,final_third_outside_box,left_foot,volley,open_play,1,0,2.79,0,0,0.006,0,0,0
SYN_SHOT_001870,synthetic_modelled_not_official_event_data,2024-25,Liverpool,Premier League,LIV_PL_2024_25_35,35,2025-04-19,Southampton,home,73,58,losing,Curtis Jones,MF,111.82,47.02,97.84,39.96,Z093,9.31,35.52,1,0,central,six_yard_box,right_foot,normal,open_play,0,0,0.5,0,0,0.2576,0,0,0
SYN_SHOT_001871,synthetic_modelled_not_official_event_data,2024-25,Liverpool,Premier League,LIV_PL_2024_25_17,17,2024-12-13,Tottenham Hotspur,home,26,36,drawing,Mohamed Salah,FW,115.91,17.82,101.42,15.14,Z090,19.19,4.22,1,0,left_wing,wide_final_third,left_foot,normal,open_play,0,0,1.74,0,0,0.0444,1,0,0
SYN_SHOT_001872,synthetic_modelled_not_official_event_data,2024-25,Liverpool,Premier League,LIV_PL_2024_25_18,18,2024-12-22,West Ham United,away,37,51,drawing,Mohamed Salah,FW,90.54,1.0,79.22,0.85,Z073,41.99,6.15,0,0,left_wing,final_third_outside_box,left_foot,half_volley,free_kick_indirect,1,0,2.85,4,0,0.0005,0,0,0
SYN_SHOT_001873,synthetic_modelled_not_official_event_data,2024-25,Liverpool,Premier League,LIV_PL_2024_25_28,28,2025-02-26,Fulham,away,94,57,winning,Alexis Mac Allister,MF,119.5,37.53,104.56,31.9,Z092,2.15,159.97,1,1,central,six_yard_box,right_foot,normal,high_press_recovery,0,1,2.74,3,1,0.945,1,1,1
SYN_SHOT_001874,synthetic_modelled_not_official_event_data,2024-25,Liverpool,Premier League,LIV_PL_2024_25_05,5,2024-09-22,Brighton,home,55,55,drawing,Mohamed Salah,FW,116.97,44.57,102.35,37.88,Z093,4.7,65.84,1,1,central,six_yard_box,head,half_volley,corner,1,0,2.95,0,1,0.834,1,1,1
SYN_SHOT_001875,synthetic_modelled_not_official_event_data,2024-25,Liverpool,Premier League,LIV_PL_2024_25_18,18,2024-12-20,West Ham United,away,87,6,winning,Dominik Szoboszlai,MF,96.66,61.47,84.58,52.25,Z079,27.39,11.47,0,0,right_wing,final_third_outside_box,left_foot,half_volley,open_play,1,0,4.41,2,0,0.0056,1,0,0
SYN_SHOT_001876,synthetic_modelled_not_official_event_data,2024-25,Liverpool,Premier League,LIV_PL_2024_25_18,18,2024-12-20,West Ham United,away,85,37,losing,Diogo Jota,FW,89.0,39.0,77.88,33.15,Z068,27.14,15.35,0,0,central,final_third_outside_box,right_foot,volley,counter_attack,0,0,0.87,1,0,0.0137,0,0,0
SYN_SHOT_001877,synthetic_modelled_not_official_event_data,2024-25,Liverpool,Premier League,LIV_PL_2024_25_12,12,2024-11-06,Manchester City,away,66,11,drawing,Cody Gakpo,FW,109.87,38.83,96.14,33.01,Z084,8.92,44.45,1,0,central,penalty_area,right_foot,placed,counter_attack,1,0,0.5,1,0,0.2992,1,1,1
SYN_SHOT_001878,synthetic_modelled_not_official_event_data,2024-25,Liverpool,Premier League,LIV_PL_2024_25_02,2,2024-08-29,Aston Villa,away,41,55,losing,Mohamed Salah,FW,110.25,20.81,96.47,17.69,Z091,18.41,10.87,1,0,left_half_space,penalty_area,right_foot,first_time,open_play,1,0,4.7,0,0,0.0567,1,0,0
SYN_SHOT_001879,synthetic_modelled_not_official_event_data,2024-25,Liverpool,Premier League,LIV_PL_2024_25_06,6,2024-09-29,Chelsea,away,37,24,drawing,Cody Gakpo,FW,99.84,35.22,87.36,29.94,Z076,18.1,22.33,0,0,central,final_third_outside_box,head,normal,open_play,0,0,0.5,5,0,0.0136,0,0,0
SYN_SHOT_001880,synthetic_modelled_not_official_event_data,2024-25,Liverpool,Premier League,LIV_PL_2024_25_32,32,2025-03-26,Manchester United,away,40,45,winning,Mohamed Salah,FW,74.71,55.61,65.37,47.27,Z062,41.79,9.5,0,0,right_half_space,middle_third,left_foot,first_time,free_kick_indirect,0,0,4.41,6,0,0.0012,0,0,0
SYN_SHOT_001881,synthetic_modelled_not_official_event_data,2024-25,Liverpool,Premier League,LIV_PL_2024_25_25,25,2025-02-07,Chelsea,home,87,21,drawing,Cody Gakpo,FW,104.91,47.54,91.79,40.41,Z085,14.68,25.57,1,0,central,penalty_area,right_foot,normal,counter_attack,0,1,5.76,2,1,0.4796,1,0,0
SYN_SHOT_001882,synthetic_modelled_not_official_event_data,2024-25,Liverpool,Premier League,LIV_PL_2024_25_16,16,2024-12-05,Southampton,away,86,26,winning,Cody Gakpo,FW,108.0,40.0,94.5,34.0,Z085,10.5,38.43,1,0,central,penalty_area,right_foot,first_time,penalty,1,0,2.74,1,1,0.9634,1,1,1
SYN_SHOT_001883,synthetic_modelled_not_official_event_data,2024-25,Liverpool,Premier League,LIV_PL_2024_25_28,28,2025-02-27,Fulham,away,55,18,winning,Luis Díaz,FW,104.18,45.96,91.16,39.06,Z085,14.74,26.43,1,0,central,penalty_area,right_foot,normal,open_play,1,0,1.86,2,0,0.0832,0,0,0
SYN_SHOT_001884,synthetic_modelled_not_official_event_data,2024-25,Liverpool,Premier League,LIV_PL_2024_25_27,27,2025-02-21,Everton,home,8,26,losing,Cody Gakpo,FW,93.64,79.0,81.94,67.15,Z080,40.38,5.96,0,0,right_wing,final_third_outside_box,right_foot,first_time,open_play,0,0,1.9,2,0,0.0012,1,0,0
SYN_SHOT_001885,synthetic_modelled_not_official_event_data,2024-25,Liverpool,Premier League,LIV_PL_2024_25_22,22,2025-01-17,Bournemouth,away,9,39,drawing,Mohamed Salah,FW,109.65,42.75,95.94,36.34,Z085,9.35,41.83,1,0,central,penalty_area,head,normal,open_play,0,0,4.56,1,0,0.298,0,0,0
SYN_SHOT_001886,synthetic_modelled_not_official_event_data,2024-25,Liverpool,Premier League,LIV_PL_2024_25_28,28,2025-02-28,Fulham,away,47,24,drawing,Ryan Gravenberch,MF,119.5,68.76,104.56,58.44,Z095,24.45,0.31,0,0,right_wing,wide_final_third,left_foot,normal,counter_attack,0,0,3.54,3,0,0.0058,0,0,0
SYN_SHOT_001887,synthetic_modelled_not_official_event_data,2024-25,Liverpool,Premier League,LIV_PL_2024_25_01,1,2024-08-21,Arsenal,home,70,28,winning,Mohamed Salah,FW,103.26,44.76,90.35,38.05,Z085,15.2,26.23,1,0,central,penalty_area,head,normal,high_press_recovery,1,0,4.63,0,0,0.1203,0,0,0
SYN_SHOT_001888,synthetic_modelled_not_official_event_data,2024-25,Liverpool,Premier League,LIV_PL_2024_25_06,6,2024-09-28,Chelsea,away,82,3,drawing,Mohamed Salah,FW,102.25,23.86,89.47,20.28,Z083,20.72,15.28,1,0,left_half_space,penalty_area,right_foot,volley,open_play,0,0,4.02,2,0,0.0556,0,0,0
SYN_SHOT_001889,synthetic_modelled_not_official_event_data,2024-25,Liverpool,Premier League,LIV_PL_2024_25_14,14,2024-11-22,Newcastle United,away,35,42,drawing,Darwin Núñez,FW,92.4,37.79,80.85,32.12,Z076,24.23,17.13,0,0,central,final_third_outside_box,left_foot,normal,direct_free_kick,1,0,1.28,5,0,0.0029,0,0,0
SYN_SHOT_001890,synthetic_modelled_not_official_event_data,2024-25,Liverpool,Premier League,LIV_PL_2024_25_33,33,2025-04-05,Newcastle United,home,4,53,winning,Darwin Núñez,FW,92.82,64.65,81.21,54.95,Z079,31.7,9.96,0,0,right_wing,final_third_outside_box,right_foot,curled,open_play,0,0,2.32,4,0,0.0021,0,0,0
SYN_SHOT_001891,synthetic_modelled_not_official_event_data,2024-25,Liverpool,Premier League,LIV_PL_2024_25_19,19,2024-12-27,Wolverhampton Wanderers,home,63,9,winning,Trent Kone-Doherty,FW,100.11,63.16,87.6,53.69,Z087,26.28,10.65,0,0,right_wing,wide_final_third,left_foot,half_volley,open_play,1,0,3.6,2,0,0.0054,0,0,0
SYN_SHOT_001892,synthetic_modelled_not_official_event_data,2024-25,Liverpool,Premier League,LIV_PL_2024_25_31,31,2025-03-21,Manchester City,home,15,3,winning,Curtis Jones,MF,109.89,42.72,96.16,36.31,Z085,9.14,42.7,1,0,central,penalty_area,right_foot,normal,open_play,1,0,3.83,2,0,0.2491,1,1,1
SYN_SHOT_001893,synthetic_modelled_not_official_event_data,2024-25,Liverpool,Premier League,LIV_PL_2024_25_04,4,2024-09-14,Brentford,away,3,28,drawing,Darwin Núñez,FW,93.71,72.58,82.0,61.7,Z080,36.0,7.48,0,0,right_wing,final_third_outside_box,left_foot,normal,open_play,0,0,3.76,1,0,0.0025,1,0,0
SYN_SHOT_001894,synthetic_modelled_not_official_event_data,2024-25,Liverpool,Premier League,LIV_PL_2024_25_29,29,2025-03-06,Ipswich Town,home,77,52,winning,Luis Díaz,FW,101.8,30.24,89.07,25.71,Z084,17.96,20.67,1,0,central,penalty_area,head,first_time,open_play,0,0,3.26,0,0,0.0596,0,0,0
SYN_SHOT_001895,synthetic_modelled_not_official_event_data,2024-25,Liverpool,Premier League,LIV_PL_2024_25_28,28,2025-03-02,Fulham,away,33,49,drawing,Mohamed Salah,FW,84.66,18.03,74.08,15.33,Z066,36.12,9.94,0,0,left_wing,final_third_outside_box,right_foot,curled,high_press_recovery,1,0,3.55,1,0,0.0029,0,0,0
SYN_SHOT_001896,synthetic_modelled_not_official_event_data,2024-25,Liverpool,Premier League,LIV_PL_2024_25_23,23,2025-01-24,Brentford,home,21,46,winning,Alexis Mac Allister,MF,110.42,15.76,96.62,13.39,Z090,22.25,7.26,0,0,left_wing,wide_final_third,right_foot,normal,free_kick_indirect,0,0,4.22,0,0,0.0157,1,0,0
SYN_SHOT_001897,synthetic_modelled_not_official_event_data,2024-25,Liverpool,Premier League,LIV_PL_2024_25_03,3,2024-09-08,Bournemouth,home,9,0,losing,Luis Díaz,FW,86.86,43.27,76.0,36.78,Z069,29.13,14.26,0,0,central,final_third_outside_box,right_foot,normal,open_play,0,0,2.34,2,0,0.007,0,0,0
SYN_SHOT_001898,synthetic_modelled_not_official_event_data,2024-25,Liverpool,Premier League,LIV_PL_2024_25_36,36,2025-04-27,Tottenham Hotspur,away,11,44,losing,Jayden Danns,FW,102.69,43.9,89.85,37.32,Z085,15.5,26.03,1,0,central,penalty_area,left_foot,curled,free_kick_indirect,0,0,4.87,0,0,0.1442,0,0,0
SYN_SHOT_001899,synthetic_modelled_not_official_event_data,2024-25,Liverpool,Premier League,LIV_PL_2024_25_19,19,2024-12-28,Wolverhampton Wanderers,home,55,2,drawing,Cody Gakpo,FW,105.15,23.17,92.01,19.69,Z083,19.33,14.79,1,0,left_half_space,penalty_area,right_foot,first_time,free_kick_indirect,1,0,1.59,0,0,0.0367,1,0,0
SYN_SHOT_001900,synthetic_modelled_not_official_event_data,2024-25,Liverpool,Premier League,LIV_PL_2024_25_07,7,2024-10-05,Crystal Palace,home,93,18,drawing,Ibrahima Konaté,DF,79.97,30.37,69.97,25.81,Z060,35.97,11.32,0,0,central,middle_third,right_foot,normal,open_play,0,0,0.5,1,0,0.0014,0,0,0
SYN_SHOT_001901,synthetic_modelled_not_official_event_data,2024-25,Liverpool,Premier League,LIV_PL_2024_25_03,3,2024-09-06,Bournemouth,home,31,15,drawing,Mohamed Salah,FW,99.79,12.18,87.31,10.35,Z074,29.53,8.57,0,0,left_wing,final_third_outside_box,left_foot,normal,open_play,0,0,4.58,3,0,0.0047,0,0,0
SYN_SHOT_001902,synthetic_modelled_not_official_event_data,2024-25,Liverpool,Premier League,LIV_PL_2024_25_21,21,2025-01-09,Aston Villa,home,35,43,drawing,Luis Díaz,FW,104.44,20.64,91.39,17.54,Z083,21.36,12.68,1,0,left_half_space,penalty_area,right_foot,normal,open_play,1,0,2.67,1,0,0.0206,1,0,0
SYN_SHOT_001903,synthetic_modelled_not_official_event_data,2024-25,Liverpool,Premier League,LIV_PL_2024_25_32,32,2025-03-27,Manchester United,away,95,10,winning,Luis Díaz,FW,104.94,27.32,91.83,23.22,Z083,17.02,19.24,1,0,left_half_space,penalty_area,right_foot,normal,open_play,1,0,2.07,2,0,0.0412,0,0,0
SYN_SHOT_001904,synthetic_modelled_not_official_event_data,2024-25,Liverpool,Premier League,LIV_PL_2024_25_22,22,2025-01-16,Bournemouth,away,73,40,drawing,Luis Díaz,FW,104.48,31.95,91.42,27.16,Z084,15.21,24.53,1,0,central,penalty_area,left_foot,volley,open_play,0,1,3.94,1,1,0.3282,1,1,1
SYN_SHOT_001905,synthetic_modelled_not_official_event_data,2024-25,Liverpool,Premier League,LIV_PL_2024_25_14,14,2024-11-22,Newcastle United,away,51,11,winning,Mohamed Salah,FW,112.74,35.39,98.65,30.08,Z092,7.46,47.71,1,0,central,six_yard_box,right_foot,normal,high_press_recovery,0,0,2.75,0,0,0.5258,1,1,1
SYN_SHOT_001906,synthetic_modelled_not_official_event_data,2024-25,Liverpool,Premier League,LIV_PL_2024_25_19,19,2024-12-26,Wolverhampton Wanderers,home,83,59,drawing,Alexis Mac Allister,MF,111.68,46.72,97.72,39.71,Z093,9.25,36.43,1,0,central,six_yard_box,right_foot,first_time,open_play,1,0,2.98,3,0,0.1201,0,0,0
SYN_SHOT_001907,synthetic_modelled_not_official_event_data,2024-25,Liverpool,Premier League,LIV_PL_2024_25_01,1,2024-08-22,Arsenal,home,10,51,drawing,Darwin Núñez,FW,102.58,75.84,89.76,64.46,Z088,34.06,5.56,0,0,right_wing,wide_final_third,right_foot,normal,open_play,0,0,4.81,4,0,0.0019,0,0,0
SYN_SHOT_001908,synthetic_modelled_not_official_event_data,2024-25,Liverpool,Premier League,LIV_PL_2024_25_09,9,2024-10-18,Fulham,home,70,32,losing,Curtis Jones,MF,84.33,32.43,73.79,27.56,Z068,31.87,12.84,0,0,central,final_third_outside_box,left_foot,normal,open_play,0,0,4.11,4,0,0.0037,1,0,0
SYN_SHOT_001909,synthetic_modelled_not_official_event_data,2024-25,Liverpool,Premier League,LIV_PL_2024_25_16,16,2024-12-06,Southampton,away,50,14,losing,Dominik Szoboszlai,MF,92.77,43.14,81.17,36.67,Z077,23.98,17.26,0,0,central,final_third_outside_box,left_foot,normal,open_play,0,0,6.8,3,0,0.0116,0,0,0
SYN_SHOT_001910,synthetic_modelled_not_official_event_data,2024-25,Liverpool,Premier League,LIV_PL_2024_25_27,27,2025-02-20,Everton,home,61,25,winning,Diogo Jota,FW,99.91,53.92,87.42,45.83,Z078,21.19,16.46,0,0,right_half_space,final_third_outside_box,right_foot,normal,counter_attack,1,0,1.19,0,0,0.0197,0,0,0
SYN_SHOT_001911,synthetic_modelled_not_official_event_data,2024-25,Liverpool,Premier League,LIV_PL_2024_25_21,21,2025-01-09,Aston Villa,home,95,9,drawing,Tyler Morton,MF,103.29,74.76,90.38,63.55,Z088,32.97,5.69,0,0,right_wing,wide_final_third,right_foot,placed,high_press_recovery,0,0,0.5,3,0,0.0017,0,0,0
SYN_SHOT_001912,synthetic_modelled_not_official_event_data,2024-25,Liverpool,Premier League,LIV_PL_2024_25_14,14,2024-11-22,Newcastle United,away,84,56,winning,Mohamed Salah,FW,107.45,54.11,94.02,45.99,Z086,16.26,17.76,1,0,right_half_space,penalty_area,left_foot,placed,open_play,0,0,3.14,3,0,0.0636,0,0,0
SYN_SHOT_001913,synthetic_modelled_not_official_event_data,2024-25,Liverpool,Premier League,LIV_PL_2024_25_05,5,2024-09-22,Brighton,home,14,58,losing,Mohamed Salah,FW,115.78,34.11,101.31,28.99,Z092,6.22,46.85,1,1,central,six_yard_box,left_foot,normal,open_play,0,0,4.4,1,1,0.8826,1,1,1
SYN_SHOT_001914,synthetic_modelled_not_official_event_data,2024-25,Liverpool,Premier League,LIV_PL_2024_25_15,15,2024-11-30,Nottingham Forest,home,79,57,losing,Cody Gakpo,FW,104.79,44.31,91.69,37.66,Z085,13.8,28.81,1,0,central,penalty_area,right_foot,normal,throw_in,1,0,3.09,3,0,0.0891,0,0,0
SYN_SHOT_001915,synthetic_modelled_not_official_event_data,2024-25,Liverpool,Premier League,LIV_PL_2024_25_20,20,2025-01-05,Arsenal,away,13,19,drawing,Mohamed Salah,FW,109.98,39.94,96.23,33.95,Z084,8.77,45.31,1,0,central,penalty_area,left_foot,first_time,open_play,1,0,0.66,1,0,0.2941,1,0,0
SYN_SHOT_001916,synthetic_modelled_not_official_event_data,2024-25,Liverpool,Premier League,LIV_PL_2024_25_13,13,2024-11-17,Manchester United,home,41,33,winning,Mohamed Salah,FW,118.26,21.18,103.48,18.01,Z091,16.07,2.61,1,0,left_half_space,penalty_area,head,normal,open_play,1,0,2.49,1,0,0.0216,1,1,1
SYN_SHOT_001917,synthetic_modelled_not_official_event_data,2024-25,Liverpool,Premier League,LIV_PL_2024_25_05,5,2024-09-21,Brighton,home,50,2,losing,Darwin Núñez,FW,108.0,40.0,94.5,34.0,Z085,10.5,38.43,1,0,central,penalty_area,right_foot,normal,penalty,1,0,1.97,4,1,0.9382,1,1,1
SYN_SHOT_001918,synthetic_modelled_not_official_event_data,2024-25,Liverpool,Premier League,LIV_PL_2024_25_14,14,2024-11-24,Newcastle United,away,39,20,losing,Mohamed Salah,FW,85.27,31.76,74.61,26.99,Z068,31.18,13.06,0,0,central,final_third_outside_box,right_foot,normal,open_play,1,0,1.35,2,0,0.0037,0,0,0
SYN_SHOT_001919,synthetic_modelled_not_official_event_data,2024-25,Liverpool,Premier League,LIV_PL_2024_25_10,10,2024-10-23,Ipswich Town,away,19,54,drawing,Cody Gakpo,FW,102.64,34.45,89.81,29.28,Z084,15.91,24.89,1,0,central,penalty_area,left_foot,volley,high_press_recovery,0,1,8.37,1,1,0.4146,1,1,1
SYN_SHOT_001920,synthetic_modelled_not_official_event_data,2024-25,Liverpool,Premier League,LIV_PL_2024_25_27,27,2025-02-19,Everton,home,91,30,winning,Mohamed Salah,FW,103.71,41.81,90.75,35.54,Z085,14.34,28.5,1,0,central,penalty_area,left_foot,normal,open_play,1,1,4.18,4,1,0.3066,1,0,0
SYN_SHOT_001921,synthetic_modelled_not_official_event_data,2024-25,Liverpool,Premier League,LIV_PL_2024_25_22,22,2025-01-18,Bournemouth,away,86,18,winning,Mohamed Salah,FW,101.06,45.43,88.42,38.62,Z085,17.21,23.23,0,0,central,penalty_area,other,normal,open_play,0,0,3.88,1,0,0.0261,1,0,0
SYN_SHOT_001922,synthetic_modelled_not_official_event_data,2024-25,Liverpool,Premier League,LIV_PL_2024_25_08,8,2024-10-12,Everton,away,7,5,winning,Mohamed Salah,FW,106.69,41.75,93.35,35.49,Z085,11.74,34.41,1,0,central,penalty_area,right_foot,normal,counter_attack,0,0,5.78,2,0,0.3376,1,0,0
SYN_SHOT_001923,synthetic_modelled_not_official_event_data,2024-25,Liverpool,Premier League,LIV_PL_2024_25_15,15,2024-11-30,Nottingham Forest,home,61,9,winning,Curtis Jones,MF,103.9,28.55,90.91,24.27,Z083,17.12,20.24,1,0,left_half_space,penalty_area,right_foot,volley,open_play,0,0,5.6,1,0,0.0656,0,0,0
SYN_SHOT_001924,synthetic_modelled_not_official_event_data,2024-25,Liverpool,Premier League,LIV_PL_2024_25_23,23,2025-01-23,Brentford,home,85,55,losing,Luis Díaz,FW,109.51,49.68,95.82,42.23,Z085,12.33,25.86,1,0,central,penalty_area,right_foot,normal,open_play,0,0,4.11,0,0,0.1836,1,0,0
SYN_SHOT_001925,synthetic_modelled_not_official_event_data,2024-25,Liverpool,Premier League,LIV_PL_2024_25_05,5,2024-09-18,Brighton,home,81,31,losing,Cody Gakpo,FW,91.83,19.77,80.35,16.8,Z074,30.05,11.46,0,0,left_wing,final_third_outside_box,right_foot,volley,open_play,0,0,0.59,5,0,0.003,1,0,0
SYN_SHOT_001926,synthetic_modelled_not_official_event_data,2024-25,Liverpool,Premier League,LIV_PL_2024_25_32,32,2025-03-29,Manchester United,away,37,50,drawing,Luis Díaz,FW,103.99,16.67,90.99,14.17,Z082,24.28,10.09,1,0,left_wing,wide_final_third,head,first_time,open_play,0,0,2.92,1,0,0.0124,0,0,0
SYN_SHOT_001927,synthetic_modelled_not_official_event_data,2024-25,Liverpool,Premier League,LIV_PL_2024_25_06,6,2024-09-25,Chelsea,away,93,15,drawing,Luis Díaz,FW,111.16,34.56,97.27,29.38,Z092,9.01,39.88,1,0,central,six_yard_box,right_foot,chip,open_play,0,1,7.01,0,1,0.7309,1,1,1
SYN_SHOT_001928,synthetic_modelled_not_official_event_data,2024-25,Liverpool,Premier League,LIV_PL_2024_25_06,6,2024-09-27,Chelsea,away,73,53,winning,Diogo Jota,FW,106.68,55.19,93.34,46.91,Z086,17.4,16.44,1,0,right_half_space,penalty_area,right_foot,normal,open_play,0,0,2.6,2,0,0.0588,0,0,0
SYN_SHOT_001929,synthetic_modelled_not_official_event_data,2024-25,Liverpool,Premier League,LIV_PL_2024_25_11,11,2024-11-02,Leicester City,home,38,39,drawing,Harvey Elliott,MF,114.0,31.58,99.75,26.84,Z092,8.88,30.44,1,1,central,six_yard_box,left_foot,first_time,open_play,0,0,1.85,3,0,0.274,1,1,1
SYN_SHOT_001930,synthetic_modelled_not_official_event_data,2024-25,Liverpool,Premier League,LIV_PL_2024_25_32,32,2025-03-30,Manchester United,away,41,38,winning,Dominik Szoboszlai,MF,91.99,79.0,80.49,67.15,Z080,41.23,6.07,0,0,right_wing,final_third_outside_box,right_foot,normal,throw_in,0,0,2.2,0,0,0.0013,0,0,0
SYN_SHOT_001931,synthetic_modelled_not_official_event_data,2024-25,Liverpool,Premier League,LIV_PL_2024_25_31,31,2025-03-21,Manchester City,home,52,46,drawing,Luis Díaz,FW,93.14,55.33,81.5,47.03,Z078,26.87,13.64,0,0,right_half_space,final_third_outside_box,right_foot,normal,open_play,1,0,3.4,3,0,0.0042,0,0,0
SYN_SHOT_001932,synthetic_modelled_not_official_event_data,2024-25,Liverpool,Premier League,LIV_PL_2024_25_23,23,2025-01-22,Brentford,home,48,8,drawing,Cody Gakpo,FW,95.86,38.68,83.88,32.87,Z076,21.15,19.61,0,0,central,final_third_outside_box,left_foot,power,counter_attack,1,0,0.9,4,0,0.0125,1,0,0
SYN_SHOT_001933,synthetic_modelled_not_official_event_data,2024-25,Liverpool,Premier League,LIV_PL_2024_25_27,27,2025-02-19,Everton,home,26,44,drawing,Cody Gakpo,FW,78.08,5.85,68.32,4.97,Z057,46.78,7.04,0,0,left_wing,middle_third,right_foot,half_volley,counter_attack,1,0,4.9,3,0,0.0005,0,0,0
SYN_SHOT_001934,synthetic_modelled_not_official_event_data,2024-25,Liverpool,Premier League,LIV_PL_2024_25_13,13,2024-11-17,Manchester United,home,30,0,winning,Cody Gakpo,FW,112.27,20.72,98.24,17.61,Z091,17.73,9.34,1,0,left_half_space,penalty_area,right_foot,normal,open_play,1,0,0.64,4,0,0.0186,0,0,0
SYN_SHOT_001935,synthetic_modelled_not_official_event_data,2024-25,Liverpool,Premier League,LIV_PL_2024_25_16,16,2024-12-04,Southampton,away,2,14,losing,Luis Díaz,FW,96.19,47.04,84.16,39.98,Z077,21.68,18.47,0,0,central,final_third_outside_box,right_foot,normal,open_play,0,0,3.23,4,0,0.0162,1,1,1
SYN_SHOT_001936,synthetic_modelled_not_official_event_data,2024-25,Liverpool,Premier League,LIV_PL_2024_25_02,2,2024-08-28,Aston Villa,away,51,57,winning,Mohamed Salah,FW,113.27,63.84,99.11,54.26,Z095,21.1,5.7,0,0,right_wing,wide_final_third,head,curled,corner,0,0,1.29,6,0,0.0037,1,0,0
SYN_SHOT_001937,synthetic_modelled_not_official_event_data,2024-25,Liverpool,Premier League,LIV_PL_2024_25_34,34,2025-04-13,Nottingham Forest,away,11,40,drawing,Mohamed Salah,FW,90.48,17.09,79.17,14.53,Z074,32.35,10.37,0,0,left_wing,final_third_outside_box,left_foot,normal,free_kick_indirect,0,0,5.16,3,0,0.0036,0,0,0
SYN_SHOT_001938,synthetic_modelled_not_official_event_data,2024-25,Liverpool,Premier League,LIV_PL_2024_25_28,28,2025-03-01,Fulham,away,24,21,winning,Dominik Szoboszlai,MF,98.22,70.57,85.94,59.99,Z080,32.23,7.75,0,0,right_wing,final_third_outside_box,left_foot,normal,free_kick_indirect,0,0,1.94,2,0,0.003,0,0,0
SYN_SHOT_001939,synthetic_modelled_not_official_event_data,2024-25,Liverpool,Premier League,LIV_PL_2024_25_12,12,2024-11-08,Manchester City,away,9,2,losing,Trey Nyoni,MF,107.65,35.0,94.19,29.75,Z084,11.61,33.07,1,0,central,penalty_area,left_foot,normal,open_play,1,0,0.5,0,0,0.1476,0,0,0
SYN_SHOT_001940,synthetic_modelled_not_official_event_data,2024-25,Liverpool,Premier League,LIV_PL_2024_25_21,21,2025-01-12,Aston Villa,home,67,58,drawing,Andy Robertson,DF,100.68,46.82,88.09,39.8,Z085,17.87,22.02,0,0,central,penalty_area,left_foot,curled,free_kick_indirect,0,0,2.41,4,0,0.0174,0,0,0
SYN_SHOT_001941,synthetic_modelled_not_official_event_data,2024-25,Liverpool,Premier League,LIV_PL_2024_25_30,30,2025-03-13,Leicester City,away,74,12,winning,Mohamed Salah,FW,111.86,39.39,97.88,33.48,Z092,7.14,54.19,1,0,central,six_yard_box,left_foot,placed,open_play,0,1,4.29,2,1,0.8392,1,1,1
SYN_SHOT_001942,synthetic_modelled_not_official_event_data,2024-25,Liverpool,Premier League,LIV_PL_2024_25_26,26,2025-02-12,Crystal Palace,away,91,59,winning,Mohamed Salah,FW,97.39,5.21,85.22,4.43,Z073,35.58,6.6,0,0,left_wing,final_third_outside_box,left_foot,normal,open_play,1,0,1.14,1,0,0.0018,0,0,0
SYN_SHOT_001943,synthetic_modelled_not_official_event_data,2024-25,Liverpool,Premier League,LIV_PL_2024_25_20,20,2025-01-04,Arsenal,away,8,11,drawing,Alexis Mac Allister,MF,116.6,44.77,102.03,38.05,Z093,5.03,61.39,1,1,central,six_yard_box,head,normal,corner,1,0,2.79,1,1,0.7029,1,1,1
SYN_SHOT_001944,synthetic_modelled_not_official_event_data,2024-25,Liverpool,Premier League,LIV_PL_2024_25_11,11,2024-11-01,Leicester City,home,66,40,drawing,Luis Díaz,FW,106.26,58.5,92.97,49.72,Z086,19.79,13.1,1,0,right_half_space,penalty_area,right_foot,half_volley,open_play,1,1,3.47,4,1,0.0818,1,0,0
SYN_SHOT_001945,synthetic_modelled_not_official_event_data,2024-25,Liverpool,Premier League,LIV_PL_2024_25_31,31,2025-03-23,Manchester City,home,56,2,drawing,Mohamed Salah,FW,102.98,27.76,90.11,23.59,Z083,18.17,19.0,1,0,left_half_space,penalty_area,left_foot,normal,open_play,0,0,2.39,3,0,0.0404,0,0,0
SYN_SHOT_001946,synthetic_modelled_not_official_event_data,2024-25,Liverpool,Premier League,LIV_PL_2024_25_03,3,2024-09-07,Bournemouth,home,59,3,losing,Luis Díaz,FW,109.18,34.13,95.53,29.01,Z084,10.7,34.42,1,0,central,penalty_area,right_foot,normal,open_play,0,0,2.35,2,0,0.2101,1,0,0
SYN_SHOT_001947,synthetic_modelled_not_official_event_data,2024-25,Liverpool,Premier League,LIV_PL_2024_25_27,27,2025-02-22,Everton,home,91,27,losing,Luis Díaz,FW,117.96,45.62,103.21,38.78,Z093,5.1,45.96,1,1,central,six_yard_box,right_foot,placed,open_play,0,0,4.49,1,1,0.8696,1,1,1
SYN_SHOT_001948,synthetic_modelled_not_official_event_data,2024-25,Liverpool,Premier League,LIV_PL_2024_25_01,1,2024-08-25,Arsenal,home,27,6,drawing,Diogo Jota,FW,83.81,17.38,73.33,14.77,Z066,37.05,9.68,0,0,left_wing,final_third_outside_box,left_foot,normal,open_play,0,0,5.14,2,0,0.003,0,0,0
SYN_SHOT_001949,synthetic_modelled_not_official_event_data,2024-25,Liverpool,Premier League,LIV_PL_2024_25_30,30,2025-03-15,Leicester City,away,30,23,winning,Luis Díaz,FW,89.94,8.51,78.69,7.23,Z065,37.53,7.86,0,0,left_wing,final_third_outside_box,right_foot,first_time,counter_attack,0,1,8.33,5,1,0.0075,0,0,0
SYN_SHOT_001950,synthetic_modelled_not_official_event_data,2024-25,Liverpool,Premier League,LIV_PL_2024_25_34,34,2025-04-11,Nottingham Forest,away,58,36,drawing,Mohamed Salah,FW,102.38,51.83,89.58,44.06,Z086,18.41,19.12,1,0,right_half_space,penalty_area,head,normal,open_play,0,0,6.32,2,0,0.0526,1,1,1
SYN_SHOT_001951,synthetic_modelled_not_official_event_data,2024-25,Liverpool,Premier League,LIV_PL_2024_25_27,27,2025-02-20,Everton,home,89,25,winning,Mohamed Salah,FW,107.04,49.61,93.66,42.17,Z085,13.98,24.52,1,0,central,penalty_area,left_foot,placed,open_play,1,0,1.77,2,0,0.0828,1,0,0
SYN_SHOT_001952,synthetic_modelled_not_official_event_data,2024-25,Liverpool,Premier League,LIV_PL_2024_25_13,13,2024-11-14,Manchester United,home,66,26,losing,Mohamed Salah,FW,102.67,42.28,89.83,35.94,Z085,15.29,26.74,1,0,central,penalty_area,left_foot,normal,open_play,0,0,0.5,1,0,0.132,1,1,1
SYN_SHOT_001953,synthetic_modelled_not_official_event_data,2024-25,Liverpool,Premier League,LIV_PL_2024_25_05,5,2024-09-22,Brighton,home,39,29,drawing,Luis Díaz,FW,113.1,35.02,98.96,29.77,Z092,7.37,47.17,1,0,central,six_yard_box,left_foot,power,open_play,0,0,3.15,0,0,0.5065,1,0,0
SYN_SHOT_001954,synthetic_modelled_not_official_event_data,2024-25,Liverpool,Premier League,LIV_PL_2024_25_12,12,2024-11-08,Manchester City,away,93,5,losing,Cody Gakpo,FW,75.21,27.33,65.81,23.23,Z059,40.64,9.93,0,0,left_half_space,middle_third,left_foot,normal,open_play,0,0,2.8,3,0,0.0008,0,0,0
SYN_SHOT_001955,synthetic_modelled_not_official_event_data,2024-25,Liverpool,Premier League,LIV_PL_2024_25_23,23,2025-01-23,Brentford,home,20,20,winning,Mohamed Salah,FW,112.54,42.08,98.47,35.77,Z093,6.76,55.9,1,0,central,six_yard_box,left_foot,normal,open_play,0,0,2.25,1,0,0.5129,1,0,0
SYN_SHOT_001956,synthetic_modelled_not_official_event_data,2024-25,Liverpool,Premier League,LIV_PL_2024_25_14,14,2024-11-23,Newcastle United,away,64,33,winning,Mohamed Salah,FW,95.27,24.53,83.37,20.85,Z075,25.32,14.16,0,0,left_half_space,final_third_outside_box,left_foot,normal,open_play,0,0,2.78,2,0,0.0105,0,0,0
SYN_SHOT_001957,synthetic_modelled_not_official_event_data,2024-25,Liverpool,Premier League,LIV_PL_2024_25_15,15,2024-11-27,Nottingham Forest,home,1,35,winning,Mohamed Salah,FW,77.94,64.86,68.2,55.13,Z063,42.44,8.57,0,0,right_wing,middle_third,left_foot,normal,counter_attack,0,0,4.46,1,0,0.0021,0,0,0
SYN_SHOT_001958,synthetic_modelled_not_official_event_data,2024-25,Liverpool,Premier League,LIV_PL_2024_25_37,37,2025-05-03,West Ham United,home,71,22,drawing,Luis Díaz,FW,111.69,37.69,97.73,32.04,Z092,7.53,50.88,1,0,central,six_yard_box,right_foot,volley,open_play,0,0,8.46,0,0,0.5323,1,1,1
SYN_SHOT_001959,synthetic_modelled_not_official_event_data,2024-25,Liverpool,Premier League,LIV_PL_2024_25_07,7,2024-10-02,Crystal Palace,home,44,36,losing,Luis Díaz,FW,90.68,38.89,79.35,33.06,Z076,25.67,16.22,0,0,central,final_third_outside_box,right_foot,normal,open_play,1,0,0.5,4,0,0.005,0,0,0
SYN_SHOT_001960,synthetic_modelled_not_official_event_data,2024-25,Liverpool,Premier League,LIV_PL_2024_25_11,11,2024-11-01,Leicester City,home,39,23,drawing,Diogo Jota,FW,114.22,32.57,99.94,27.68,Z092,8.09,35.41,1,1,central,six_yard_box,left_foot,volley,high_press_recovery,0,1,3.59,3,1,0.8479,1,0,0
SYN_SHOT_001961,synthetic_modelled_not_official_event_data,2024-25,Liverpool,Premier League,LIV_PL_2024_25_02,2,2024-08-30,Aston Villa,away,91,58,losing,Mohamed Salah,FW,101.48,21.49,88.79,18.27,Z083,22.59,13.43,1,0,left_half_space,penalty_area,right_foot,half_volley,open_play,0,0,1.42,1,0,0.032,1,0,0
SYN_SHOT_001962,synthetic_modelled_not_official_event_data,2024-25,Liverpool,Premier League,LIV_PL_2024_25_05,5,2024-09-18,Brighton,home,49,5,winning,Luis Díaz,FW,99.78,45.98,87.31,39.08,Z077,18.41,21.7,0,0,central,final_third_outside_box,right_foot,normal,counter_attack,0,0,3.36,1,0,0.0509,0,0,0
SYN_SHOT_001963,synthetic_modelled_not_official_event_data,2024-25,Liverpool,Premier League,LIV_PL_2024_25_06,6,2024-09-26,Chelsea,away,49,53,winning,Mohamed Salah,FW,119.5,30.39,104.56,25.83,Z092,8.18,3.42,1,1,central,six_yard_box,left_foot,normal,high_press_recovery,0,0,3.17,2,0,0.3826,1,0,0
SYN_SHOT_001964,synthetic_modelled_not_official_event_data,2024-25,Liverpool,Premier League,LIV_PL_2024_25_15,15,2024-11-29,Nottingham Forest,home,82,23,drawing,Mohamed Salah,FW,106.19,28.5,92.92,24.23,Z083,15.54,21.19,1,0,left_half_space,penalty_area,right_foot,normal,open_play,0,0,6.63,1,0,0.1147,1,0,0
SYN_SHOT_001965,synthetic_modelled_not_official_event_data,2024-25,Liverpool,Premier League,LIV_PL_2024_25_24,24,2025-01-30,Brighton,away,83,7,winning,Mohamed Salah,FW,111.6,54.42,97.65,46.25,Z094,14.29,15.75,1,0,right_half_space,penalty_area,right_foot,volley,open_play,0,0,0.79,1,0,0.0849,0,0,0
SYN_SHOT_001966,synthetic_modelled_not_official_event_data,2024-25,Liverpool,Premier League,LIV_PL_2024_25_14,14,2024-11-23,Newcastle United,away,66,56,winning,Dominik Szoboszlai,MF,74.88,60.08,65.52,51.06,Z063,43.01,8.94,0,0,right_wing,middle_third,right_foot,half_volley,free_kick_indirect,0,0,3.78,3,0,0.0008,0,0,0
SYN_SHOT_001967,synthetic_modelled_not_official_event_data,2024-25,Liverpool,Premier League,LIV_PL_2024_25_11,11,2024-11-03,Leicester City,home,68,23,drawing,Cody Gakpo,FW,107.5,40.28,94.06,34.24,Z085,10.94,36.99,1,0,central,penalty_area,left_foot,power,free_kick_indirect,1,0,1.31,0,0,0.2096,1,1,1
SYN_SHOT_001968,synthetic_modelled_not_official_event_data,2024-25,Liverpool,Premier League,LIV_PL_2024_25_27,27,2025-02-19,Everton,home,17,58,winning,Kieran Morrison,MF,97.62,72.45,85.42,61.58,Z080,33.82,7.22,0,0,right_wing,final_third_outside_box,head,normal,counter_attack,0,0,4.4,1,0,0.0025,0,0,0
SYN_SHOT_001969,synthetic_modelled_not_official_event_data,2024-25,Liverpool,Premier League,LIV_PL_2024_25_11,11,2024-10-30,Leicester City,home,1,25,winning,Mohamed Salah,FW,107.96,34.43,94.47,29.27,Z084,11.55,32.73,1,0,central,penalty_area,head,chip,free_kick_indirect,1,0,3.46,4,0,0.0991,0,0,0
SYN_SHOT_001970,synthetic_modelled_not_official_event_data,2024-25,Liverpool,Premier League,LIV_PL_2024_25_36,36,2025-04-23,Tottenham Hotspur,away,10,7,winning,Luis Díaz,FW,96.62,49.11,84.55,41.74,Z077,21.87,17.85,0,0,central,final_third_outside_box,right_foot,volley,open_play,0,0,0.62,3,0,0.009,0,0,0
SYN_SHOT_001971,synthetic_modelled_not_official_event_data,2024-25,Liverpool,Premier League,LIV_PL_2024_25_15,15,2024-11-28,Nottingham Forest,home,38,57,drawing,Mohamed Salah,FW,91.9,5.74,80.41,4.88,Z073,38.11,7.13,0,0,left_wing,final_third_outside_box,right_foot,normal,open_play,0,0,4.68,1,0,0.0026,0,0,0
SYN_SHOT_001972,synthetic_modelled_not_official_event_data,2024-25,Liverpool,Premier League,LIV_PL_2024_25_03,3,2024-09-05,Bournemouth,home,55,58,drawing,Mohamed Salah,FW,98.73,33.27,86.39,28.28,Z076,19.47,20.43,0,0,central,final_third_outside_box,left_foot,normal,open_play,0,0,3.12,3,0,0.0274,0,0,0
SYN_SHOT_001973,synthetic_modelled_not_official_event_data,2024-25,Liverpool,Premier League,LIV_PL_2024_25_35,35,2025-04-18,Southampton,home,86,1,losing,Luis Díaz,FW,100.05,2.31,87.54,1.97,Z081,36.48,5.54,0,0,left_wing,wide_final_third,left_foot,first_time,open_play,0,0,4.09,1,0,0.0024,0,0,0
SYN_SHOT_001974,synthetic_modelled_not_official_event_data,2024-25,Liverpool,Premier League,LIV_PL_2024_25_09,9,2024-10-19,Fulham,home,28,36,losing,Curtis Jones,MF,101.26,50.68,88.6,43.08,Z086,18.75,19.55,1,0,right_half_space,penalty_area,right_foot,placed,open_play,0,0,3.42,2,0,0.0539,0,0,0
SYN_SHOT_001975,synthetic_modelled_not_official_event_data,2024-25,Liverpool,Premier League,LIV_PL_2024_25_27,27,2025-02-23,Everton,home,72,38,winning,Mohamed Salah,FW,81.07,24.13,70.94,20.51,Z067,36.64,10.63,0,0,left_half_space,final_third_outside_box,right_foot,normal,open_play,0,0,2.13,1,0,0.0026,0,0,0
SYN_SHOT_001976,synthetic_modelled_not_official_event_data,2024-25,Liverpool,Premier League,LIV_PL_2024_25_36,36,2025-04-24,Tottenham Hotspur,away,85,55,winning,Cody Gakpo,FW,105.55,48.22,92.36,40.99,Z085,14.44,25.36,1,0,central,penalty_area,right_foot,volley,counter_attack,1,0,2.57,1,0,0.0862,0,0,0
SYN_SHOT_001977,synthetic_modelled_not_official_event_data,2024-25,Liverpool,Premier League,LIV_PL_2024_25_12,12,2024-11-06,Manchester City,away,65,40,drawing,Mohamed Salah,FW,78.36,25.89,68.56,22.01,Z059,38.36,10.37,0,0,left_half_space,middle_third,left_foot,normal,high_press_recovery,0,0,2.88,1,0,0.0024,0,0,0
SYN_SHOT_001978,synthetic_modelled_not_official_event_data,2024-25,Liverpool,Premier League,LIV_PL_2024_25_35,35,2025-04-16,Southampton,home,74,47,drawing,Luis Díaz,FW,104.52,39.58,91.46,33.64,Z084,13.55,30.22,1,0,central,penalty_area,right_foot,placed,free_kick_indirect,1,1,5.33,1,1,0.392,1,1,1
SYN_SHOT_001979,synthetic_modelled_not_official_event_data,2024-25,Liverpool,Premier League,LIV_PL_2024_25_32,32,2025-03-27,Manchester United,away,19,41,winning,Mohamed Salah,FW,96.47,57.45,84.41,48.83,Z078,25.38,13.44,0,0,right_half_space,final_third_outside_box,left_foot,normal,direct_free_kick,1,0,3.5,2,0,0.0076,0,0,0
SYN_SHOT_001980,synthetic_modelled_not_official_event_data,2024-25,Liverpool,Premier League,LIV_PL_2024_25_29,29,2025-03-07,Ipswich Town,home,20,6,winning,Luis Díaz,FW,105.11,31.7,91.97,26.94,Z084,14.82,24.83,1,0,central,penalty_area,right_foot,normal,high_press_recovery,0,0,3.1,2,0,0.1288,0,0,0
SYN_SHOT_001981,synthetic_modelled_not_official_event_data,2024-25,Liverpool,Premier League,LIV_PL_2024_25_18,18,2024-12-19,West Ham United,away,95,55,losing,Darwin Núñez,FW,101.33,38.79,88.66,32.97,Z084,16.37,25.17,1,0,central,penalty_area,head,placed,open_play,1,0,4.46,1,0,0.0553,1,1,1
SYN_SHOT_001982,synthetic_modelled_not_official_event_data,2024-25,Liverpool,Premier League,LIV_PL_2024_25_31,31,2025-03-21,Manchester City,home,20,16,winning,Harvey Elliott,MF,88.41,10.89,77.36,9.26,Z066,37.09,8.45,0,0,left_wing,final_third_outside_box,right_foot,power,counter_attack,0,0,3.08,1,0,0.0028,1,0,0
SYN_SHOT_001983,synthetic_modelled_not_official_event_data,2024-25,Liverpool,Premier League,LIV_PL_2024_25_34,34,2025-04-10,Nottingham Forest,away,51,47,drawing,Trent Kone-Doherty,FW,111.63,47.6,97.67,40.46,Z093,9.77,33.19,1,0,central,six_yard_box,head,normal,counter_attack,1,0,3.91,0,0,0.192,0,0,0
SYN_SHOT_001984,synthetic_modelled_not_official_event_data,2024-25,Liverpool,Premier League,LIV_PL_2024_25_10,10,2024-10-26,Ipswich Town,away,23,18,winning,Mohamed Salah,FW,110.7,34.81,96.86,29.59,Z092,9.26,39.48,1,0,central,six_yard_box,right_foot,normal,counter_attack,0,0,2.61,0,0,0.4322,1,0,0
SYN_SHOT_001985,synthetic_modelled_not_official_event_data,2024-25,Liverpool,Premier League,LIV_PL_2024_25_12,12,2024-11-08,Manchester City,away,70,16,drawing,Cody Gakpo,FW,96.79,19.59,84.69,16.65,Z074,26.71,11.99,0,0,left_wing,final_third_outside_box,left_foot,placed,counter_attack,1,1,5.15,1,1,0.0336,1,0,0
SYN_SHOT_001986,synthetic_modelled_not_official_event_data,2024-25,Liverpool,Premier League,LIV_PL_2024_25_02,2,2024-08-28,Aston Villa,away,32,31,drawing,Diogo Jota,FW,100.85,55.29,88.24,47.0,Z086,21.21,15.7,0,0,right_half_space,penalty_area,right_foot,normal,open_play,1,0,1.97,2,0,0.0117,0,0,0
SYN_SHOT_001987,synthetic_modelled_not_official_event_data,2024-25,Liverpool,Premier League,LIV_PL_2024_25_07,7,2024-10-06,Crystal Palace,home,34,16,winning,Cody Gakpo,FW,104.73,18.82,91.64,16.0,Z082,22.42,11.3,1,0,left_wing,wide_final_third,right_foot,chip,counter_attack,1,1,4.73,3,1,0.0767,0,0,0
SYN_SHOT_001988,synthetic_modelled_not_official_event_data,2024-25,Liverpool,Premier League,LIV_PL_2024_25_12,12,2024-11-10,Manchester City,away,10,20,losing,Mohamed Salah,FW,102.14,40.0,89.37,34.0,Z085,15.63,26.36,1,0,central,penalty_area,left_foot,normal,open_play,1,0,1.91,0,0,0.1157,0,0,0
SYN_SHOT_001989,synthetic_modelled_not_official_event_data,2024-25,Liverpool,Premier League,LIV_PL_2024_25_29,29,2025-03-08,Ipswich Town,home,66,52,winning,Luis Díaz,FW,119.5,22.21,104.56,18.88,Z091,15.12,0.85,1,0,left_half_space,penalty_area,right_foot,normal,open_play,0,0,2.67,0,0,0.0506,0,0,0
SYN_SHOT_001990,synthetic_modelled_not_official_event_data,2024-25,Liverpool,Premier League,LIV_PL_2024_25_33,33,2025-04-04,Newcastle United,home,4,36,winning,Andy Robertson,DF,114.36,48.23,100.07,40.99,Z093,8.56,31.1,1,1,central,six_yard_box,left_foot,normal,corner,1,0,2.09,2,0,0.2375,1,1,1
SYN_SHOT_001991,synthetic_modelled_not_official_event_data,2024-25,Liverpool,Premier League,LIV_PL_2024_25_04,4,2024-09-13,Brentford,away,16,44,drawing,Luis Díaz,FW,92.36,18.4,80.81,15.64,Z074,30.37,11.02,0,0,left_wing,final_third_outside_box,left_foot,normal,free_kick_indirect,0,0,0.5,0,0,0.0055,0,0,0
SYN_SHOT_001992,synthetic_modelled_not_official_event_data,2024-25,Liverpool,Premier League,LIV_PL_2024_25_16,16,2024-12-08,Southampton,away,8,56,drawing,Diogo Jota,FW,105.51,46.56,92.32,39.57,Z085,13.85,27.48,1,0,central,penalty_area,right_foot,half_volley,counter_attack,1,1,7.17,1,1,0.4618,1,0,0
SYN_SHOT_001993,synthetic_modelled_not_official_event_data,2024-25,Liverpool,Premier League,LIV_PL_2024_25_27,27,2025-02-20,Everton,home,31,1,winning,Mohamed Salah,FW,101.56,22.58,88.86,19.19,Z083,21.9,14.21,1,0,left_half_space,penalty_area,head,normal,open_play,0,0,2.59,2,0,0.0229,0,0,0
SYN_SHOT_001994,synthetic_modelled_not_official_event_data,2024-25,Liverpool,Premier League,LIV_PL_2024_25_09,9,2024-10-20,Fulham,home,58,27,drawing,Luis Díaz,FW,110.32,77.44,96.53,65.82,Z096,32.93,3.31,0,0,right_wing,wide_final_third,left_foot,normal,counter_attack,0,0,4.02,1,0,0.0043,0,0,0
SYN_SHOT_001995,synthetic_modelled_not_official_event_data,2024-25,Liverpool,Premier League,LIV_PL_2024_25_08,8,2024-10-12,Everton,away,12,31,winning,Ibrahima Konaté,DF,108.46,17.98,94.9,15.28,Z082,21.27,9.56,1,0,left_wing,wide_final_third,right_foot,normal,corner,0,0,2.3,4,0,0.0101,1,1,1
SYN_SHOT_001996,synthetic_modelled_not_official_event_data,2024-25,Liverpool,Premier League,LIV_PL_2024_25_09,9,2024-10-19,Fulham,home,50,51,losing,Wataru Endo,MF,90.54,26.13,79.22,22.21,Z075,28.35,13.43,0,0,left_half_space,final_third_outside_box,left_foot,volley,open_play,1,0,4.56,3,0,0.0031,0,0,0
SYN_SHOT_001997,synthetic_modelled_not_official_event_data,2024-25,Liverpool,Premier League,LIV_PL_2024_25_36,36,2025-04-23,Tottenham Hotspur,away,30,51,winning,Luis Díaz,FW,86.05,62.07,75.29,52.76,Z071,35.14,10.1,0,0,right_wing,final_third_outside_box,right_foot,normal,counter_attack,0,1,5.36,2,1,0.0166,1,0,0
SYN_SHOT_001998,synthetic_modelled_not_official_event_data,2024-25,Liverpool,Premier League,LIV_PL_2024_25_31,31,2025-03-20,Manchester City,home,51,1,drawing,Cody Gakpo,FW,90.93,15.06,79.56,12.8,Z074,33.11,9.75,0,0,left_wing,final_third_outside_box,left_foot,first_time,open_play,1,0,4.22,0,0,0.0038,0,0,0
SYN_SHOT_001999,synthetic_modelled_not_official_event_data,2024-25,Liverpool,Premier League,LIV_PL_2024_25_14,14,2024-11-21,Newcastle United,away,14,7,losing,Dominik Szoboszlai,MF,104.02,45.24,91.02,38.45,Z085,14.67,26.88,1,0,central,penalty_area,head,normal,open_play,0,0,2.53,4,0,0.0471,1,0,0
SYN_SHOT_002000,synthetic_modelled_not_official_event_data,2024-25,Liverpool,Premier League,LIV_PL_2024_25_24,24,2025-01-30,Brighton,away,81,15,losing,Luis Díaz,FW,96.44,57.49,84.39,48.87,Z078,25.41,13.42,0,0,right_half_space,final_third_outside_box,left_foot,normal,high_press_recovery,0,1,7.84,1,1,0.0496,0,0,0
SYN_SHOT_002001,synthetic_modelled_not_official_event_data,2024-25,Liverpool,Premier League,LIV_PL_2024_25_38,38,2025-05-08,Wolverhampton Wanderers,away,92,53,drawing,Mohamed Salah,FW,110.01,9.27,96.26,7.88,Z089,27.54,4.91,0,0,left_wing,wide_final_third,right_foot,normal,open_play,0,0,0.77,2,0,0.006,0,0,0
SYN_SHOT_002002,synthetic_modelled_not_official_event_data,2024-25,Liverpool,Premier League,LIV_PL_2024_25_17,17,2024-12-11,Tottenham Hotspur,home,7,56,drawing,Darwin Núñez,FW,101.93,48.12,89.19,40.91,Z085,17.25,22.15,1,0,central,penalty_area,left_foot,first_time,open_play,0,0,2.48,1,0,0.0579,1,0,0
SYN_SHOT_002003,synthetic_modelled_not_official_event_data,2024-25,Liverpool,Premier League,LIV_PL_2024_25_03,3,2024-09-05,Bournemouth,home,31,46,drawing,Alexis Mac Allister,MF,105.58,23.94,92.38,20.35,Z083,18.58,15.54,1,0,left_half_space,penalty_area,left_foot,normal,free_kick_indirect,0,0,3.03,0,0,0.0661,0,0,0
SYN_SHOT_002004,synthetic_modelled_not_official_event_data,2024-25,Liverpool,Premier League,LIV_PL_2024_25_04,4,2024-09-11,Brentford,away,48,43,winning,Alexis Mac Allister,MF,87.22,79.0,76.32,67.15,Z072,43.83,6.28,0,0,right_wing,final_third_outside_box,right_foot,normal,open_play,0,0,3.26,1,0,0.001,0,0,0
SYN_SHOT_002005,synthetic_modelled_not_official_event_data,2024-25,Liverpool,Premier League,LIV_PL_2024_25_37,37,2025-05-03,West Ham United,home,65,16,drawing,James Norris,DF,117.58,31.14,102.89,26.47,Z092,7.82,17.95,1,1,central,six_yard_box,right_foot,power,corner,0,0,4.27,0,1,0.5345,1,0,0
SYN_SHOT_002006,synthetic_modelled_not_official_event_data,2024-25,Liverpool,Premier League,LIV_PL_2024_25_18,18,2024-12-22,West Ham United,away,79,10,winning,Mohamed Salah,FW,104.17,32.17,91.15,27.34,Z084,15.37,24.47,1,0,central,penalty_area,left_foot,normal,open_play,0,0,2.22,4,0,0.0819,0,0,0
SYN_SHOT_002007,synthetic_modelled_not_official_event_data,2024-25,Liverpool,Premier League,LIV_PL_2024_25_08,8,2024-10-13,Everton,away,37,33,drawing,Luis Díaz,FW,99.19,57.7,86.79,49.05,Z078,23.62,13.75,0,0,right_half_space,final_third_outside_box,right_foot,normal,counter_attack,0,0,6.36,3,0,0.0111,0,0,0
SYN_SHOT_002008,synthetic_modelled_not_official_event_data,2024-25,Liverpool,Premier League,LIV_PL_2024_25_05,5,2024-09-21,Brighton,home,65,2,winning,Luis Díaz,FW,119.5,21.59,104.56,18.35,Z091,15.66,0.79,1,0,left_half_space,penalty_area,right_foot,normal,open_play,1,0,1.22,4,0,0.0172,1,0,0
SYN_SHOT_002009,synthetic_modelled_not_official_event_data,2024-25,Liverpool,Premier League,LIV_PL_2024_25_06,6,2024-09-25,Chelsea,away,90,6,drawing,Mohamed Salah,FW,111.53,18.34,97.59,15.59,Z090,19.85,8.11,1,0,left_wing,wide_final_third,right_foot,curled,corner,0,0,3.01,1,0,0.035,0,0,0
SYN_SHOT_002010,synthetic_modelled_not_official_event_data,2024-25,Liverpool,Premier League,LIV_PL_2024_25_24,24,2025-02-02,Brighton,away,42,5,winning,Mohamed Salah,FW,106.89,45.44,93.53,38.63,Z085,12.37,31.03,1,0,central,penalty_area,left_foot,normal,free_kick_indirect,0,0,2.64,3,0,0.135,0,0,0
SYN_SHOT_002011,synthetic_modelled_not_official_event_data,2024-25,Liverpool,Premier League,LIV_PL_2024_25_17,17,2024-12-12,Tottenham Hotspur,home,44,55,winning,Cody Gakpo,FW,103.9,1.0,90.91,0.85,Z081,36.02,4.59,0,0,left_wing,wide_final_third,left_foot,normal,open_play,0,0,1.68,1,0,0.0019,0,0,0
SYN_SHOT_002012,synthetic_modelled_not_official_event_data,2024-25,Liverpool,Premier League,LIV_PL_2024_25_26,26,2025-02-12,Crystal Palace,away,22,46,drawing,Federico Chiesa,FW,101.26,62.81,88.6,53.39,Z087,25.39,10.76,1,0,right_wing,wide_final_third,right_foot,normal,counter_attack,0,0,5.09,0,0,0.035,0,0,0
SYN_SHOT_002013,synthetic_modelled_not_official_event_data,2024-25,Liverpool,Premier League,LIV_PL_2024_25_36,36,2025-04-24,Tottenham Hotspur,away,24,19,winning,Cody Gakpo,FW,105.14,46.64,92.0,39.65,Z085,14.18,26.9,1,0,central,penalty_area,right_foot,normal,counter_attack,0,0,4.16,0,0,0.2442,0,0,0
SYN_SHOT_002014,synthetic_modelled_not_official_event_data,2024-25,Liverpool,Premier League,LIV_PL_2024_25_04,4,2024-09-12,Brentford,away,95,50,winning,Cody Gakpo,FW,92.16,44.05,80.64,37.44,Z077,24.6,16.76,0,0,central,final_third_outside_box,right_foot,volley,open_play,0,0,2.93,2,0,0.0132,1,0,0
SYN_SHOT_002015,synthetic_modelled_not_official_event_data,2024-25,Liverpool,Premier League,LIV_PL_2024_25_22,22,2025-01-19,Bournemouth,away,34,4,drawing,Alexis Mac Allister,MF,112.18,46.27,98.16,39.33,Z093,8.67,39.0,1,0,central,six_yard_box,left_foot,normal,open_play,0,0,5.93,0,0,0.3797,1,0,0
SYN_SHOT_002016,synthetic_modelled_not_official_event_data,2024-25,Liverpool,Premier League,LIV_PL_2024_25_35,35,2025-04-19,Southampton,home,28,35,drawing,Mohamed Salah,FW,97.48,36.87,85.29,31.34,Z076,19.89,20.69,0,0,central,final_third_outside_box,right_foot,power,open_play,0,0,0.69,1,0,0.0305,1,0,0
SYN_SHOT_002017,synthetic_modelled_not_official_event_data,2024-25,Liverpool,Premier League,LIV_PL_2024_25_30,30,2025-03-15,Leicester City,away,82,1,losing,Mohamed Salah,FW,110.06,19.97,96.3,16.98,Z090,19.12,10.25,1,0,left_wing,wide_final_third,left_foot,half_volley,open_play,0,0,0.5,1,0,0.0426,0,0,0
SYN_SHOT_002018,synthetic_modelled_not_official_event_data,2024-25,Liverpool,Premier League,LIV_PL_2024_25_19,19,2024-12-28,Wolverhampton Wanderers,home,48,0,winning,Cody Gakpo,FW,113.79,31.87,99.56,27.09,Z092,8.79,31.9,1,1,central,six_yard_box,right_foot,normal,open_play,1,0,0.5,0,1,0.5994,1,1,1
SYN_SHOT_002019,synthetic_modelled_not_official_event_data,2024-25,Liverpool,Premier League,LIV_PL_2024_25_28,28,2025-03-02,Fulham,away,62,4,losing,Curtis Jones,MF,107.65,33.07,94.2,28.11,Z084,12.3,29.82,1,0,central,penalty_area,right_foot,half_volley,counter_attack,0,0,3.0,1,0,0.1695,0,0,0
SYN_SHOT_002020,synthetic_modelled_not_official_event_data,2024-25,Liverpool,Premier League,LIV_PL_2024_25_25,25,2025-02-08,Chelsea,home,34,43,losing,Mohamed Salah,FW,108.84,33.64,95.23,28.6,Z084,11.16,32.73,1,0,central,penalty_area,left_foot,first_time,free_kick_indirect,1,0,1.91,1,0,0.1733,1,0,0
SYN_SHOT_002021,synthetic_modelled_not_official_event_data,2024-25,Liverpool,Premier League,LIV_PL_2024_25_29,29,2025-03-09,Ipswich Town,home,9,5,winning,Mohamed Salah,FW,117.5,32.98,102.81,28.03,Z092,6.36,30.63,1,1,central,six_yard_box,left_foot,first_time,counter_attack,1,0,4.59,2,0,0.6505,1,1,1
SYN_SHOT_002022,synthetic_modelled_not_official_event_data,2024-25,Liverpool,Premier League,LIV_PL_2024_25_30,30,2025-03-13,Leicester City,away,76,24,losing,Ryan Gravenberch,MF,86.57,31.81,75.75,27.03,Z068,30.07,13.52,0,0,central,final_third_outside_box,right_foot,normal,high_press_recovery,0,0,1.84,2,0,0.0049,0,0,0
SYN_SHOT_002023,synthetic_modelled_not_official_event_data,2024-25,Liverpool,Premier League,LIV_PL_2024_25_23,23,2025-01-25,Brentford,home,50,4,drawing,Mohamed Salah,FW,107.81,48.61,94.33,41.32,Z085,12.94,26.9,1,0,central,penalty_area,left_foot,curled,counter_attack,1,0,3.94,0,0,0.1967,0,0,0
SYN_SHOT_002024,synthetic_modelled_not_official_event_data,2024-25,Liverpool,Premier League,LIV_PL_2024_25_06,6,2024-09-25,Chelsea,away,53,50,drawing,Ryan Gravenberch,MF,108.18,26.17,94.66,22.24,Z083,15.66,18.08,1,0,left_half_space,penalty_area,right_foot,normal,open_play,0,0,0.81,3,0,0.0353,0,0,0
SYN_SHOT_002025,synthetic_modelled_not_official_event_data,2024-25,Liverpool,Premier League,LIV_PL_2024_25_24,24,2025-01-29,Brighton,away,84,41,drawing,Mohamed Salah,FW,94.25,48.41,82.47,41.14,Z077,23.64,16.83,0,0,central,final_third_outside_box,right_foot,normal,throw_in,0,0,5.34,2,0,0.0186,1,0,0
SYN_SHOT_002026,synthetic_modelled_not_official_event_data,2024-25,Liverpool,Premier League,LIV_PL_2024_25_05,5,2024-09-21,Brighton,home,3,15,winning,Dominik Szoboszlai,MF,111.67,6.31,97.71,5.36,Z089,29.55,3.55,0,0,left_wing,wide_final_third,right_foot,normal,free_kick_indirect,1,0,4.06,3,0,0.0022,0,0,0
SYN_SHOT_002027,synthetic_modelled_not_official_event_data,2024-25,Liverpool,Premier League,LIV_PL_2024_25_10,10,2024-10-25,Ipswich Town,away,2,24,drawing,Dominik Szoboszlai,MF,103.67,50.75,90.71,43.14,Z086,16.96,20.87,1,0,right_half_space,penalty_area,head,normal,open_play,0,0,4.62,1,0,0.0489,1,0,0
SYN_SHOT_002028,synthetic_modelled_not_official_event_data,2024-25,Liverpool,Premier League,LIV_PL_2024_25_01,1,2024-08-24,Arsenal,home,81,42,losing,Mohamed Salah,FW,111.11,39.54,97.22,33.61,Z092,7.79,50.32,1,0,central,six_yard_box,left_foot,normal,open_play,0,0,2.66,2,0,0.4382,1,1,1
SYN_SHOT_002029,synthetic_modelled_not_official_event_data,2024-25,Liverpool,Premier League,LIV_PL_2024_25_01,1,2024-08-25,Arsenal,home,54,11,drawing,Mohamed Salah,FW,118.44,48.47,103.63,41.2,Z093,7.33,13.94,1,1,central,six_yard_box,left_foot,normal,open_play,0,0,0.5,1,1,0.5654,1,0,0
SYN_SHOT_002030,synthetic_modelled_not_official_event_data,2024-25,Liverpool,Premier League,LIV_PL_2024_25_32,32,2025-03-26,Manchester United,away,50,57,winning,Luis Díaz,FW,103.57,54.01,90.63,45.9,Z086,18.66,17.44,1,0,right_half_space,penalty_area,right_foot,power,open_play,0,0,5.03,1,0,0.0603,1,0,0
SYN_SHOT_002031,synthetic_modelled_not_official_event_data,2024-25,Liverpool,Premier League,LIV_PL_2024_25_22,22,2025-01-15,Bournemouth,away,33,47,losing,Diogo Jota,FW,94.0,19.62,82.25,16.68,Z074,28.6,11.7,0,0,left_wing,final_third_outside_box,right_foot,volley,open_play,0,0,3.4,2,0,0.0084,0,0,0
SYN_SHOT_002032,synthetic_modelled_not_official_event_data,2024-25,Liverpool,Premier League,LIV_PL_2024_25_27,27,2025-02-21,Everton,home,46,41,winning,Darwin Núñez,FW,108.0,24.92,94.5,21.18,Z083,16.57,16.4,1,0,left_half_space,penalty_area,left_foot,normal,open_play,0,0,5.01,1,0,0.0692,1,1,1
SYN_SHOT_002033,synthetic_modelled_not_official_event_data,2024-25,Liverpool,Premier League,LIV_PL_2024_25_13,13,2024-11-14,Manchester United,home,11,31,drawing,Diogo Jota,FW,95.27,42.4,83.36,36.04,Z077,21.73,19.04,0,0,central,final_third_outside_box,right_foot,normal,open_play,0,0,2.87,1,0,0.0222,0,0,0
SYN_SHOT_002034,synthetic_modelled_not_official_event_data,2024-25,Liverpool,Premier League,LIV_PL_2024_25_08,8,2024-10-13,Everton,away,66,55,drawing,Mohamed Salah,FW,108.39,22.48,94.84,19.11,Z083,18.02,13.43,1,0,left_half_space,penalty_area,left_foot,first_time,open_play,0,0,3.05,3,0,0.0459,0,0,0
SYN_SHOT_002035,synthetic_modelled_not_official_event_data,2024-25,Liverpool,Premier League,LIV_PL_2024_25_29,29,2025-03-08,Ipswich Town,home,7,8,winning,Luis Díaz,FW,100.33,2.52,87.79,2.14,Z081,36.21,5.54,0,0,left_wing,wide_final_third,left_foot,normal,counter_attack,0,0,2.03,2,0,0.0023,0,0,0
SYN_SHOT_002036,synthetic_modelled_not_official_event_data,2024-25,Liverpool,Premier League,LIV_PL_2024_25_11,11,2024-11-02,Leicester City,home,62,57,losing,Dominik Szoboszlai,MF,91.01,49.26,79.63,41.87,Z077,26.56,15.02,0,0,central,final_third_outside_box,right_foot,placed,open_play,1,0,4.75,2,0,0.0069,1,0,0
SYN_SHOT_002037,synthetic_modelled_not_official_event_data,2024-25,Liverpool,Premier League,LIV_PL_2024_25_01,1,2024-08-21,Arsenal,home,79,45,drawing,Mohamed Salah,FW,116.69,55.74,102.1,47.38,Z094,13.69,6.95,1,0,right_half_space,penalty_area,right_foot,normal,open_play,1,0,2.47,3,0,0.0324,0,0,0
SYN_SHOT_002038,synthetic_modelled_not_official_event_data,2024-25,Liverpool,Premier League,LIV_PL_2024_25_31,31,2025-03-23,Manchester City,home,50,12,winning,Luis Díaz,FW,119.5,52.09,104.56,44.28,Z094,10.29,1.98,1,0,right_half_space,penalty_area,head,normal,high_press_recovery,0,0,6.29,5,0,0.0457,1,0,0
SYN_SHOT_002039,synthetic_modelled_not_official_event_data,2024-25,Liverpool,Premier League,LIV_PL_2024_25_02,2,2024-09-01,Aston Villa,away,22,36,drawing,Mohamed Salah,FW,117.84,35.2,103.11,29.92,Z092,4.5,63.74,1,1,central,six_yard_box,right_foot,normal,free_kick_indirect,0,0,2.38,0,1,0.9381,1,1,1
SYN_SHOT_002040,synthetic_modelled_not_official_event_data,2024-25,Liverpool,Premier League,LIV_PL_2024_25_30,30,2025-03-16,Leicester City,away,73,16,losing,Darwin Núñez,FW,97.02,42.7,84.9,36.29,Z077,20.23,20.38,0,0,central,final_third_outside_box,head,normal,open_play,1,0,1.04,1,0,0.0101,0,0,0
SYN_SHOT_002041,synthetic_modelled_not_official_event_data,2024-25,Liverpool,Premier League,LIV_PL_2024_25_04,4,2024-09-14,Brentford,away,82,53,losing,Diogo Jota,FW,88.97,7.38,77.85,6.27,Z065,38.81,7.58,0,0,left_wing,final_third_outside_box,left_foot,normal,counter_attack,1,1,2.47,4,1,0.004,1,0,0
SYN_SHOT_002042,synthetic_modelled_not_official_event_data,2024-25,Liverpool,Premier League,LIV_PL_2024_25_17,17,2024-12-14,Tottenham Hotspur,home,20,47,losing,Federico Chiesa,FW,109.57,40.08,95.87,34.07,Z085,9.13,43.7,1,0,central,penalty_area,left_foot,first_time,open_play,0,0,4.58,1,0,0.3499,1,0,0
SYN_SHOT_002043,synthetic_modelled_not_official_event_data,2024-25,Liverpool,Premier League,LIV_PL_2024_25_04,4,2024-09-13,Brentford,away,47,22,winning,Darwin Núñez,FW,86.45,41.46,75.64,35.24,Z069,29.38,14.19,0,0,central,final_third_outside_box,right_foot,first_time,open_play,0,0,0.5,2,0,0.0064,0,0,0
SYN_SHOT_002044,synthetic_modelled_not_official_event_data,2024-25,Liverpool,Premier League,LIV_PL_2024_25_21,21,2025-01-12,Aston Villa,home,27,53,winning,Diogo Jota,FW,119.5,32.92,104.56,27.98,Z092,6.03,7.93,1,1,central,six_yard_box,head,power,counter_attack,0,1,5.76,2,1,0.7606,1,1,1
SYN_SHOT_002045,synthetic_modelled_not_official_event_data,2024-25,Liverpool,Premier League,LIV_PL_2024_25_16,16,2024-12-04,Southampton,away,14,55,losing,Trent Alexander-Arnold,DF,103.88,58.66,90.89,49.86,Z086,21.23,13.29,1,0,right_half_space,penalty_area,right_foot,power,throw_in,0,0,3.79,2,0,0.0252,1,0,0
SYN_SHOT_002046,synthetic_modelled_not_official_event_data,2024-25,Liverpool,Premier League,LIV_PL_2024_25_25,25,2025-02-05,Chelsea,home,12,30,drawing,Darwin Núñez,FW,84.06,46.48,73.55,39.51,Z069,31.93,12.89,0,0,central,final_third_outside_box,right_foot,normal,free_kick_indirect,0,0,3.59,0,0,0.0079,0,0,0
SYN_SHOT_002047,synthetic_modelled_not_official_event_data,2024-25,Liverpool,Premier League,LIV_PL_2024_25_06,6,2024-09-27,Chelsea,away,51,53,winning,Dominik Szoboszlai,MF,101.01,40.31,88.38,34.26,Z085,16.62,24.83,0,0,central,penalty_area,left_foot,normal,open_play,1,0,8.33,2,0,0.0374,1,0,0
SYN_SHOT_002048,synthetic_modelled_not_official_event_data,2024-25,Liverpool,Premier League,LIV_PL_2024_25_35,35,2025-04-20,Southampton,home,33,35,winning,Luis Díaz,FW,102.0,17.58,89.25,14.95,Z082,24.72,10.92,1,0,left_wing,wide_final_third,right_foot,chip,open_play,0,0,3.35,1,0,0.0252,1,0,0
SYN_SHOT_002049,synthetic_modelled_not_official_event_data,2024-25,Liverpool,Premier League,LIV_PL_2024_25_34,34,2025-04-12,Nottingham Forest,away,86,1,winning,Mohamed Salah,FW,98.87,42.34,86.51,35.99,Z077,18.59,22.16,0,0,central,final_third_outside_box,left_foot,normal,direct_free_kick,1,0,3.43,2,0,0.0276,0,0,0
SYN_SHOT_002050,synthetic_modelled_not_official_event_data,2024-25,Liverpool,Premier League,LIV_PL_2024_25_16,16,2024-12-05,Southampton,away,64,13,winning,Darwin Núñez,FW,110.28,73.3,96.5,62.3,Z096,29.55,4.14,0,0,right_wing,wide_final_third,left_foot,curled,counter_attack,1,1,4.36,1,1,0.0172,0,0,0
SYN_SHOT_002051,synthetic_modelled_not_official_event_data,2024-25,Liverpool,Premier League,LIV_PL_2024_25_04,4,2024-09-14,Brentford,away,43,30,drawing,Luis Díaz,FW,102.24,33.33,89.46,28.33,Z084,16.54,23.62,1,0,central,penalty_area,right_foot,first_time,open_play,0,0,3.85,5,0,0.0759,0,0,0
SYN_SHOT_002052,synthetic_modelled_not_official_event_data,2024-25,Liverpool,Premier League,LIV_PL_2024_25_31,31,2025-03-21,Manchester City,home,18,19,winning,Diogo Jota,FW,108.38,28.22,94.84,23.99,Z083,14.27,21.37,1,0,left_half_space,penalty_area,right_foot,volley,open_play,0,0,0.5,0,0,0.1191,0,0,0
SYN_SHOT_002053,synthetic_modelled_not_official_event_data,2024-25,Liverpool,Premier League,LIV_PL_2024_25_16,16,2024-12-08,Southampton,away,63,16,losing,Luis Díaz,FW,94.65,26.22,82.82,22.29,Z075,25.08,14.77,0,0,left_half_space,final_third_outside_box,head,first_time,open_play,0,0,0.79,2,0,0.0056,0,0,0
SYN_SHOT_002054,synthetic_modelled_not_official_event_data,2024-25,Liverpool,Premier League,LIV_PL_2024_25_18,18,2024-12-21,West Ham United,away,11,45,losing,Mohamed Salah,FW,94.16,39.94,82.39,33.95,Z076,22.61,18.39,0,0,central,final_third_outside_box,head,normal,open_play,1,0,1.22,1,0,0.0095,1,0,0
SYN_SHOT_002055,synthetic_modelled_not_official_event_data,2024-25,Liverpool,Premier League,LIV_PL_2024_25_26,26,2025-02-12,Crystal Palace,away,74,31,winning,Diogo Jota,FW,102.35,29.49,89.56,25.06,Z083,17.84,20.34,1,0,left_half_space,penalty_area,right_foot,curled,counter_attack,0,0,1.32,3,0,0.0523,0,0,0
SYN_SHOT_002056,synthetic_modelled_not_official_event_data,2024-25,Liverpool,Premier League,LIV_PL_2024_25_01,1,2024-08-24,Arsenal,home,54,54,winning,Diogo Jota,FW,102.59,42.12,89.76,35.8,Z085,15.34,26.68,1,0,central,penalty_area,right_foot,normal,counter_attack,0,0,5.5,1,0,0.1976,1,1,1
SYN_SHOT_002057,synthetic_modelled_not_official_event_data,2024-25,Liverpool,Premier League,LIV_PL_2024_25_34,34,2025-04-13,Nottingham Forest,away,93,41,losing,Cody Gakpo,FW,114.97,34.27,100.6,29.13,Z092,6.56,47.3,1,1,central,six_yard_box,right_foot,normal,corner,0,0,4.81,2,0,0.6711,1,1,1
SYN_SHOT_002058,synthetic_modelled_not_official_event_data,2024-25,Liverpool,Premier League,LIV_PL_2024_25_06,6,2024-09-27,Chelsea,away,75,26,winning,Trent Kone-Doherty,FW,102.93,49.68,90.07,42.23,Z085,17.05,21.52,1,0,central,penalty_area,right_foot,normal,throw_in,1,0,3.96,2,0,0.0494,0,0,0
SYN_SHOT_002059,synthetic_modelled_not_official_event_data,2024-25,Liverpool,Premier League,LIV_PL_2024_25_06,6,2024-09-28,Chelsea,away,80,44,winning,Mohamed Salah,FW,105.12,3.49,91.98,2.97,Z081,33.65,4.87,0,0,left_wing,wide_final_third,left_foot,normal,open_play,0,0,1.94,0,0,0.0038,0,0,0
SYN_SHOT_002060,synthetic_modelled_not_official_event_data,2024-25,Liverpool,Premier League,LIV_PL_2024_25_03,3,2024-09-05,Bournemouth,home,50,43,winning,Mohamed Salah,FW,116.79,35.05,102.19,29.79,Z092,5.06,59.34,1,1,central,six_yard_box,right_foot,power,counter_attack,0,0,2.25,0,1,0.9405,1,1,1
SYN_SHOT_002061,synthetic_modelled_not_official_event_data,2024-25,Liverpool,Premier League,LIV_PL_2024_25_08,8,2024-10-10,Everton,away,50,46,winning,Mohamed Salah,FW,86.17,22.95,75.4,19.51,Z067,32.96,11.42,0,0,left_half_space,final_third_outside_box,head,normal,open_play,1,0,3.04,6,0,0.0016,0,0,0
SYN_SHOT_002062,synthetic_modelled_not_official_event_data,2024-25,Liverpool,Premier League,LIV_PL_2024_25_13,13,2024-11-16,Manchester United,home,32,7,losing,Cody Gakpo,FW,92.16,36.7,80.64,31.19,Z076,24.52,16.87,0,0,central,final_third_outside_box,head,normal,open_play,1,0,3.33,2,0,0.0082,0,0,0
SYN_SHOT_002063,synthetic_modelled_not_official_event_data,2024-25,Liverpool,Premier League,LIV_PL_2024_25_20,20,2025-01-04,Arsenal,away,80,59,drawing,Mohamed Salah,FW,118.9,55.72,104.04,47.37,Z094,13.4,2.43,1,0,right_half_space,penalty_area,left_foot,normal,free_kick_indirect,0,1,4.06,1,1,0.2667,0,0,0
SYN_SHOT_002064,synthetic_modelled_not_official_event_data,2024-25,Liverpool,Premier League,LIV_PL_2024_25_19,19,2024-12-29,Wolverhampton Wanderers,home,1,44,winning,Darwin Núñez,FW,112.71,28.1,98.62,23.88,Z091,11.96,19.81,1,0,left_half_space,penalty_area,left_foot,first_time,open_play,0,0,8.03,2,0,0.1238,1,0,0
SYN_SHOT_002065,synthetic_modelled_not_official_event_data,2024-25,Liverpool,Premier League,LIV_PL_2024_25_08,8,2024-10-10,Everton,away,17,1,winning,Mohamed Salah,FW,99.18,48.74,86.78,41.43,Z077,19.67,19.64,0,0,central,final_third_outside_box,left_foot,normal,open_play,0,0,0.5,2,0,0.0237,0,0,0
SYN_SHOT_002066,synthetic_modelled_not_official_event_data,2024-25,Liverpool,Premier League,LIV_PL_2024_25_12,12,2024-11-10,Manchester City,away,2,31,winning,Darwin Núñez,FW,116.72,74.12,102.13,63.01,Z096,29.15,1.44,0,0,right_wing,wide_final_third,right_foot,normal,counter_attack,0,1,4.28,2,1,0.0233,0,0,0
SYN_SHOT_002067,synthetic_modelled_not_official_event_data,2024-25,Liverpool,Premier League,LIV_PL_2024_25_27,27,2025-02-19,Everton,home,48,4,winning,Mohamed Salah,FW,97.54,46.01,85.35,39.11,Z077,20.31,19.83,0,0,central,final_third_outside_box,left_foot,normal,open_play,0,0,4.49,3,0,0.0244,0,0,0
SYN_SHOT_002068,synthetic_modelled_not_official_event_data,2024-25,Liverpool,Premier League,LIV_PL_2024_25_17,17,2024-12-12,Tottenham Hotspur,home,12,10,losing,Harvey Elliott,MF,107.82,52.22,94.34,44.39,Z086,14.88,20.55,1,0,right_half_space,penalty_area,right_foot,normal,high_press_recovery,1,0,5.73,1,0,0.0699,0,0,0
SYN_SHOT_002069,synthetic_modelled_not_official_event_data,2024-25,Liverpool,Premier League,LIV_PL_2024_25_18,18,2024-12-18,West Ham United,away,60,58,losing,Mohamed Salah,FW,114.03,16.61,99.78,14.12,Z090,20.56,5.34,1,0,left_wing,wide_final_third,left_foot,placed,open_play,1,0,3.18,2,0,0.0296,0,0,0
SYN_SHOT_002070,synthetic_modelled_not_official_event_data,2024-25,Liverpool,Premier League,LIV_PL_2024_25_09,9,2024-10-19,Fulham,home,57,32,losing,Mohamed Salah,FW,114.18,42.68,99.9,36.28,Z093,5.58,64.56,1,1,central,six_yard_box,left_foot,normal,open_play,0,0,5.41,1,1,0.9353,1,1,1
SYN_SHOT_002071,synthetic_modelled_not_official_event_data,2024-25,Liverpool,Premier League,LIV_PL_2024_25_13,13,2024-11-17,Manchester United,home,38,16,winning,Mohamed Salah,FW,98.54,42.86,86.22,36.43,Z077,18.93,21.72,0,0,central,final_third_outside_box,left_foot,normal,open_play,0,0,2.97,2,0,0.035,0,0,0
SYN_SHOT_002072,synthetic_modelled_not_official_event_data,2024-25,Liverpool,Premier League,LIV_PL_2024_25_06,6,2024-09-26,Chelsea,away,28,32,drawing,Darwin Núñez,FW,95.61,37.73,83.66,32.07,Z076,21.43,19.31,0,0,central,final_third_outside_box,right_foot,power,open_play,0,0,4.17,3,0,0.0161,0,0,0
SYN_SHOT_002073,synthetic_modelled_not_official_event_data,2024-25,Liverpool,Premier League,LIV_PL_2024_25_11,11,2024-11-03,Leicester City,home,29,10,drawing,Mohamed Salah,FW,108.4,51.55,94.85,43.82,Z086,14.12,21.77,1,0,right_half_space,penalty_area,head,normal,corner,1,0,3.98,3,0,0.0304,0,0,0
SYN_SHOT_002074,synthetic_modelled_not_official_event_data,2024-25,Liverpool,Premier League,LIV_PL_2024_25_10,10,2024-10-26,Ipswich Town,away,90,38,winning,Darwin Núñez,FW,86.13,49.09,75.37,41.73,Z069,30.62,13.21,0,0,central,final_third_outside_box,right_foot,normal,open_play,1,0,1.63,5,0,0.0019,0,0,0
SYN_SHOT_002075,synthetic_modelled_not_official_event_data,2024-25,Liverpool,Premier League,LIV_PL_2024_25_12,12,2024-11-10,Manchester City,away,25,1,winning,Mohamed Salah,FW,94.2,40.94,82.42,34.8,Z077,22.59,18.39,0,0,central,final_third_outside_box,head,first_time,open_play,1,0,5.9,0,0,0.0164,0,0,0
SYN_SHOT_002076,synthetic_modelled_not_official_event_data,2024-25,Liverpool,Premier League,LIV_PL_2024_25_38,38,2025-05-11,Wolverhampton Wanderers,away,86,20,drawing,Dominik Szoboszlai,MF,114.71,51.39,100.37,43.68,Z094,10.73,18.41,1,0,right_half_space,penalty_area,right_foot,normal,corner,0,0,5.36,1,0,0.097,0,0,0
SYN_SHOT_002077,synthetic_modelled_not_official_event_data,2024-25,Liverpool,Premier League,LIV_PL_2024_25_21,21,2025-01-10,Aston Villa,home,81,58,winning,Curtis Jones,MF,113.79,1.0,99.56,0.85,Z089,33.59,2.04,0,0,left_wing,wide_final_third,right_foot,normal,open_play,0,0,0.5,0,0,0.0025,0,0,0
SYN_SHOT_002078,synthetic_modelled_not_official_event_data,2024-25,Liverpool,Premier League,LIV_PL_2024_25_35,35,2025-04-18,Southampton,home,7,7,drawing,Cody Gakpo,FW,110.13,28.11,96.36,23.9,Z091,13.29,21.17,1,0,left_half_space,penalty_area,right_foot,normal,open_play,0,0,3.41,0,0,0.1524,0,0,0
SYN_SHOT_002079,synthetic_modelled_not_official_event_data,2024-25,Liverpool,Premier League,LIV_PL_2024_25_03,3,2024-09-04,Bournemouth,home,56,56,losing,Darwin Núñez,FW,111.4,40.53,97.47,34.45,Z093,7.54,51.73,1,0,central,six_yard_box,right_foot,normal,open_play,0,0,4.65,0,0,0.524,1,0,0
SYN_SHOT_002080,synthetic_modelled_not_official_event_data,2024-25,Liverpool,Premier League,LIV_PL_2024_25_15,15,2024-11-29,Nottingham Forest,home,39,10,losing,Harvey Elliott,MF,119.5,43.28,104.56,36.79,Z093,2.82,149.47,1,1,central,six_yard_box,head,normal,corner,0,0,2.47,2,0,0.6869,1,0,0
SYN_SHOT_002081,synthetic_modelled_not_official_event_data,2024-25,Liverpool,Premier League,LIV_PL_2024_25_04,4,2024-09-13,Brentford,away,14,27,winning,Mohamed Salah,FW,118.22,59.98,103.44,50.98,Z094,17.05,2.35,1,0,right_half_space,penalty_area,right_foot,volley,free_kick_indirect,0,0,0.75,2,0,0.0417,1,0,0
SYN_SHOT_002082,synthetic_modelled_not_official_event_data,2024-25,Liverpool,Premier League,LIV_PL_2024_25_22,22,2025-01-15,Bournemouth,away,22,4,winning,Cody Gakpo,FW,102.63,22.79,89.8,19.37,Z083,21.09,14.46,1,0,left_half_space,penalty_area,right_foot,first_time,open_play,1,0,0.5,1,0,0.0234,0,0,0
SYN_SHOT_002083,synthetic_modelled_not_official_event_data,2024-25,Liverpool,Premier League,LIV_PL_2024_25_07,7,2024-10-04,Crystal Palace,home,91,39,winning,Mohamed Salah,FW,89.85,73.07,78.62,62.11,Z072,38.55,7.47,0,0,right_wing,final_third_outside_box,left_foot,curled,counter_attack,0,1,5.52,4,1,0.0083,0,0,0
SYN_SHOT_002084,synthetic_modelled_not_official_event_data,2024-25,Liverpool,Premier League,LIV_PL_2024_25_12,12,2024-11-07,Manchester City,away,73,9,winning,Luis Díaz,FW,106.98,53.03,93.61,45.08,Z086,15.89,19.23,1,0,right_half_space,penalty_area,right_foot,volley,free_kick_indirect,1,0,4.78,3,0,0.0404,0,0,0
SYN_SHOT_002085,synthetic_modelled_not_official_event_data,2024-25,Liverpool,Premier League,LIV_PL_2024_25_01,1,2024-08-21,Arsenal,home,52,13,drawing,Darwin Núñez,FW,89.0,40.71,77.88,34.61,Z069,27.13,15.36,0,0,central,final_third_outside_box,right_foot,normal,open_play,1,0,4.43,5,0,0.0052,0,0,0
SYN_SHOT_002086,synthetic_modelled_not_official_event_data,2024-25,Liverpool,Premier League,LIV_PL_2024_25_04,4,2024-09-12,Brentford,away,9,44,winning,Mohamed Salah,FW,106.31,53.27,93.02,45.28,Z086,16.45,18.82,1,0,right_half_space,penalty_area,head,normal,corner,0,0,5.04,3,0,0.03,0,0,0
SYN_SHOT_002087,synthetic_modelled_not_official_event_data,2024-25,Liverpool,Premier League,LIV_PL_2024_25_03,3,2024-09-06,Bournemouth,home,22,56,drawing,Cody Gakpo,FW,114.17,40.03,99.9,34.02,Z093,5.1,71.3,1,1,central,six_yard_box,right_foot,curled,free_kick_indirect,0,0,1.14,1,1,0.9083,1,1,1
SYN_SHOT_002088,synthetic_modelled_not_official_event_data,2024-25,Liverpool,Premier League,LIV_PL_2024_25_07,7,2024-10-05,Crystal Palace,home,39,23,winning,Cody Gakpo,FW,115.01,16.82,100.63,14.3,Z090,20.18,4.64,1,0,left_wing,wide_final_third,left_foot,normal,open_play,0,1,5.46,1,1,0.1302,0,0,0
SYN_SHOT_002089,synthetic_modelled_not_official_event_data,2024-25,Liverpool,Premier League,LIV_PL_2024_25_08,8,2024-10-10,Everton,away,64,24,winning,Kostas Tsimikas,DF,117.97,52.15,103.23,44.33,Z094,10.48,7.66,1,0,right_half_space,penalty_area,head,power,corner,1,0,3.99,2,0,0.0306,1,0,0
SYN_SHOT_002090,synthetic_modelled_not_official_event_data,2024-25,Liverpool,Premier League,LIV_PL_2024_25_02,2,2024-09-01,Aston Villa,away,22,26,losing,Dominik Szoboszlai,MF,94.04,43.46,82.28,36.94,Z077,22.91,18.02,0,0,central,final_third_outside_box,right_foot,normal,counter_attack,1,0,2.84,3,0,0.0091,1,0,0
SYN_SHOT_002091,synthetic_modelled_not_official_event_data,2024-25,Liverpool,Premier League,LIV_PL_2024_25_09,9,2024-10-19,Fulham,home,1,50,drawing,Mohamed Salah,FW,113.01,25.94,98.89,22.05,Z091,13.42,15.02,1,0,left_half_space,penalty_area,head,half_volley,corner,0,0,2.07,3,0,0.0279,1,0,0
SYN_SHOT_002092,synthetic_modelled_not_official_event_data,2024-25,Liverpool,Premier League,LIV_PL_2024_25_18,18,2024-12-19,West Ham United,away,32,36,winning,Luis Díaz,FW,106.09,34.69,92.83,29.49,Z084,12.98,29.88,1,0,central,penalty_area,head,curled,throw_in,1,0,4.5,0,0,0.1208,1,1,1
SYN_SHOT_002093,synthetic_modelled_not_official_event_data,2024-25,Liverpool,Premier League,LIV_PL_2024_25_36,36,2025-04-27,Tottenham Hotspur,away,51,33,winning,Mohamed Salah,FW,108.0,32.83,94.5,27.91,Z084,12.14,29.83,1,0,central,penalty_area,right_foot,placed,throw_in,0,0,0.5,2,0,0.1946,0,0,0
SYN_SHOT_002094,synthetic_modelled_not_official_event_data,2024-25,Liverpool,Premier League,LIV_PL_2024_25_19,19,2024-12-27,Wolverhampton Wanderers,home,57,29,drawing,Luis Díaz,FW,97.95,64.65,85.71,54.95,Z079,28.48,10.04,0,0,right_wing,final_third_outside_box,left_foot,normal,open_play,0,0,1.03,2,0,0.0051,0,0,0
SYN_SHOT_002095,synthetic_modelled_not_official_event_data,2024-25,Liverpool,Premier League,LIV_PL_2024_25_22,22,2025-01-18,Bournemouth,away,86,36,winning,Luis Díaz,FW,97.99,25.18,85.74,21.4,Z075,23.01,15.27,0,0,left_half_space,final_third_outside_box,right_foot,first_time,open_play,1,0,0.5,1,0,0.008,0,0,0
SYN_SHOT_002096,synthetic_modelled_not_official_event_data,2024-25,Liverpool,Premier League,LIV_PL_2024_25_31,31,2025-03-22,Manchester City,home,43,10,drawing,Cody Gakpo,FW,96.35,23.21,84.31,19.73,Z075,25.13,13.76,0,0,left_half_space,final_third_outside_box,right_foot,normal,open_play,0,0,0.5,2,0,0.0088,0,0,0
SYN_SHOT_002097,synthetic_modelled_not_official_event_data,2024-25,Liverpool,Premier League,LIV_PL_2024_25_02,2,2024-08-31,Aston Villa,away,9,24,losing,Luis Díaz,FW,85.43,79.0,74.75,67.15,Z072,44.88,6.32,0,0,right_wing,final_third_outside_box,left_foot,half_volley,open_play,1,0,3.47,2,0,0.0007,1,0,0
SYN_SHOT_002098,synthetic_modelled_not_official_event_data,2024-25,Liverpool,Premier League,LIV_PL_2024_25_18,18,2024-12-20,West Ham United,away,65,26,drawing,Luis Díaz,FW,77.29,27.13,67.63,23.06,Z059,38.94,10.32,0,0,left_half_space,middle_third,left_foot,normal,open_play,1,0,0.94,0,0,0.0014,0,0,0
SYN_SHOT_002099,synthetic_modelled_not_official_event_data,2024-25,Liverpool,Premier League,LIV_PL_2024_25_17,17,2024-12-12,Tottenham Hotspur,home,4,27,winning,Mohamed Salah,FW,116.93,68.29,102.32,58.05,Z095,24.2,1.97,0,0,right_wing,wide_final_third,left_foot,volley,counter_attack,0,0,2.22,3,0,0.0066,0,0,0
SYN_SHOT_002100,synthetic_modelled_not_official_event_data,2024-25,Liverpool,Premier League,LIV_PL_2024_25_35,35,2025-04-20,Southampton,home,28,28,drawing,Mohamed Salah,FW,104.14,46.96,91.13,39.92,Z085,15.08,25.37,1,0,central,penalty_area,left_foot,placed,open_play,0,0,1.48,1,0,0.1296,0,0,0
SYN_SHOT_002101,synthetic_modelled_not_official_event_data,2024-25,Liverpool,Premier League,LIV_PL_2024_25_17,17,2024-12-14,Tottenham Hotspur,home,71,45,losing,Mohamed Salah,FW,110.08,13.8,96.32,11.73,Z090,23.9,6.5,0,0,left_wing,wide_final_third,left_foot,normal,high_press_recovery,1,0,4.33,4,0,0.0068,1,0,0
SYN_SHOT_002102,synthetic_modelled_not_official_event_data,2024-25,Liverpool,Premier League,LIV_PL_2024_25_29,29,2025-03-08,Ipswich Town,home,80,50,losing,Darwin Núñez,FW,82.12,37.68,71.85,32.02,Z068,33.21,12.56,0,0,central,final_third_outside_box,right_foot,normal,open_play,1,0,2.52,4,0,0.0018,0,0,0
SYN_SHOT_002103,synthetic_modelled_not_official_event_data,2024-25,Liverpool,Premier League,LIV_PL_2024_25_20,20,2025-01-02,Arsenal,away,40,43,drawing,Mohamed Salah,FW,97.68,34.16,85.47,29.03,Z076,20.15,20.0,0,0,central,final_third_outside_box,head,volley,open_play,1,0,8.75,4,0,0.0114,0,0,0
SYN_SHOT_002104,synthetic_modelled_not_official_event_data,2024-25,Liverpool,Premier League,LIV_PL_2024_25_05,5,2024-09-20,Brighton,home,84,13,winning,Cody Gakpo,FW,107.85,34.98,94.37,29.73,Z084,11.46,33.44,1,0,central,penalty_area,right_foot,normal,counter_attack,0,0,3.02,1,0,0.2987,1,1,1
SYN_SHOT_002105,synthetic_modelled_not_official_event_data,2024-25,Liverpool,Premier League,LIV_PL_2024_25_23,23,2025-01-26,Brentford,home,5,57,winning,Luis Díaz,FW,117.72,30.53,103.01,25.95,Z092,8.29,14.76,1,1,central,six_yard_box,right_foot,power,open_play,1,0,1.64,0,1,0.4649,1,1,1
SYN_SHOT_002106,synthetic_modelled_not_official_event_data,2024-25,Liverpool,Premier League,LIV_PL_2024_25_23,23,2025-01-23,Brentford,home,62,55,losing,Mohamed Salah,FW,105.2,12.62,92.05,10.72,Z082,26.63,7.75,0,0,left_wing,wide_final_third,right_foot,volley,open_play,0,0,3.87,1,0,0.0099,0,0,0
SYN_SHOT_002107,synthetic_modelled_not_official_event_data,2024-25,Liverpool,Premier League,LIV_PL_2024_25_03,3,2024-09-07,Bournemouth,home,77,53,winning,Darwin Núñez,FW,70.88,34.64,62.02,29.45,Z060,43.22,9.63,0,0,central,middle_third,right_foot,curled,counter_attack,1,0,1.18,1,0,0.001,0,0,0
SYN_SHOT_002108,synthetic_modelled_not_official_event_data,2024-25,Liverpool,Premier League,LIV_PL_2024_25_34,34,2025-04-13,Nottingham Forest,away,46,0,drawing,Cody Gakpo,FW,97.29,30.98,85.13,26.33,Z076,21.3,18.28,0,0,central,final_third_outside_box,left_foot,half_volley,open_play,1,0,3.17,3,0,0.0097,1,0,0
SYN_SHOT_002109,synthetic_modelled_not_official_event_data,2024-25,Liverpool,Premier League,LIV_PL_2024_25_37,37,2025-05-02,West Ham United,home,8,24,drawing,Mohamed Salah,FW,111.24,38.0,97.34,32.3,Z092,7.85,49.32,1,0,central,six_yard_box,right_foot,normal,open_play,0,0,4.55,2,0,0.5029,1,1,1
SYN_SHOT_002110,synthetic_modelled_not_official_event_data,2024-25,Liverpool,Premier League,LIV_PL_2024_25_04,4,2024-09-11,Brentford,away,55,59,losing,Dominik Szoboszlai,MF,119.5,16.81,104.56,14.28,Z090,19.72,0.49,1,0,left_wing,wide_final_third,left_foot,normal,corner,0,0,4.61,3,0,0.0134,0,0,0
SYN_SHOT_002111,synthetic_modelled_not_official_event_data,2024-25,Liverpool,Premier League,LIV_PL_2024_25_17,17,2024-12-14,Tottenham Hotspur,home,92,59,drawing,Darwin Núñez,FW,112.75,45.06,98.66,38.3,Z093,7.66,45.7,1,0,central,six_yard_box,left_foot,volley,throw_in,0,0,2.83,2,0,0.3395,1,0,0
SYN_SHOT_002112,synthetic_modelled_not_official_event_data,2024-25,Liverpool,Premier League,LIV_PL_2024_25_38,38,2025-05-09,Wolverhampton Wanderers,away,88,8,winning,Darwin Núñez,FW,92.72,4.67,81.13,3.97,Z073,38.36,6.83,0,0,left_wing,final_third_outside_box,right_foot,normal,open_play,0,0,1.94,1,0,0.0014,0,0,0
SYN_SHOT_002113,synthetic_modelled_not_official_event_data,2024-25,Liverpool,Premier League,LIV_PL_2024_25_28,28,2025-02-26,Fulham,away,41,24,drawing,Kieran Morrison,MF,95.43,18.5,83.5,15.73,Z074,28.22,11.37,0,0,left_wing,final_third_outside_box,right_foot,normal,open_play,1,0,0.5,0,0,0.0044,0,0,0
SYN_SHOT_002114,synthetic_modelled_not_official_event_data,2024-25,Liverpool,Premier League,LIV_PL_2024_25_13,13,2024-11-13,Manchester United,home,3,34,winning,Luis Díaz,FW,101.17,22.8,88.52,19.38,Z083,22.03,14.34,1,0,left_half_space,penalty_area,right_foot,first_time,open_play,0,0,1.98,3,0,0.0183,1,0,0
SYN_SHOT_002115,synthetic_modelled_not_official_event_data,2024-25,Liverpool,Premier League,LIV_PL_2024_25_33,33,2025-04-04,Newcastle United,home,38,7,losing,Luis Díaz,FW,114.79,39.08,100.44,33.22,Z092,4.62,76.53,1,1,central,six_yard_box,head,normal,open_play,1,0,1.84,1,1,0.8188,1,1,1
SYN_SHOT_002116,synthetic_modelled_not_official_event_data,2024-25,Liverpool,Premier League,LIV_PL_2024_25_12,12,2024-11-06,Manchester City,away,1,4,winning,Mohamed Salah,FW,110.78,37.06,96.93,31.5,Z092,8.45,45.55,1,0,central,six_yard_box,other,curled,high_press_recovery,1,0,3.37,0,0,0.2728,1,0,0
SYN_SHOT_002117,synthetic_modelled_not_official_event_data,2024-25,Liverpool,Premier League,LIV_PL_2024_25_32,32,2025-03-29,Manchester United,away,66,30,drawing,Mohamed Salah,FW,91.2,58.91,79.8,50.07,Z078,29.89,11.84,0,0,right_half_space,final_third_outside_box,left_foot,curled,direct_free_kick,1,0,3.81,2,0,0.0043,1,0,0
SYN_SHOT_002118,synthetic_modelled_not_official_event_data,2024-25,Liverpool,Premier League,LIV_PL_2024_25_16,16,2024-12-07,Southampton,away,28,31,drawing,Cody Gakpo,FW,109.1,28.72,95.46,24.41,Z083,13.52,22.39,1,0,left_half_space,penalty_area,head,first_time,corner,0,1,8.21,3,1,0.1416,1,0,0
SYN_SHOT_002119,synthetic_modelled_not_official_event_data,2024-25,Liverpool,Premier League,LIV_PL_2024_25_20,20,2025-01-03,Arsenal,away,77,53,drawing,Darwin Núñez,FW,81.9,26.63,71.66,22.63,Z067,35.22,11.25,0,0,left_half_space,final_third_outside_box,left_foot,power,free_kick_indirect,0,0,5.6,1,0,0.0031,0,0,0
SYN_SHOT_002120,synthetic_modelled_not_official_event_data,2024-25,Liverpool,Premier League,LIV_PL_2024_25_26,26,2025-02-14,Crystal Palace,away,8,32,winning,Luis Díaz,FW,115.3,43.65,100.89,37.1,Z093,5.15,66.4,1,1,central,six_yard_box,right_foot,normal,open_play,0,0,4.32,1,1,0.9274,1,1,1
SYN_SHOT_002121,synthetic_modelled_not_official_event_data,2024-25,Liverpool,Premier League,LIV_PL_2024_25_36,36,2025-04-24,Tottenham Hotspur,away,93,41,drawing,Luis Díaz,FW,117.22,6.63,102.57,5.64,Z089,28.47,1.28,0,0,left_wing,wide_final_third,right_foot,normal,open_play,0,0,4.65,4,0,0.0033,0,0,0
SYN_SHOT_002122,synthetic_modelled_not_official_event_data,2024-25,Liverpool,Premier League,LIV_PL_2024_25_23,23,2025-01-23,Brentford,home,79,40,winning,Dominik Szoboszlai,MF,104.08,28.66,91.07,24.36,Z083,16.94,20.45,1,0,left_half_space,penalty_area,head,curled,open_play,0,0,1.69,2,0,0.0363,0,0,0
SYN_SHOT_002123,synthetic_modelled_not_official_event_data,2024-25,Liverpool,Premier League,LIV_PL_2024_25_28,28,2025-02-28,Fulham,away,34,11,drawing,Alexis Mac Allister,MF,94.54,60.52,82.72,51.44,Z079,28.3,11.7,0,0,right_wing,final_third_outside_box,left_foot,normal,direct_free_kick,0,0,3.78,2,0,0.0055,0,0,0
SYN_SHOT_002124,synthetic_modelled_not_official_event_data,2024-25,Liverpool,Premier League,LIV_PL_2024_25_22,22,2025-01-18,Bournemouth,away,38,56,winning,Luis Díaz,FW,93.81,35.12,82.08,29.85,Z076,23.29,17.59,0,0,central,final_third_outside_box,right_foot,normal,throw_in,1,0,2.32,5,0,0.0069,0,0,0
SYN_SHOT_002125,synthetic_modelled_not_official_event_data,2024-25,Liverpool,Premier League,LIV_PL_2024_25_37,37,2025-05-02,West Ham United,home,63,0,winning,Luis Díaz,FW,100.02,46.64,87.52,39.65,Z085,18.37,21.55,0,0,central,penalty_area,right_foot,volley,open_play,1,0,3.21,2,0,0.0285,1,0,0
SYN_SHOT_002126,synthetic_modelled_not_official_event_data,2024-25,Liverpool,Premier League,LIV_PL_2024_25_15,15,2024-11-29,Nottingham Forest,home,58,33,losing,Mohamed Salah,FW,107.91,25.08,94.42,21.32,Z083,16.52,16.62,1,0,left_half_space,penalty_area,left_foot,chip,open_play,0,0,6.29,1,0,0.0907,0,0,0
SYN_SHOT_002127,synthetic_modelled_not_official_event_data,2024-25,Liverpool,Premier League,LIV_PL_2024_25_33,33,2025-04-05,Newcastle United,home,87,36,drawing,Darwin Núñez,FW,119.5,38.78,104.56,32.96,Z092,1.13,165.21,1,1,central,six_yard_box,other,power,open_play,1,0,3.99,4,0,0.6342,1,1,1
SYN_SHOT_002128,synthetic_modelled_not_official_event_data,2024-25,Liverpool,Premier League,LIV_PL_2024_25_03,3,2024-09-07,Bournemouth,home,36,2,losing,Mohamed Salah,FW,115.29,53.35,100.88,45.35,Z094,12.07,12.84,1,0,right_half_space,penalty_area,left_foot,normal,open_play,1,0,0.8,3,0,0.0466,0,0,0
SYN_SHOT_002129,synthetic_modelled_not_official_event_data,2024-25,Liverpool,Premier League,LIV_PL_2024_25_14,14,2024-11-21,Newcastle United,away,4,17,drawing,Mohamed Salah,FW,84.09,41.16,73.58,34.98,Z069,31.44,13.28,0,0,central,final_third_outside_box,left_foot,chip,open_play,0,0,4.43,1,0,0.0087,0,0,0
SYN_SHOT_002130,synthetic_modelled_not_official_event_data,2024-25,Liverpool,Premier League,LIV_PL_2024_25_35,35,2025-04-19,Southampton,home,60,43,drawing,Mohamed Salah,FW,112.21,44.53,98.18,37.85,Z093,7.83,46.16,1,0,central,six_yard_box,left_foot,first_time,throw_in,1,0,3.11,0,0,0.4527,1,1,1
SYN_SHOT_002131,synthetic_modelled_not_official_event_data,2024-25,Liverpool,Premier League,LIV_PL_2024_25_15,15,2024-11-30,Nottingham Forest,home,83,2,winning,Federico Chiesa,FW,111.48,10.7,97.55,9.1,Z090,25.99,4.71,0,0,left_wing,wide_final_third,right_foot,normal,open_play,0,0,3.46,5,0,0.0046,0,0,0
SYN_SHOT_002132,synthetic_modelled_not_official_event_data,2024-25,Liverpool,Premier League,LIV_PL_2024_25_04,4,2024-09-13,Brentford,away,30,10,losing,Luis Díaz,FW,115.87,49.94,101.38,42.45,Z093,9.19,20.42,1,1,central,six_yard_box,left_foot,normal,open_play,0,0,0.5,2,0,0.3298,0,0,0
SYN_SHOT_002133,synthetic_modelled_not_official_event_data,2024-25,Liverpool,Premier League,LIV_PL_2024_25_35,35,2025-04-20,Southampton,home,39,9,drawing,Mohamed Salah,FW,107.01,25.09,93.63,21.33,Z083,17.02,16.76,1,0,left_half_space,penalty_area,left_foot,normal,open_play,1,0,1.34,5,0,0.0305,0,0,0
SYN_SHOT_002134,synthetic_modelled_not_official_event_data,2024-25,Liverpool,Premier League,LIV_PL_2024_25_21,21,2025-01-11,Aston Villa,home,39,57,losing,Alexis Mac Allister,MF,107.82,37.6,94.34,31.96,Z084,10.85,36.77,1,0,central,penalty_area,right_foot,normal,throw_in,1,0,2.54,1,0,0.1526,0,0,0
SYN_SHOT_002135,synthetic_modelled_not_official_event_data,2024-25,Liverpool,Premier League,LIV_PL_2024_25_02,2,2024-08-31,Aston Villa,away,40,13,drawing,Mohamed Salah,FW,96.79,35.94,84.69,30.55,Z076,20.6,19.89,0,0,central,final_third_outside_box,left_foot,normal,direct_free_kick,0,0,2.3,2,0,0.0215,0,0,0
SYN_SHOT_002136,synthetic_modelled_not_official_event_data,2024-25,Liverpool,Premier League,LIV_PL_2024_25_13,13,2024-11-17,Manchester United,home,1,31,winning,Darwin Núñez,FW,88.01,65.68,77.01,55.83,Z071,35.5,9.33,0,0,right_wing,final_third_outside_box,left_foot,half_volley,counter_attack,0,1,7.24,2,1,0.0147,1,0,0
SYN_SHOT_002137,synthetic_modelled_not_official_event_data,2024-25,Liverpool,Premier League,LIV_PL_2024_25_06,6,2024-09-25,Chelsea,away,57,17,winning,Mohamed Salah,FW,101.36,48.66,88.69,41.36,Z085,17.89,21.27,1,0,central,penalty_area,left_foot,half_volley,open_play,1,0,3.46,0,0,0.0823,1,0,0
SYN_SHOT_002138,synthetic_modelled_not_official_event_data,2024-25,Liverpool,Premier League,LIV_PL_2024_25_19,19,2024-12-25,Wolverhampton Wanderers,home,43,39,winning,Mohamed Salah,FW,87.7,24.1,76.74,20.49,Z067,31.32,12.07,0,0,left_half_space,final_third_outside_box,left_foot,normal,open_play,0,0,6.14,2,0,0.0066,0,0,0
SYN_SHOT_002139,synthetic_modelled_not_official_event_data,2024-25,Liverpool,Premier League,LIV_PL_2024_25_13,13,2024-11-15,Manchester United,home,94,28,losing,Jayden Danns,FW,97.81,58.83,85.58,50.01,Z078,25.16,12.91,0,0,right_half_space,final_third_outside_box,head,first_time,open_play,0,0,3.52,5,0,0.0038,1,0,0
SYN_SHOT_002140,synthetic_modelled_not_official_event_data,2024-25,Liverpool,Premier League,LIV_PL_2024_25_28,28,2025-03-01,Fulham,away,4,50,winning,Luis Díaz,FW,111.31,42.67,97.39,36.27,Z093,7.94,48.3,1,0,central,six_yard_box,right_foot,volley,open_play,1,0,3.76,1,0,0.3539,1,0,0
SYN_SHOT_002141,synthetic_modelled_not_official_event_data,2024-25,Liverpool,Premier League,LIV_PL_2024_25_27,27,2025-02-21,Everton,home,91,54,losing,Luis Díaz,FW,93.91,60.59,82.17,51.5,Z079,28.76,11.6,0,0,right_wing,final_third_outside_box,right_foot,normal,open_play,0,0,0.5,2,0,0.0052,1,0,0
SYN_SHOT_002142,synthetic_modelled_not_official_event_data,2024-25,Liverpool,Premier League,LIV_PL_2024_25_27,27,2025-02-20,Everton,home,3,23,winning,Dominik Szoboszlai,MF,114.83,75.25,100.47,63.97,Z096,30.31,2.1,0,0,right_wing,wide_final_third,other,normal,open_play,1,0,1.77,3,0,0.0006,0,0,0
SYN_SHOT_002143,synthetic_modelled_not_official_event_data,2024-25,Liverpool,Premier League,LIV_PL_2024_25_24,24,2025-01-31,Brighton,away,94,42,drawing,Cody Gakpo,FW,99.09,64.35,86.7,54.7,Z079,27.63,10.13,0,0,right_wing,final_third_outside_box,left_foot,power,open_play,0,0,0.67,4,0,0.0038,0,0,0
SYN_SHOT_002144,synthetic_modelled_not_official_event_data,2024-25,Liverpool,Premier League,LIV_PL_2024_25_04,4,2024-09-13,Brentford,away,51,52,losing,Mohamed Salah,FW,99.45,44.2,87.02,37.57,Z077,18.33,22.19,0,0,central,final_third_outside_box,right_foot,curled,open_play,1,0,2.94,3,0,0.0174,0,0,0
SYN_SHOT_002145,synthetic_modelled_not_official_event_data,2024-25,Liverpool,Premier League,LIV_PL_2024_25_21,21,2025-01-11,Aston Villa,home,93,21,drawing,Cody Gakpo,FW,116.98,31.06,102.36,26.4,Z092,8.05,20.64,1,1,central,six_yard_box,right_foot,normal,open_play,1,0,5.67,1,1,0.5424,1,1,1
SYN_SHOT_002146,synthetic_modelled_not_official_event_data,2024-25,Liverpool,Premier League,LIV_PL_2024_25_08,8,2024-10-09,Everton,away,16,10,losing,Curtis Jones,MF,106.75,32.0,93.41,27.2,Z084,13.44,26.91,1,0,central,penalty_area,other,first_time,counter_attack,0,0,5.54,2,0,0.0682,0,0,0
SYN_SHOT_002147,synthetic_modelled_not_official_event_data,2024-25,Liverpool,Premier League,LIV_PL_2024_25_28,28,2025-02-26,Fulham,away,30,55,drawing,Mohamed Salah,FW,106.6,78.55,93.27,66.77,Z088,34.8,4.1,0,0,right_wing,wide_final_third,left_foot,normal,open_play,0,0,1.92,1,0,0.0026,0,0,0
SYN_SHOT_002148,synthetic_modelled_not_official_event_data,2024-25,Liverpool,Premier League,LIV_PL_2024_25_17,17,2024-12-13,Tottenham Hotspur,home,36,0,drawing,Mohamed Salah,FW,101.47,25.19,88.79,21.41,Z083,20.52,16.22,1,0,left_half_space,penalty_area,right_foot,normal,free_kick_indirect,0,0,2.44,3,0,0.0285,1,0,0
SYN_SHOT_002149,synthetic_modelled_not_official_event_data,2024-25,Liverpool,Premier League,LIV_PL_2024_25_07,7,2024-10-05,Crystal Palace,home,39,25,losing,Mohamed Salah,FW,99.0,55.23,86.63,46.95,Z078,22.48,15.29,0,0,right_half_space,final_third_outside_box,left_foot,normal,open_play,1,0,2.99,3,0,0.0068,0,0,0
SYN_SHOT_002150,synthetic_modelled_not_official_event_data,2024-25,Liverpool,Premier League,LIV_PL_2024_25_27,27,2025-02-21,Everton,home,51,18,winning,Cody Gakpo,FW,119.5,31.81,104.56,27.04,Z092,6.98,5.19,1,1,central,six_yard_box,right_foot,curled,open_play,0,0,2.9,1,1,0.4595,1,0,0
SYN_SHOT_002151,synthetic_modelled_not_official_event_data,2024-25,Liverpool,Premier League,LIV_PL_2024_25_06,6,2024-09-29,Chelsea,away,6,13,winning,Mohamed Salah,FW,95.38,26.23,83.46,22.3,Z075,24.51,15.02,0,0,left_half_space,final_third_outside_box,right_foot,volley,free_kick_indirect,0,0,3.74,1,0,0.0159,0,0,0
SYN_SHOT_002152,synthetic_modelled_not_official_event_data,2024-25,Liverpool,Premier League,LIV_PL_2024_25_21,21,2025-01-09,Aston Villa,home,30,0,drawing,Tyler Morton,MF,89.05,52.86,77.92,44.93,Z070,29.2,13.29,0,0,right_half_space,final_third_outside_box,left_foot,normal,counter_attack,0,1,6.51,2,1,0.0316,0,0,0
SYN_SHOT_002153,synthetic_modelled_not_official_event_data,2024-25,Liverpool,Premier League,LIV_PL_2024_25_29,29,2025-03-09,Ipswich Town,home,34,15,winning,Dominik Szoboszlai,MF,96.35,14.22,84.31,12.08,Z074,30.14,9.6,0,0,left_wing,final_third_outside_box,left_foot,normal,open_play,1,0,2.52,3,0,0.0018,0,0,0
SYN_SHOT_002154,synthetic_modelled_not_official_event_data,2024-25,Liverpool,Premier League,LIV_PL_2024_25_10,10,2024-10-27,Ipswich Town,away,13,20,winning,Mohamed Salah,FW,119.5,72.29,104.56,61.45,Z096,27.45,0.25,0,0,right_wing,wide_final_third,left_foot,normal,open_play,0,0,2.29,0,0,0.0067,0,0,0
SYN_SHOT_002155,synthetic_modelled_not_official_event_data,2024-25,Liverpool,Premier League,LIV_PL_2024_25_32,32,2025-03-27,Manchester United,away,85,29,drawing,Harvey Elliott,MF,107.05,16.75,93.67,14.24,Z082,22.78,9.32,1,0,left_wing,wide_final_third,head,normal,corner,1,0,6.23,4,0,0.0051,0,0,0
SYN_SHOT_002156,synthetic_modelled_not_official_event_data,2024-25,Liverpool,Premier League,LIV_PL_2024_25_38,38,2025-05-11,Wolverhampton Wanderers,away,81,25,drawing,Dominik Szoboszlai,MF,87.97,61.51,76.98,52.28,Z071,33.46,10.51,0,0,right_wing,final_third_outside_box,right_foot,normal,open_play,0,0,3.55,0,0,0.0049,0,0,0
SYN_SHOT_002157,synthetic_modelled_not_official_event_data,2024-25,Liverpool,Premier League,LIV_PL_2024_25_31,31,2025-03-22,Manchester City,home,38,15,drawing,Mohamed Salah,FW,116.85,47.18,102.25,40.1,Z093,6.7,32.66,1,1,central,six_yard_box,left_foot,normal,open_play,0,0,3.75,0,1,0.8518,1,1,1
SYN_SHOT_002158,synthetic_modelled_not_official_event_data,2024-25,Liverpool,Premier League,LIV_PL_2024_25_17,17,2024-12-12,Tottenham Hotspur,home,46,28,winning,Dominik Szoboszlai,MF,89.59,38.46,78.39,32.69,Z068,26.64,15.63,0,0,central,final_third_outside_box,head,first_time,open_play,0,0,3.05,0,0,0.0104,0,0,0
SYN_SHOT_002159,synthetic_modelled_not_official_event_data,2024-25,Liverpool,Premier League,LIV_PL_2024_25_31,31,2025-03-23,Manchester City,home,20,6,losing,Federico Chiesa,FW,90.17,65.43,78.9,55.61,Z079,33.89,9.56,0,0,right_wing,final_third_outside_box,right_foot,curled,counter_attack,1,0,1.48,3,0,0.0015,0,0,0
SYN_SHOT_002160,synthetic_modelled_not_official_event_data,2024-25,Liverpool,Premier League,LIV_PL_2024_25_12,12,2024-11-09,Manchester City,away,8,30,drawing,Diogo Jota,FW,93.98,30.2,82.24,25.67,Z076,24.24,16.18,0,0,central,final_third_outside_box,left_foot,normal,open_play,0,0,5.39,2,0,0.016,0,0,0
SYN_SHOT_002161,synthetic_modelled_not_official_event_data,2024-25,Liverpool,Premier League,LIV_PL_2024_25_03,3,2024-09-07,Bournemouth,home,79,0,winning,Mohamed Salah,FW,80.05,36.46,70.05,30.99,Z068,35.08,11.87,0,0,central,final_third_outside_box,right_foot,normal,open_play,0,0,2.88,4,0,0.0026,0,0,0
SYN_SHOT_002162,synthetic_modelled_not_official_event_data,2024-25,Liverpool,Premier League,LIV_PL_2024_25_19,19,2024-12-28,Wolverhampton Wanderers,home,81,31,winning,Luis Díaz,FW,108.05,33.55,94.54,28.51,Z084,11.81,31.27,1,0,central,penalty_area,left_foot,first_time,open_play,1,0,4.24,1,0,0.1673,0,0,0
SYN_SHOT_002163,synthetic_modelled_not_official_event_data,2024-25,Liverpool,Premier League,LIV_PL_2024_25_03,3,2024-09-04,Bournemouth,home,33,21,winning,Diogo Jota,FW,109.76,60.15,96.04,51.12,Z087,19.33,10.32,1,0,right_wing,wide_final_third,head,normal,corner,0,0,3.53,0,0,0.0309,0,0,0
SYN_SHOT_002164,synthetic_modelled_not_official_event_data,2024-25,Liverpool,Premier League,LIV_PL_2024_25_35,35,2025-04-16,Southampton,home,33,15,drawing,Dominik Szoboszlai,MF,97.05,34.91,84.92,29.67,Z076,20.54,19.79,0,0,central,final_third_outside_box,right_foot,normal,counter_attack,0,0,0.5,6,0,0.0177,0,0,0
SYN_SHOT_002165,synthetic_modelled_not_official_event_data,2024-25,Liverpool,Premier League,LIV_PL_2024_25_27,27,2025-02-23,Everton,home,33,47,drawing,Curtis Jones,MF,102.73,30.63,89.89,26.04,Z084,17.08,21.67,1,0,central,penalty_area,right_foot,volley,counter_attack,0,0,1.1,2,0,0.0657,1,0,0
SYN_SHOT_002166,synthetic_modelled_not_official_event_data,2024-25,Liverpool,Premier League,LIV_PL_2024_25_16,16,2024-12-07,Southampton,away,39,32,winning,Dominik Szoboszlai,MF,104.19,42.32,91.16,35.97,Z085,13.98,29.1,1,0,central,penalty_area,head,power,corner,1,0,3.26,1,0,0.0571,0,0,0
SYN_SHOT_002167,synthetic_modelled_not_official_event_data,2024-25,Liverpool,Premier League,LIV_PL_2024_25_26,26,2025-02-13,Crystal Palace,away,75,16,losing,Cody Gakpo,FW,99.9,45.44,87.41,38.62,Z077,18.19,22.08,0,0,central,final_third_outside_box,right_foot,normal,open_play,1,0,0.5,5,0,0.0148,1,0,0
SYN_SHOT_002168,synthetic_modelled_not_official_event_data,2024-25,Liverpool,Premier League,LIV_PL_2024_25_16,16,2024-12-06,Southampton,away,27,35,losing,Luis Díaz,FW,113.23,54.52,99.07,46.34,Z094,13.69,13.99,1,0,right_half_space,penalty_area,head,normal,throw_in,0,0,5.73,1,0,0.0608,1,1,1
SYN_SHOT_002169,synthetic_modelled_not_official_event_data,2024-25,Liverpool,Premier League,LIV_PL_2024_25_04,4,2024-09-14,Brentford,away,53,19,drawing,Dominik Szoboszlai,MF,115.19,34.03,100.79,28.92,Z092,6.59,45.66,1,1,central,six_yard_box,left_foot,normal,counter_attack,0,0,2.93,4,0,0.5953,1,1,1
SYN_SHOT_002170,synthetic_modelled_not_official_event_data,2024-25,Liverpool,Premier League,LIV_PL_2024_25_06,6,2024-09-27,Chelsea,away,37,32,losing,Dominik Szoboszlai,MF,103.38,31.06,90.46,26.4,Z084,16.41,22.59,1,0,central,penalty_area,left_foot,normal,open_play,0,0,0.97,0,0,0.0796,1,0,0
SYN_SHOT_002171,synthetic_modelled_not_official_event_data,2024-25,Liverpool,Premier League,LIV_PL_2024_25_12,12,2024-11-07,Manchester City,away,19,53,drawing,Mohamed Salah,FW,101.01,24.8,88.38,21.08,Z083,21.05,15.8,0,0,left_half_space,penalty_area,left_foot,normal,direct_free_kick,0,0,2.42,2,0,0.014,1,0,0
SYN_SHOT_002172,synthetic_modelled_not_official_event_data,2024-25,Liverpool,Premier League,LIV_PL_2024_25_11,11,2024-11-02,Leicester City,home,50,14,winning,Diogo Jota,FW,101.78,41.64,89.06,35.4,Z085,16.0,25.68,1,0,central,penalty_area,right_foot,normal,counter_attack,0,0,1.46,2,0,0.1407,0,0,0
SYN_SHOT_002173,synthetic_modelled_not_official_event_data,2024-25,Liverpool,Premier League,LIV_PL_2024_25_15,15,2024-11-28,Nottingham Forest,home,65,31,drawing,Mohamed Salah,FW,108.3,26.51,94.77,22.53,Z083,15.37,18.58,1,0,left_half_space,penalty_area,left_foot,placed,open_play,0,0,7.1,0,0,0.1348,0,0,0
SYN_SHOT_002174,synthetic_modelled_not_official_event_data,2024-25,Liverpool,Premier League,LIV_PL_2024_25_32,32,2025-03-26,Manchester United,away,55,22,winning,Darwin Núñez,FW,96.35,63.09,84.31,53.63,Z079,28.52,10.72,0,0,right_wing,final_third_outside_box,right_foot,normal,open_play,1,0,1.96,1,0,0.0035,0,0,0
SYN_SHOT_002175,synthetic_modelled_not_official_event_data,2024-25,Liverpool,Premier League,LIV_PL_2024_25_19,19,2024-12-28,Wolverhampton Wanderers,home,58,46,winning,Alexis Mac Allister,MF,90.68,73.01,79.35,62.06,Z080,38.01,7.47,0,0,right_wing,final_third_outside_box,left_foot,normal,free_kick_indirect,0,0,5.13,1,0,0.002,0,0,0
SYN_SHOT_002176,synthetic_modelled_not_official_event_data,2024-25,Liverpool,Premier League,LIV_PL_2024_25_04,4,2024-09-12,Brentford,away,45,58,drawing,Mohamed Salah,FW,113.3,37.16,99.14,31.59,Z092,6.34,58.01,1,0,central,six_yard_box,right_foot,half_volley,high_press_recovery,1,0,0.5,1,0,0.4924,1,1,1
SYN_SHOT_002177,synthetic_modelled_not_official_event_data,2024-25,Liverpool,Premier League,LIV_PL_2024_25_05,5,2024-09-22,Brighton,home,21,4,winning,Luis Díaz,FW,103.56,30.24,90.62,25.7,Z084,16.6,21.87,1,0,central,penalty_area,head,normal,open_play,0,0,0.5,2,0,0.0425,0,0,0
SYN_SHOT_002178,synthetic_modelled_not_official_event_data,2024-25,Liverpool,Premier League,LIV_PL_2024_25_38,38,2025-05-08,Wolverhampton Wanderers,away,50,30,winning,Mohamed Salah,FW,108.8,38.92,95.2,33.08,Z084,9.84,40.67,1,0,central,penalty_area,other,normal,throw_in,1,0,0.5,2,0,0.1191,1,0,0
SYN_SHOT_002179,synthetic_modelled_not_official_event_data,2024-25,Liverpool,Premier League,LIV_PL_2024_25_22,22,2025-01-17,Bournemouth,away,50,43,winning,Mohamed Salah,FW,100.36,67.04,87.81,56.98,Z087,28.7,8.83,0,0,right_wing,wide_final_third,right_foot,curled,open_play,0,0,2.88,4,0,0.0038,0,0,0
SYN_SHOT_002180,synthetic_modelled_not_official_event_data,2024-25,Liverpool,Premier League,LIV_PL_2024_25_13,13,2024-11-17,Manchester United,home,18,59,winning,Mohamed Salah,FW,110.28,58.59,96.49,49.8,Z094,17.95,11.4,1,0,right_half_space,penalty_area,other,normal,high_press_recovery,0,0,0.5,3,0,0.0165,0,0,0
SYN_SHOT_002181,synthetic_modelled_not_official_event_data,2024-25,Liverpool,Premier League,LIV_PL_2024_25_20,20,2025-01-04,Arsenal,away,11,16,drawing,Mohamed Salah,FW,86.24,25.16,75.46,21.38,Z067,32.12,11.99,0,0,left_half_space,final_third_outside_box,head,volley,open_play,0,0,0.64,5,0,0.0018,0,0,0
SYN_SHOT_002182,synthetic_modelled_not_official_event_data,2024-25,Liverpool,Premier League,LIV_PL_2024_25_18,18,2024-12-21,West Ham United,away,27,0,winning,Darwin Núñez,FW,90.22,56.03,78.95,47.62,Z078,29.4,12.63,0,0,right_half_space,final_third_outside_box,right_foot,normal,high_press_recovery,1,0,2.85,5,0,0.0025,0,0,0
SYN_SHOT_002183,synthetic_modelled_not_official_event_data,2024-25,Liverpool,Premier League,LIV_PL_2024_25_15,15,2024-12-01,Nottingham Forest,home,30,10,winning,Cody Gakpo,FW,100.43,32.26,87.88,27.42,Z084,18.34,21.21,0,0,central,penalty_area,left_foot,power,open_play,0,0,2.38,3,0,0.0199,0,0,0
SYN_SHOT_002184,synthetic_modelled_not_official_event_data,2024-25,Liverpool,Premier League,LIV_PL_2024_25_30,30,2025-03-16,Leicester City,away,15,29,winning,Diogo Jota,FW,117.67,41.27,102.96,35.08,Z093,2.31,118.42,1,1,central,six_yard_box,right_foot,normal,corner,0,0,0.5,1,1,0.9157,1,1,1
SYN_SHOT_002185,synthetic_modelled_not_official_event_data,2024-25,Liverpool,Premier League,LIV_PL_2024_25_21,21,2025-01-12,Aston Villa,home,79,18,losing,Mohamed Salah,FW,107.21,65.0,93.8,55.25,Z087,24.02,8.28,0,0,right_wing,wide_final_third,left_foot,volley,open_play,0,0,4.4,1,0,0.0135,0,0,0
SYN_SHOT_002186,synthetic_modelled_not_official_event_data,2024-25,Liverpool,Premier League,LIV_PL_2024_25_12,12,2024-11-07,Manchester City,away,77,24,losing,Luis Díaz,FW,109.05,32.82,95.42,27.89,Z084,11.36,31.23,1,0,central,penalty_area,right_foot,first_time,open_play,0,0,2.4,4,0,0.1241,1,1,1
SYN_SHOT_002187,synthetic_modelled_not_official_event_data,2024-25,Liverpool,Premier League,LIV_PL_2024_25_36,36,2025-04-27,Tottenham Hotspur,away,51,8,drawing,Luis Díaz,FW,105.65,21.58,92.44,18.34,Z083,20.07,13.28,1,0,left_half_space,penalty_area,head,normal,counter_attack,1,0,1.64,1,0,0.02,0,0,0
SYN_SHOT_002188,synthetic_modelled_not_official_event_data,2024-25,Liverpool,Premier League,LIV_PL_2024_25_26,26,2025-02-15,Crystal Palace,away,69,37,winning,Mohamed Salah,FW,81.11,54.71,70.97,46.5,Z070,36.26,10.84,0,0,right_half_space,final_third_outside_box,left_foot,half_volley,open_play,1,0,2.91,3,0,0.0012,0,0,0
SYN_SHOT_002189,synthetic_modelled_not_official_event_data,2024-25,Liverpool,Premier League,LIV_PL_2024_25_31,31,2025-03-21,Manchester City,home,80,19,winning,Luis Díaz,FW,83.55,1.0,73.11,0.85,Z065,46.0,6.34,0,0,left_wing,final_third_outside_box,head,first_time,open_play,1,0,0.52,2,0,0.0003,0,0,0
SYN_SHOT_002190,synthetic_modelled_not_official_event_data,2024-25,Liverpool,Premier League,LIV_PL_2024_25_04,4,2024-09-12,Brentford,away,51,12,winning,Mohamed Salah,FW,99.01,36.21,86.63,30.78,Z076,18.65,21.91,0,0,central,final_third_outside_box,head,normal,direct_free_kick,1,0,1.34,4,0,0.0083,0,0,0
SYN_SHOT_002191,synthetic_modelled_not_official_event_data,2024-25,Liverpool,Premier League,LIV_PL_2024_25_13,13,2024-11-16,Manchester United,home,77,0,drawing,Diogo Jota,FW,111.88,37.73,97.89,32.07,Z092,7.37,51.86,1,0,central,six_yard_box,right_foot,curled,open_play,1,0,0.85,1,0,0.3636,1,1,1
SYN_SHOT_002192,synthetic_modelled_not_official_event_data,2024-25,Liverpool,Premier League,LIV_PL_2024_25_18,18,2024-12-20,West Ham United,away,90,22,drawing,Mohamed Salah,FW,107.57,49.68,94.13,42.23,Z085,13.64,24.76,1,0,central,penalty_area,left_foot,volley,high_press_recovery,0,0,2.3,0,0,0.1669,0,0,0
SYN_SHOT_002193,synthetic_modelled_not_official_event_data,2024-25,Liverpool,Premier League,LIV_PL_2024_25_26,26,2025-02-15,Crystal Palace,away,24,38,losing,Mohamed Salah,FW,103.21,49.22,90.31,41.83,Z085,16.65,22.18,1,0,central,penalty_area,left_foot,first_time,open_play,1,1,9.56,2,1,0.2519,1,1,1
SYN_SHOT_002194,synthetic_modelled_not_official_event_data,2024-25,Liverpool,Premier League,LIV_PL_2024_25_06,6,2024-09-29,Chelsea,away,29,35,winning,Mohamed Salah,FW,114.32,38.81,100.03,32.99,Z092,5.07,71.27,1,1,central,six_yard_box,left_foot,normal,throw_in,0,0,7.25,0,1,0.9538,1,1,1
SYN_SHOT_002195,synthetic_modelled_not_official_event_data,2024-25,Liverpool,Premier League,LIV_PL_2024_25_08,8,2024-10-09,Everton,away,41,10,drawing,Cody Gakpo,FW,101.67,36.3,88.97,30.86,Z084,16.34,24.84,1,0,central,penalty_area,head,power,open_play,0,0,2.39,1,0,0.0632,1,0,0
SYN_SHOT_002196,synthetic_modelled_not_official_event_data,2024-25,Liverpool,Premier League,LIV_PL_2024_25_20,20,2025-01-04,Arsenal,away,60,52,drawing,Alexis Mac Allister,MF,107.48,41.16,94.04,34.98,Z085,11.0,36.7,1,0,central,penalty_area,right_foot,volley,open_play,1,0,1.2,4,0,0.1012,1,0,0
SYN_SHOT_002197,synthetic_modelled_not_official_event_data,2024-25,Liverpool,Premier League,LIV_PL_2024_25_31,31,2025-03-20,Manchester City,home,75,49,drawing,Virgil van Dijk,DF,99.6,62.21,87.15,52.88,Z079,25.98,11.17,0,0,right_wing,final_third_outside_box,head,normal,corner,0,0,1.95,2,0,0.003,1,0,0
SYN_SHOT_002198,synthetic_modelled_not_official_event_data,2024-25,Liverpool,Premier League,LIV_PL_2024_25_13,13,2024-11-13,Manchester United,home,15,49,drawing,Diogo Jota,FW,110.8,46.11,96.95,39.19,Z093,9.58,36.94,1,0,central,six_yard_box,right_foot,normal,open_play,1,0,2.56,5,0,0.1477,0,0,0
SYN_SHOT_002199,synthetic_modelled_not_official_event_data,2024-25,Liverpool,Premier League,LIV_PL_2024_25_32,32,2025-03-27,Manchester United,away,39,20,drawing,Mohamed Salah,FW,100.4,52.02,87.85,44.21,Z086,19.96,18.06,0,0,right_half_space,penalty_area,left_foot,first_time,open_play,0,0,2.7,0,0,0.0278,0,0,0
SYN_SHOT_002200,synthetic_modelled_not_official_event_data,2024-25,Liverpool,Premier League,LIV_PL_2024_25_03,3,2024-09-08,Bournemouth,home,48,1,losing,Cody Gakpo,FW,107.55,20.09,94.11,17.08,Z083,20.13,11.51,1,0,left_half_space,penalty_area,right_foot,half_volley,open_play,1,0,0.5,1,0,0.0237,1,0,0
SYN_SHOT_002201,synthetic_modelled_not_official_event_data,2024-25,Liverpool,Premier League,LIV_PL_2024_25_01,1,2024-08-24,Arsenal,home,29,29,winning,Cody Gakpo,FW,80.78,79.0,70.69,67.15,Z072,47.71,6.33,0,0,right_wing,final_third_outside_box,right_foot,curled,counter_attack,0,0,4.28,1,0,0.0009,1,0,0
SYN_SHOT_002202,synthetic_modelled_not_official_event_data,2024-25,Liverpool,Premier League,LIV_PL_2024_25_33,33,2025-04-04,Newcastle United,home,95,50,winning,Mohamed Salah,FW,108.31,31.33,94.77,26.63,Z084,12.61,27.21,1,0,central,penalty_area,right_foot,volley,open_play,0,0,6.06,0,0,0.2211,1,1,1
SYN_SHOT_002203,synthetic_modelled_not_official_event_data,2024-25,Liverpool,Premier League,LIV_PL_2024_25_28,28,2025-02-27,Fulham,away,81,50,winning,Cody Gakpo,FW,93.2,64.03,81.55,54.42,Z079,31.1,10.2,0,0,right_wing,final_third_outside_box,right_foot,normal,open_play,0,0,4.3,1,0,0.0054,0,0,0
SYN_SHOT_002204,synthetic_modelled_not_official_event_data,2024-25,Liverpool,Premier League,LIV_PL_2024_25_14,14,2024-11-20,Newcastle United,away,94,11,drawing,Mohamed Salah,FW,109.72,45.96,96.01,39.06,Z085,10.32,35.26,1,0,central,penalty_area,head,chip,throw_in,1,1,7.01,1,1,0.4668,1,0,0
SYN_SHOT_002205,synthetic_modelled_not_official_event_data,2024-25,Liverpool,Premier League,LIV_PL_2024_25_03,3,2024-09-04,Bournemouth,home,26,33,winning,Federico Chiesa,FW,119.5,21.28,104.56,18.09,Z091,15.92,0.76,1,0,left_half_space,penalty_area,right_foot,normal,open_play,0,0,1.67,2,0,0.0337,0,0,0
SYN_SHOT_002206,synthetic_modelled_not_official_event_data,2024-25,Liverpool,Premier League,LIV_PL_2024_25_37,37,2025-04-30,West Ham United,home,91,20,drawing,Mohamed Salah,FW,110.14,40.93,96.37,34.79,Z093,8.66,45.68,1,0,central,six_yard_box,head,placed,open_play,1,0,6.12,4,0,0.1898,1,0,0
SYN_SHOT_002207,synthetic_modelled_not_official_event_data,2024-25,Liverpool,Premier League,LIV_PL_2024_25_14,14,2024-11-22,Newcastle United,away,27,7,winning,Mohamed Salah,FW,92.15,67.99,80.63,57.8,Z079,34.06,8.84,0,0,right_wing,final_third_outside_box,left_foot,normal,high_press_recovery,1,1,10.67,0,1,0.0184,0,0,0
SYN_SHOT_002208,synthetic_modelled_not_official_event_data,2024-25,Liverpool,Premier League,LIV_PL_2024_25_20,20,2025-01-01,Arsenal,away,81,49,drawing,Diogo Jota,FW,111.94,70.25,97.95,59.71,Z096,26.66,4.23,0,0,right_wing,wide_final_third,right_foot,curled,open_play,1,0,1.27,1,0,0.0043,0,0,0
SYN_SHOT_002209,synthetic_modelled_not_official_event_data,2024-25,Liverpool,Premier League,LIV_PL_2024_25_34,34,2025-04-13,Nottingham Forest,away,16,6,losing,Mohamed Salah,FW,93.21,42.81,81.56,36.38,Z077,23.56,17.57,0,0,central,final_third_outside_box,left_foot,first_time,high_press_recovery,1,1,4.46,4,1,0.0505,0,0,0
SYN_SHOT_002210,synthetic_modelled_not_official_event_data,2024-25,Liverpool,Premier League,LIV_PL_2024_25_09,9,2024-10-16,Fulham,home,61,21,winning,Mohamed Salah,FW,116.72,48.44,102.13,41.18,Z093,7.73,24.39,1,1,central,six_yard_box,head,volley,open_play,1,0,2.11,5,0,0.1915,0,0,0
SYN_SHOT_002211,synthetic_modelled_not_official_event_data,2024-25,Liverpool,Premier League,LIV_PL_2024_25_01,1,2024-08-25,Arsenal,home,32,13,drawing,Luis Díaz,FW,103.24,54.48,90.34,46.31,Z086,19.14,16.91,1,0,right_half_space,penalty_area,right_foot,placed,open_play,0,0,3.74,2,0,0.0564,0,0,0
SYN_SHOT_002212,synthetic_modelled_not_official_event_data,2024-25,Liverpool,Premier League,LIV_PL_2024_25_06,6,2024-09-28,Chelsea,away,36,21,winning,Mohamed Salah,FW,101.72,30.08,89.0,25.57,Z084,18.08,20.48,1,0,central,penalty_area,right_foot,power,open_play,0,1,8.35,3,1,0.1963,0,0,0
SYN_SHOT_002213,synthetic_modelled_not_official_event_data,2024-25,Liverpool,Premier League,LIV_PL_2024_25_15,15,2024-12-01,Nottingham Forest,home,76,29,losing,Luis Díaz,FW,79.8,42.75,69.83,36.34,Z061,35.25,11.83,0,0,central,middle_third,right_foot,power,open_play,0,0,2.58,2,0,0.0032,0,0,0
SYN_SHOT_002214,synthetic_modelled_not_official_event_data,2024-25,Liverpool,Premier League,LIV_PL_2024_25_14,14,2024-11-20,Newcastle United,away,33,32,losing,Mohamed Salah,FW,79.61,79.0,69.66,67.15,Z064,48.45,6.32,0,0,right_wing,middle_third,left_foot,chip,open_play,0,0,3.63,4,0,0.0005,0,0,0
SYN_SHOT_002215,synthetic_modelled_not_official_event_data,2024-25,Liverpool,Premier League,LIV_PL_2024_25_07,7,2024-10-04,Crystal Palace,home,74,5,drawing,Diogo Jota,FW,110.08,35.87,96.32,30.49,Z092,9.36,40.56,1,0,central,six_yard_box,left_foot,volley,open_play,1,0,6.99,1,0,0.2976,0,0,0
SYN_SHOT_002216,synthetic_modelled_not_official_event_data,2024-25,Liverpool,Premier League,LIV_PL_2024_25_07,7,2024-10-05,Crystal Palace,home,73,29,winning,Alexis Mac Allister,MF,89.3,40.13,78.14,34.11,Z069,26.86,15.52,0,0,central,final_third_outside_box,right_foot,normal,open_play,1,0,5.2,2,0,0.0086,0,0,0
SYN_SHOT_002217,synthetic_modelled_not_official_event_data,2024-25,Liverpool,Premier League,LIV_PL_2024_25_30,30,2025-03-13,Leicester City,away,60,6,losing,James Norris,DF,116.29,48.06,101.75,40.85,Z093,7.58,28.34,1,1,central,six_yard_box,head,volley,corner,0,0,3.93,3,0,0.1988,0,0,0
SYN_SHOT_002218,synthetic_modelled_not_official_event_data,2024-25,Liverpool,Premier League,LIV_PL_2024_25_35,35,2025-04-20,Southampton,home,76,19,winning,Diogo Jota,FW,110.56,22.17,96.74,18.84,Z091,17.26,11.99,1,0,left_half_space,penalty_area,right_foot,volley,open_play,1,0,0.85,1,0,0.0372,0,0,0
SYN_SHOT_002219,synthetic_modelled_not_official_event_data,2024-25,Liverpool,Premier League,LIV_PL_2024_25_22,22,2025-01-16,Bournemouth,away,90,18,drawing,Virgil van Dijk,DF,103.38,50.38,90.46,42.82,Z086,17.01,21.09,1,0,right_half_space,penalty_area,left_foot,normal,free_kick_indirect,0,0,3.01,2,0,0.062,0,0,0
SYN_SHOT_002220,synthetic_modelled_not_official_event_data,2024-25,Liverpool,Premier League,LIV_PL_2024_25_32,32,2025-03-28,Manchester United,away,5,29,losing,Luis Díaz,FW,77.34,26.95,67.67,22.91,Z059,38.94,10.3,0,0,left_half_space,middle_third,left_foot,normal,open_play,1,0,3.08,2,0,0.0015,0,0,0
SYN_SHOT_002221,synthetic_modelled_not_official_event_data,2024-25,Liverpool,Premier League,LIV_PL_2024_25_30,30,2025-03-15,Leicester City,away,23,9,winning,Mohamed Salah,FW,93.55,20.9,81.86,17.76,Z075,28.27,12.17,0,0,left_half_space,final_third_outside_box,right_foot,normal,open_play,0,0,6.26,3,0,0.006,0,0,0
SYN_SHOT_002222,synthetic_modelled_not_official_event_data,2024-25,Liverpool,Premier League,LIV_PL_2024_25_11,11,2024-10-30,Leicester City,home,13,43,winning,Curtis Jones,MF,88.74,38.91,77.65,33.08,Z068,27.37,15.23,0,0,central,final_third_outside_box,head,curled,open_play,0,0,1.58,0,0,0.0064,0,0,0
SYN_SHOT_002223,synthetic_modelled_not_official_event_data,2024-25,Liverpool,Premier League,LIV_PL_2024_25_12,12,2024-11-09,Manchester City,away,17,37,winning,Mohamed Salah,FW,113.46,58.02,99.28,49.32,Z094,16.35,9.36,1,0,right_half_space,penalty_area,right_foot,curled,open_play,0,0,6.7,0,0,0.0933,1,0,0
SYN_SHOT_002224,synthetic_modelled_not_official_event_data,2024-25,Liverpool,Premier League,LIV_PL_2024_25_33,33,2025-04-06,Newcastle United,home,9,57,losing,Mohamed Salah,FW,109.35,26.17,95.68,22.25,Z083,15.0,17.87,1,0,left_half_space,penalty_area,left_foot,chip,high_press_recovery,1,0,6.55,1,0,0.0919,0,0,0
SYN_SHOT_002225,synthetic_modelled_not_official_event_data,2024-25,Liverpool,Premier League,LIV_PL_2024_25_26,26,2025-02-12,Crystal Palace,away,16,38,losing,Luis Díaz,FW,119.35,31.93,104.43,27.14,Z092,6.89,6.99,1,1,central,six_yard_box,right_foot,first_time,high_press_recovery,0,1,5.36,2,1,0.7245,1,0,0
SYN_SHOT_002226,synthetic_modelled_not_official_event_data,2024-25,Liverpool,Premier League,LIV_PL_2024_25_34,34,2025-04-11,Nottingham Forest,away,9,44,losing,Alexis Mac Allister,MF,100.7,53.0,88.11,45.05,Z086,20.18,17.43,0,0,right_half_space,penalty_area,other,normal,direct_free_kick,0,0,3.28,3,0,0.0046,0,0,0
SYN_SHOT_002227,synthetic_modelled_not_official_event_data,2024-25,Liverpool,Premier League,LIV_PL_2024_25_11,11,2024-11-03,Leicester City,home,65,57,winning,Diogo Jota,FW,105.35,60.09,92.18,51.08,Z087,21.35,11.97,1,0,right_wing,wide_final_third,right_foot,normal,open_play,0,0,0.72,1,0,0.0331,0,0,0
SYN_SHOT_002228,synthetic_modelled_not_official_event_data,2024-25,Liverpool,Premier League,LIV_PL_2024_25_30,30,2025-03-15,Leicester City,away,39,24,drawing,Federico Chiesa,FW,111.56,33.12,97.62,28.15,Z092,9.42,35.67,1,0,central,six_yard_box,left_foot,first_time,open_play,0,0,1.23,1,0,0.2287,1,0,0
SYN_SHOT_002229,synthetic_modelled_not_official_event_data,2024-25,Liverpool,Premier League,LIV_PL_2024_25_05,5,2024-09-21,Brighton,home,10,18,drawing,Mohamed Salah,FW,111.93,16.02,97.94,13.62,Z090,21.57,6.53,0,0,left_wing,wide_final_third,head,normal,open_play,0,0,4.95,1,0,0.0108,0,0,0
SYN_SHOT_002230,synthetic_modelled_not_official_event_data,2024-25,Liverpool,Premier League,LIV_PL_2024_25_02,2,2024-08-30,Aston Villa,away,88,14,losing,Virgil van Dijk,DF,112.27,65.92,98.23,56.03,Z095,23.05,5.46,0,0,right_wing,wide_final_third,right_foot,normal,open_play,0,0,3.6,1,0,0.0062,0,0,0
SYN_SHOT_002231,synthetic_modelled_not_official_event_data,2024-25,Liverpool,Premier League,LIV_PL_2024_25_13,13,2024-11-15,Manchester United,home,48,36,losing,Darwin Núñez,FW,102.37,35.23,89.57,29.95,Z084,15.95,25.1,1,0,central,penalty_area,right_foot,first_time,open_play,0,0,4.39,2,0,0.1199,1,0,0
SYN_SHOT_002232,synthetic_modelled_not_official_event_data,2024-25,Liverpool,Premier League,LIV_PL_2024_25_38,38,2025-05-11,Wolverhampton Wanderers,away,63,36,drawing,Diogo Jota,FW,99.68,64.34,87.22,54.69,Z079,27.28,10.1,0,0,right_wing,final_third_outside_box,right_foot,normal,open_play,0,0,3.99,4,0,0.006,0,0,0
SYN_SHOT_002233,synthetic_modelled_not_official_event_data,2024-25,Liverpool,Premier League,LIV_PL_2024_25_22,22,2025-01-15,Bournemouth,away,58,10,winning,Luis Díaz,FW,102.04,27.92,89.28,23.74,Z083,18.77,18.75,1,0,left_half_space,penalty_area,head,power,high_press_recovery,1,0,0.5,1,0,0.025,0,0,0
SYN_SHOT_002234,synthetic_modelled_not_official_event_data,2024-25,Liverpool,Premier League,LIV_PL_2024_25_03,3,2024-09-05,Bournemouth,home,21,15,drawing,Luis Díaz,FW,107.79,14.43,94.32,12.26,Z082,24.22,7.77,0,0,left_wing,wide_final_third,head,first_time,throw_in,1,0,1.25,2,0,0.0035,0,0,0
SYN_SHOT_002235,synthetic_modelled_not_official_event_data,2024-25,Liverpool,Premier League,LIV_PL_2024_25_27,27,2025-02-21,Everton,home,56,20,drawing,Cody Gakpo,FW,93.44,65.85,81.76,55.98,Z079,31.99,9.56,0,0,right_wing,final_third_outside_box,right_foot,chip,counter_attack,0,0,3.71,2,0,0.0061,0,0,0
SYN_SHOT_002236,synthetic_modelled_not_official_event_data,2024-25,Liverpool,Premier League,LIV_PL_2024_25_11,11,2024-10-30,Leicester City,home,7,56,losing,Luis Díaz,FW,111.92,48.59,97.93,41.3,Z093,10.16,29.94,1,0,central,six_yard_box,right_foot,volley,open_play,0,0,2.43,2,0,0.1599,0,0,0
SYN_SHOT_002237,synthetic_modelled_not_official_event_data,2024-25,Liverpool,Premier League,LIV_PL_2024_25_11,11,2024-10-31,Leicester City,home,59,39,winning,Mohamed Salah,FW,101.77,58.93,89.05,50.09,Z086,22.66,13.15,1,0,right_half_space,penalty_area,left_foot,chip,free_kick_indirect,1,1,6.43,0,1,0.1388,1,0,0
SYN_SHOT_002238,synthetic_modelled_not_official_event_data,2024-25,Liverpool,Premier League,LIV_PL_2024_25_34,34,2025-04-11,Nottingham Forest,away,60,52,winning,Cody Gakpo,FW,91.94,1.0,80.44,0.85,Z073,41.25,6.08,0,0,left_wing,final_third_outside_box,right_foot,normal,free_kick_indirect,0,0,4.21,1,0,0.0015,0,0,0
SYN_SHOT_002239,synthetic_modelled_not_official_event_data,2024-25,Liverpool,Premier League,LIV_PL_2024_25_14,14,2024-11-24,Newcastle United,away,26,36,losing,Ryan Gravenberch,MF,101.55,27.54,88.85,23.41,Z083,19.31,18.2,1,0,left_half_space,penalty_area,right_foot,normal,open_play,0,0,4.01,4,0,0.0315,0,0,0
SYN_SHOT_002240,synthetic_modelled_not_official_event_data,2024-25,Liverpool,Premier League,LIV_PL_2024_25_19,19,2024-12-28,Wolverhampton Wanderers,home,34,0,winning,Cody Gakpo,FW,110.61,28.97,96.78,24.62,Z091,12.47,22.95,1,0,left_half_space,penalty_area,right_foot,normal,open_play,0,0,4.57,2,0,0.1403,1,1,1
SYN_SHOT_002241,synthetic_modelled_not_official_event_data,2024-25,Liverpool,Premier League,LIV_PL_2024_25_08,8,2024-10-11,Everton,away,10,14,drawing,Luis Díaz,FW,97.2,11.43,85.05,9.72,Z074,31.43,8.52,0,0,left_wing,final_third_outside_box,left_foot,normal,open_play,1,0,2.01,1,0,0.0025,0,0,0
SYN_SHOT_002242,synthetic_modelled_not_official_event_data,2024-25,Liverpool,Premier League,LIV_PL_2024_25_07,7,2024-10-05,Crystal Palace,home,50,42,drawing,Mohamed Salah,FW,119.5,37.53,104.56,31.9,Z092,2.14,160.0,1,1,central,six_yard_box,left_foot,normal,counter_attack,0,0,4.65,3,0,0.8969,1,1,1
SYN_SHOT_002243,synthetic_modelled_not_official_event_data,2024-25,Liverpool,Premier League,LIV_PL_2024_25_26,26,2025-02-14,Crystal Palace,away,58,46,winning,Cody Gakpo,FW,112.95,3.49,98.83,2.96,Z089,31.64,2.62,0,0,left_wing,wide_final_third,head,normal,corner,0,0,4.71,1,0,0.0018,0,0,0
SYN_SHOT_002244,synthetic_modelled_not_official_event_data,2024-25,Liverpool,Premier League,LIV_PL_2024_25_24,24,2025-01-30,Brighton,away,43,38,drawing,Darwin Núñez,FW,113.46,46.5,99.28,39.52,Z093,7.95,40.04,1,0,central,six_yard_box,left_foot,normal,open_play,0,0,4.58,1,0,0.3581,1,0,0
SYN_SHOT_002245,synthetic_modelled_not_official_event_data,2024-25,Liverpool,Premier League,LIV_PL_2024_25_24,24,2025-02-02,Brighton,away,12,46,losing,Mohamed Salah,FW,104.41,1.0,91.36,0.85,Z081,35.85,4.49,0,0,left_wing,wide_final_third,left_foot,normal,open_play,0,0,4.53,2,0,0.0031,0,0,0
SYN_SHOT_002246,synthetic_modelled_not_official_event_data,2024-25,Liverpool,Premier League,LIV_PL_2024_25_30,30,2025-03-15,Leicester City,away,28,38,drawing,Cody Gakpo,FW,118.1,43.17,103.33,36.7,Z093,3.17,105.41,1,1,central,six_yard_box,head,first_time,corner,0,0,2.63,3,0,0.6261,1,1,1
SYN_SHOT_002247,synthetic_modelled_not_official_event_data,2024-25,Liverpool,Premier League,LIV_PL_2024_25_15,15,2024-11-28,Nottingham Forest,home,44,6,drawing,Diogo Jota,FW,110.21,31.88,96.43,27.1,Z092,11.0,30.24,1,0,central,six_yard_box,right_foot,normal,counter_attack,1,0,4.87,2,0,0.2002,0,0,0
SYN_SHOT_002248,synthetic_modelled_not_official_event_data,2024-25,Liverpool,Premier League,LIV_PL_2024_25_04,4,2024-09-11,Brentford,away,31,11,drawing,Mohamed Salah,FW,100.36,64.7,87.81,55.0,Z087,27.14,9.87,0,0,right_wing,wide_final_third,right_foot,normal,open_play,1,0,6.02,1,0,0.0071,0,0,0
SYN_SHOT_002249,synthetic_modelled_not_official_event_data,2024-25,Liverpool,Premier League,LIV_PL_2024_25_13,13,2024-11-17,Manchester United,home,63,26,losing,Mohamed Salah,FW,75.4,62.57,65.98,53.18,Z063,43.48,8.65,0,0,right_wing,middle_third,right_foot,normal,high_press_recovery,1,0,1.46,2,0,0.0009,0,0,0
SYN_SHOT_002250,synthetic_modelled_not_official_event_data,2024-25,Liverpool,Premier League,LIV_PL_2024_25_25,25,2025-02-06,Chelsea,home,27,27,losing,Mohamed Salah,FW,108.0,40.0,94.5,34.0,Z085,10.5,38.43,1,0,central,penalty_area,left_foot,normal,penalty,1,0,2.54,2,1,0.9692,1,0,0
SYN_SHOT_002251,synthetic_modelled_not_official_event_data,2024-25,Liverpool,Premier League,LIV_PL_2024_25_06,6,2024-09-25,Chelsea,away,67,20,drawing,Cody Gakpo,FW,100.33,72.11,87.79,61.3,Z088,32.27,6.99,0,0,right_wing,wide_final_third,right_foot,volley,open_play,0,0,5.65,1,0,0.0042,0,0,0
SYN_SHOT_002252,synthetic_modelled_not_official_event_data,2024-25,Liverpool,Premier League,LIV_PL_2024_25_32,32,2025-03-30,Manchester United,away,79,57,drawing,Luis Díaz,FW,86.51,30.47,75.7,25.9,Z068,30.4,13.25,0,0,central,final_third_outside_box,right_foot,normal,open_play,0,0,4.37,2,0,0.0062,1,0,0
SYN_SHOT_002253,synthetic_modelled_not_official_event_data,2024-25,Liverpool,Premier League,LIV_PL_2024_25_26,26,2025-02-14,Crystal Palace,away,28,30,drawing,Mohamed Salah,FW,81.06,36.98,70.93,31.43,Z068,34.17,12.19,0,0,central,final_third_outside_box,left_foot,half_volley,open_play,0,0,3.19,0,0,0.0079,0,0,0
SYN_SHOT_002254,synthetic_modelled_not_official_event_data,2024-25,Liverpool,Premier League,LIV_PL_2024_25_27,27,2025-02-23,Everton,home,86,4,drawing,Darwin Núñez,FW,100.58,1.39,88.01,1.18,Z081,36.96,5.25,0,0,left_wing,wide_final_third,other,power,open_play,1,0,0.78,3,0,0.0003,1,0,0
SYN_SHOT_002255,synthetic_modelled_not_official_event_data,2024-25,Liverpool,Premier League,LIV_PL_2024_25_13,13,2024-11-14,Manchester United,home,17,31,drawing,Alexis Mac Allister,MF,88.77,45.04,77.67,38.28,Z069,27.66,14.9,0,0,central,final_third_outside_box,right_foot,volley,open_play,1,0,5.19,1,0,0.0077,1,0,0
SYN_SHOT_002256,synthetic_modelled_not_official_event_data,2024-25,Liverpool,Premier League,LIV_PL_2024_25_25,25,2025-02-09,Chelsea,home,37,8,drawing,Luis Díaz,FW,119.2,40.13,104.3,34.11,Z093,0.71,158.31,1,1,central,six_yard_box,left_foot,chip,counter_attack,0,1,7.67,1,1,0.9813,1,1,1
SYN_SHOT_002257,synthetic_modelled_not_official_event_data,2024-25,Liverpool,Premier League,LIV_PL_2024_25_13,13,2024-11-13,Manchester United,home,81,52,winning,Diogo Jota,FW,106.66,57.72,93.33,49.06,Z086,19.06,13.73,1,0,right_half_space,penalty_area,right_foot,normal,open_play,1,0,3.93,3,0,0.0279,1,0,0
SYN_SHOT_002258,synthetic_modelled_not_official_event_data,2024-25,Liverpool,Premier League,LIV_PL_2024_25_02,2,2024-09-01,Aston Villa,away,50,10,losing,Mohamed Salah,FW,113.36,34.36,99.19,29.2,Z092,7.53,44.45,1,0,central,six_yard_box,left_foot,normal,open_play,0,0,0.5,1,0,0.3985,1,1,1
SYN_SHOT_002259,synthetic_modelled_not_official_event_data,2024-25,Liverpool,Premier League,LIV_PL_2024_25_25,25,2025-02-07,Chelsea,home,86,52,drawing,Ryan Gravenberch,MF,77.27,45.66,67.61,38.81,Z061,37.7,11.0,0,0,central,middle_third,right_foot,normal,open_play,0,0,2.57,2,0,0.0021,1,0,0
SYN_SHOT_002260,synthetic_modelled_not_official_event_data,2024-25,Liverpool,Premier League,LIV_PL_2024_25_20,20,2025-01-01,Arsenal,away,86,24,losing,Luis Díaz,FW,89.69,45.07,78.48,38.31,Z069,26.87,15.32,0,0,central,final_third_outside_box,head,power,counter_attack,0,0,0.5,0,0,0.0099,1,0,0
SYN_SHOT_002261,synthetic_modelled_not_official_event_data,2024-25,Liverpool,Premier League,LIV_PL_2024_25_15,15,2024-11-29,Nottingham Forest,home,77,0,winning,Cody Gakpo,FW,89.23,49.99,78.07,42.49,Z069,28.24,14.12,0,0,central,final_third_outside_box,right_foot,curled,open_play,0,0,2.73,2,0,0.0063,0,0,0
SYN_SHOT_002262,synthetic_modelled_not_official_event_data,2024-25,Liverpool,Premier League,LIV_PL_2024_25_16,16,2024-12-06,Southampton,away,10,29,drawing,Luis Díaz,FW,103.86,40.22,90.88,34.19,Z085,14.13,29.05,1,0,central,penalty_area,right_foot,normal,open_play,0,0,2.64,1,0,0.1308,0,0,0
SYN_SHOT_002263,synthetic_modelled_not_official_event_data,2024-25,Liverpool,Premier League,LIV_PL_2024_25_15,15,2024-11-29,Nottingham Forest,home,21,19,winning,Cody Gakpo,FW,105.5,23.8,92.31,20.23,Z083,18.72,15.4,1,0,left_half_space,penalty_area,head,normal,open_play,0,0,3.94,2,0,0.0381,0,0,0
SYN_SHOT_002264,synthetic_modelled_not_official_event_data,2024-25,Liverpool,Premier League,LIV_PL_2024_25_02,2,2024-08-29,Aston Villa,away,73,1,losing,Dominik Szoboszlai,MF,89.49,1.0,78.31,0.85,Z065,42.56,6.2,0,0,left_wing,final_third_outside_box,left_foot,normal,open_play,1,0,3.96,3,0,0.0005,0,0,0
SYN_SHOT_002265,synthetic_modelled_not_official_event_data,2024-25,Liverpool,Premier League,LIV_PL_2024_25_27,27,2025-02-21,Everton,home,55,58,losing,Mohamed Salah,FW,85.07,51.08,74.43,43.42,Z070,31.98,12.5,0,0,right_half_space,final_third_outside_box,left_foot,volley,free_kick_indirect,0,0,4.93,2,0,0.0062,0,0,0
SYN_SHOT_002266,synthetic_modelled_not_official_event_data,2024-25,Liverpool,Premier League,LIV_PL_2024_25_23,23,2025-01-22,Brentford,home,83,1,winning,Mohamed Salah,FW,91.33,21.86,79.91,18.58,Z075,29.45,12.14,0,0,left_half_space,final_third_outside_box,left_foot,curled,open_play,1,0,7.13,2,0,0.0058,0,0,0
SYN_SHOT_002267,synthetic_modelled_not_official_event_data,2024-25,Liverpool,Premier League,LIV_PL_2024_25_14,14,2024-11-24,Newcastle United,away,88,6,drawing,Mohamed Salah,FW,85.12,40.71,74.48,34.61,Z069,30.52,13.67,0,0,central,final_third_outside_box,left_foot,normal,open_play,0,0,1.9,4,0,0.0047,0,0,0
SYN_SHOT_002268,synthetic_modelled_not_official_event_data,2024-25,Liverpool,Premier League,LIV_PL_2024_25_13,13,2024-11-15,Manchester United,home,87,57,losing,Darwin Núñez,FW,83.57,45.54,73.13,38.71,Z069,32.22,12.83,0,0,central,final_third_outside_box,right_foot,first_time,open_play,1,0,5.95,2,0,0.0042,1,0,0
SYN_SHOT_002269,synthetic_modelled_not_official_event_data,2024-25,Liverpool,Premier League,LIV_PL_2024_25_25,25,2025-02-06,Chelsea,home,58,48,drawing,Luis Díaz,FW,98.89,42.74,86.53,36.33,Z077,18.62,22.08,0,0,central,final_third_outside_box,left_foot,normal,counter_attack,0,1,4.6,1,1,0.1768,1,0,0
SYN_SHOT_002270,synthetic_modelled_not_official_event_data,2024-25,Liverpool,Premier League,LIV_PL_2024_25_16,16,2024-12-04,Southampton,away,15,48,drawing,Diogo Jota,FW,119.37,20.3,104.45,17.25,Z091,16.76,0.87,1,0,left_half_space,penalty_area,left_foot,normal,open_play,0,0,4.94,2,0,0.0517,1,0,0
SYN_SHOT_002271,synthetic_modelled_not_official_event_data,2024-25,Liverpool,Premier League,LIV_PL_2024_25_27,27,2025-02-22,Everton,home,35,45,drawing,Mohamed Salah,FW,111.49,4.54,97.56,3.86,Z089,31.05,3.28,0,0,left_wing,wide_final_third,left_foot,normal,counter_attack,0,0,3.02,4,0,0.0042,0,0,0
SYN_SHOT_002272,synthetic_modelled_not_official_event_data,2024-25,Liverpool,Premier League,LIV_PL_2024_25_17,17,2024-12-12,Tottenham Hotspur,home,30,53,winning,Mohamed Salah,FW,107.89,30.05,94.4,25.55,Z084,13.56,24.48,1,0,central,penalty_area,left_foot,first_time,high_press_recovery,1,0,2.42,1,0,0.099,0,0,0
SYN_SHOT_002273,synthetic_modelled_not_official_event_data,2024-25,Liverpool,Premier League,LIV_PL_2024_25_17,17,2024-12-15,Tottenham Hotspur,home,1,59,losing,Mohamed Salah,FW,110.67,46.74,96.83,39.73,Z093,9.98,34.76,1,0,central,six_yard_box,right_foot,normal,corner,0,0,3.62,1,0,0.2574,1,1,1
SYN_SHOT_002274,synthetic_modelled_not_official_event_data,2024-25,Liverpool,Premier League,LIV_PL_2024_25_30,30,2025-03-12,Leicester City,away,41,37,drawing,Mohamed Salah,FW,113.08,40.33,98.94,34.28,Z093,6.06,62.2,1,0,central,six_yard_box,head,first_time,open_play,0,0,2.95,1,0,0.4721,1,0,0
SYN_SHOT_002275,synthetic_modelled_not_official_event_data,2024-25,Liverpool,Premier League,LIV_PL_2024_25_19,19,2024-12-28,Wolverhampton Wanderers,home,8,51,winning,Curtis Jones,MF,93.96,38.86,82.21,33.03,Z076,22.81,18.22,0,0,central,final_third_outside_box,right_foot,normal,high_press_recovery,0,1,3.43,3,1,0.0559,0,0,0
SYN_SHOT_002276,synthetic_modelled_not_official_event_data,2024-25,Liverpool,Premier League,LIV_PL_2024_25_31,31,2025-03-20,Manchester City,home,73,55,drawing,Luis Díaz,FW,92.74,48.15,81.15,40.93,Z077,24.84,16.13,0,0,central,final_third_outside_box,right_foot,placed,free_kick_indirect,0,0,4.04,4,0,0.0082,0,0,0
SYN_SHOT_002277,synthetic_modelled_not_official_event_data,2024-25,Liverpool,Premier League,LIV_PL_2024_25_25,25,2025-02-08,Chelsea,home,48,31,losing,Virgil van Dijk,DF,105.41,67.11,92.23,57.04,Z087,26.34,7.82,0,0,right_wing,wide_final_third,right_foot,first_time,high_press_recovery,1,0,0.5,1,0,0.0028,0,0,0
SYN_SHOT_002278,synthetic_modelled_not_official_event_data,2024-25,Liverpool,Premier League,LIV_PL_2024_25_01,1,2024-08-24,Arsenal,home,88,51,drawing,Mohamed Salah,FW,111.74,47.62,97.77,40.47,Z093,9.7,33.23,1,0,central,six_yard_box,left_foot,volley,high_press_recovery,0,1,6.85,3,1,0.5918,1,0,0
SYN_SHOT_002279,synthetic_modelled_not_official_event_data,2024-25,Liverpool,Premier League,LIV_PL_2024_25_08,8,2024-10-13,Everton,away,85,48,losing,Mohamed Salah,FW,101.18,42.44,88.54,36.08,Z085,16.59,24.7,1,0,central,penalty_area,left_foot,first_time,open_play,0,0,2.37,1,0,0.1091,1,1,1
SYN_SHOT_002280,synthetic_modelled_not_official_event_data,2024-25,Liverpool,Premier League,LIV_PL_2024_25_22,22,2025-01-18,Bournemouth,away,73,57,losing,Diogo Jota,FW,106.16,51.84,92.89,44.06,Z086,15.75,20.71,1,0,right_half_space,penalty_area,right_foot,placed,high_press_recovery,1,0,3.53,2,0,0.0876,1,0,0
SYN_SHOT_002281,synthetic_modelled_not_official_event_data,2024-25,Liverpool,Premier League,LIV_PL_2024_25_18,18,2024-12-19,West Ham United,away,53,28,drawing,Curtis Jones,MF,102.31,72.67,89.53,61.77,Z088,31.79,6.48,0,0,right_wing,wide_final_third,right_foot,placed,open_play,1,0,2.7,1,0,0.0019,0,0,0
SYN_SHOT_002282,synthetic_modelled_not_official_event_data,2024-25,Liverpool,Premier League,LIV_PL_2024_25_32,32,2025-03-29,Manchester United,away,30,7,losing,Darwin Núñez,FW,110.94,50.4,97.07,42.84,Z094,11.88,24.45,1,0,right_half_space,penalty_area,right_foot,normal,open_play,0,0,0.5,3,0,0.0727,1,0,0
SYN_SHOT_002283,synthetic_modelled_not_official_event_data,2024-25,Liverpool,Premier League,LIV_PL_2024_25_35,35,2025-04-18,Southampton,home,52,5,winning,Darwin Núñez,FW,106.53,52.73,93.22,44.82,Z086,16.0,19.58,1,0,right_half_space,penalty_area,head,placed,open_play,1,0,6.62,1,0,0.0381,1,1,1
SYN_SHOT_002284,synthetic_modelled_not_official_event_data,2024-25,Liverpool,Premier League,LIV_PL_2024_25_01,1,2024-08-21,Arsenal,home,68,42,drawing,Dominik Szoboszlai,MF,97.66,28.31,85.45,24.06,Z075,21.93,17.02,0,0,left_half_space,final_third_outside_box,head,normal,open_play,0,0,0.79,1,0,0.0084,0,0,0
SYN_SHOT_002285,synthetic_modelled_not_official_event_data,2024-25,Liverpool,Premier League,LIV_PL_2024_25_08,8,2024-10-12,Everton,away,94,55,losing,Luis Díaz,FW,109.06,41.04,95.43,34.89,Z085,9.61,41.58,1,0,central,penalty_area,right_foot,normal,open_play,0,0,2.72,0,0,0.3286,1,0,0
SYN_SHOT_002286,synthetic_modelled_not_official_event_data,2024-25,Liverpool,Premier League,LIV_PL_2024_25_06,6,2024-09-25,Chelsea,away,68,20,winning,Mohamed Salah,FW,113.12,36.52,98.98,31.04,Z092,6.71,54.36,1,0,central,six_yard_box,right_foot,half_volley,open_play,0,0,3.22,0,0,0.6359,1,1,1
SYN_SHOT_002287,synthetic_modelled_not_official_event_data,2024-25,Liverpool,Premier League,LIV_PL_2024_25_28,28,2025-02-26,Fulham,away,87,54,losing,Mohamed Salah,FW,116.47,30.29,101.91,25.75,Z092,8.81,19.39,1,1,central,six_yard_box,left_foot,volley,open_play,1,0,3.47,1,1,0.5551,1,0,0
SYN_SHOT_002288,synthetic_modelled_not_official_event_data,2024-25,Liverpool,Premier League,LIV_PL_2024_25_18,18,2024-12-20,West Ham United,away,25,38,drawing,Mohamed Salah,FW,105.1,30.3,91.96,25.75,Z084,15.43,23.02,1,0,central,penalty_area,head,normal,open_play,0,0,2.86,5,0,0.0403,0,0,0
SYN_SHOT_002289,synthetic_modelled_not_official_event_data,2024-25,Liverpool,Premier League,LIV_PL_2024_25_19,19,2024-12-29,Wolverhampton Wanderers,home,92,45,winning,Luis Díaz,FW,94.14,31.33,82.37,26.63,Z076,23.8,16.68,0,0,central,final_third_outside_box,right_foot,normal,open_play,1,0,0.5,2,0,0.0077,0,0,0
SYN_SHOT_002290,synthetic_modelled_not_official_event_data,2024-25,Liverpool,Premier League,LIV_PL_2024_25_14,14,2024-11-23,Newcastle United,away,33,50,losing,Luis Díaz,FW,101.96,46.68,89.21,39.68,Z085,16.78,23.32,1,0,central,penalty_area,right_foot,first_time,throw_in,1,0,3.27,0,0,0.101,1,0,0
SYN_SHOT_002291,synthetic_modelled_not_official_event_data,2024-25,Liverpool,Premier League,LIV_PL_2024_25_28,28,2025-02-28,Fulham,away,77,39,losing,Mohamed Salah,FW,106.25,33.15,92.97,28.18,Z084,13.36,28.07,1,0,central,penalty_area,left_foot,normal,open_play,0,0,1.47,4,0,0.1122,0,0,0
SYN_SHOT_002292,synthetic_modelled_not_official_event_data,2024-25,Liverpool,Premier League,LIV_PL_2024_25_36,36,2025-04-23,Tottenham Hotspur,away,56,7,drawing,Cody Gakpo,FW,98.15,38.04,85.88,32.34,Z076,19.19,21.52,0,0,central,final_third_outside_box,right_foot,normal,counter_attack,0,1,2.46,4,1,0.0885,1,0,0
SYN_SHOT_002293,synthetic_modelled_not_official_event_data,2024-25,Liverpool,Premier League,LIV_PL_2024_25_17,17,2024-12-13,Tottenham Hotspur,home,55,45,losing,Mohamed Salah,FW,116.48,36.81,101.92,31.29,Z092,4.1,81.34,1,1,central,six_yard_box,right_foot,power,counter_attack,1,0,3.6,2,0,0.8847,1,0,0
SYN_SHOT_002294,synthetic_modelled_not_official_event_data,2024-25,Liverpool,Premier League,LIV_PL_2024_25_29,29,2025-03-09,Ipswich Town,home,27,47,winning,Federico Chiesa,FW,87.02,54.01,76.14,45.91,Z070,31.22,12.39,0,0,right_half_space,final_third_outside_box,left_foot,placed,open_play,0,0,1.47,2,0,0.0037,0,0,0
SYN_SHOT_002295,synthetic_modelled_not_official_event_data,2024-25,Liverpool,Premier League,LIV_PL_2024_25_13,13,2024-11-17,Manchester United,home,74,51,drawing,Mohamed Salah,FW,101.51,16.44,88.82,13.97,Z082,25.75,10.33,1,0,left_wing,wide_final_third,left_foot,curled,open_play,0,1,4.33,0,1,0.1276,1,0,0
SYN_SHOT_002296,synthetic_modelled_not_official_event_data,2024-25,Liverpool,Premier League,LIV_PL_2024_25_30,30,2025-03-14,Leicester City,away,76,9,drawing,Cody Gakpo,FW,95.77,56.76,83.8,48.25,Z078,25.54,13.65,0,0,right_half_space,final_third_outside_box,right_foot,normal,open_play,0,0,1.62,0,0,0.0108,0,0,0
SYN_SHOT_002297,synthetic_modelled_not_official_event_data,2024-25,Liverpool,Premier League,LIV_PL_2024_25_25,25,2025-02-05,Chelsea,home,84,6,losing,Luis Díaz,FW,118.37,29.82,103.58,25.34,Z091,8.77,9.31,1,1,left_half_space,penalty_area,right_foot,normal,open_play,0,0,5.65,2,0,0.3264,1,1,1
SYN_SHOT_002298,synthetic_modelled_not_official_event_data,2024-25,Liverpool,Premier League,LIV_PL_2024_25_03,3,2024-09-06,Bournemouth,home,67,36,drawing,Darwin Núñez,FW,103.55,25.72,90.61,21.86,Z083,18.83,17.17,1,0,left_half_space,penalty_area,left_foot,normal,counter_attack,0,0,1.93,1,0,0.053,0,0,0
SYN_SHOT_002299,synthetic_modelled_not_official_event_data,2024-25,Liverpool,Premier League,LIV_PL_2024_25_26,26,2025-02-12,Crystal Palace,away,28,30,drawing,Mohamed Salah,FW,105.54,33.69,92.34,28.63,Z084,13.75,27.82,1,0,central,penalty_area,head,first_time,open_play,1,0,3.92,2,0,0.1024,0,0,0
SYN_SHOT_002300,synthetic_modelled_not_official_event_data,2024-25,Liverpool,Premier League,LIV_PL_2024_25_01,1,2024-08-24,Arsenal,home,56,15,losing,Luis Díaz,FW,112.95,26.87,98.83,22.84,Z091,12.75,16.84,1,0,left_half_space,penalty_area,head,normal,corner,1,0,0.74,3,0,0.0183,0,0,0
SYN_SHOT_002301,synthetic_modelled_not_official_event_data,2024-25,Liverpool,Premier League,LIV_PL_2024_25_13,13,2024-11-14,Manchester United,home,2,6,drawing,Conor Bradley,DF,108.01,34.59,94.5,29.4,Z084,11.46,33.08,1,0,central,penalty_area,head,first_time,corner,1,0,6.3,2,0,0.0769,1,0,0
SYN_SHOT_002302,synthetic_modelled_not_official_event_data,2024-25,Liverpool,Premier League,LIV_PL_2024_25_02,2,2024-09-01,Aston Villa,away,91,50,drawing,Diogo Jota,FW,102.8,34.76,89.95,29.55,Z084,15.7,25.31,1,0,central,penalty_area,right_foot,curled,open_play,1,0,1.67,0,0,0.1055,0,0,0
SYN_SHOT_002303,synthetic_modelled_not_official_event_data,2024-25,Liverpool,Premier League,LIV_PL_2024_25_09,9,2024-10-19,Fulham,home,75,11,winning,Mohamed Salah,FW,119.42,33.52,104.49,28.49,Z092,5.53,12.15,1,1,central,six_yard_box,head,first_time,corner,1,1,5.42,4,1,0.5029,1,0,0
SYN_SHOT_002304,synthetic_modelled_not_official_event_data,2024-25,Liverpool,Premier League,LIV_PL_2024_25_36,36,2025-04-23,Tottenham Hotspur,away,47,57,winning,Cody Gakpo,FW,111.24,65.42,97.34,55.61,Z095,22.93,6.25,0,0,right_wing,wide_final_third,right_foot,normal,open_play,0,0,4.3,5,0,0.0077,1,0,0
SYN_SHOT_002305,synthetic_modelled_not_official_event_data,2024-25,Liverpool,Premier League,LIV_PL_2024_25_26,26,2025-02-16,Crystal Palace,away,57,26,drawing,Mohamed Salah,FW,116.54,50.28,101.98,42.73,Z094,9.24,17.08,1,1,right_half_space,penalty_area,left_foot,normal,open_play,1,0,3.1,1,1,0.524,1,1,1
SYN_SHOT_002306,synthetic_modelled_not_official_event_data,2024-25,Liverpool,Premier League,LIV_PL_2024_25_10,10,2024-10-23,Ipswich Town,away,5,48,winning,Mohamed Salah,FW,107.36,67.05,93.94,56.99,Z087,25.51,7.24,0,0,right_wing,wide_final_third,head,normal,corner,0,0,1.78,4,0,0.0024,0,0,0
SYN_SHOT_002307,synthetic_modelled_not_official_event_data,2024-25,Liverpool,Premier League,LIV_PL_2024_25_25,25,2025-02-07,Chelsea,home,78,50,winning,Alexis Mac Allister,MF,89.89,79.0,78.65,67.15,Z072,42.35,6.18,0,0,right_wing,final_third_outside_box,right_foot,first_time,open_play,0,0,0.5,6,0,0.0006,0,0,0
SYN_SHOT_002308,synthetic_modelled_not_official_event_data,2024-25,Liverpool,Premier League,LIV_PL_2024_25_20,20,2025-01-01,Arsenal,away,9,15,drawing,Mohamed Salah,FW,86.07,27.17,75.31,23.1,Z067,31.63,12.42,0,0,left_half_space,final_third_outside_box,left_foot,first_time,free_kick_indirect,0,0,3.86,3,0,0.0041,0,0,0
SYN_SHOT_002309,synthetic_modelled_not_official_event_data,2024-25,Liverpool,Premier League,LIV_PL_2024_25_06,6,2024-09-28,Chelsea,away,14,47,drawing,Mohamed Salah,FW,104.03,12.89,91.03,10.96,Z082,26.95,8.17,0,0,left_wing,wide_final_third,left_foot,first_time,direct_free_kick,0,0,2.32,3,0,0.0036,0,0,0
SYN_SHOT_002310,synthetic_modelled_not_official_event_data,2024-25,Liverpool,Premier League,LIV_PL_2024_25_10,10,2024-10-26,Ipswich Town,away,36,38,winning,Mohamed Salah,FW,115.66,55.67,101.21,47.32,Z094,13.85,8.84,1,0,right_half_space,penalty_area,head,first_time,corner,0,0,4.74,1,0,0.0451,1,0,0
SYN_SHOT_002311,synthetic_modelled_not_official_event_data,2024-25,Liverpool,Premier League,LIV_PL_2024_25_26,26,2025-02-15,Crystal Palace,away,16,54,drawing,Mohamed Salah,FW,108.35,17.44,94.81,14.82,Z082,21.72,9.25,1,0,left_wing,wide_final_third,right_foot,first_time,open_play,1,0,5.29,1,0,0.0295,0,0,0
SYN_SHOT_002312,synthetic_modelled_not_official_event_data,2024-25,Liverpool,Premier League,LIV_PL_2024_25_26,26,2025-02-13,Crystal Palace,away,18,47,drawing,Dominik Szoboszlai,MF,98.19,44.13,85.91,37.51,Z077,19.41,21.04,0,0,central,final_third_outside_box,right_foot,normal,throw_in,1,0,3.99,3,0,0.0156,0,0,0
SYN_SHOT_002313,synthetic_modelled_not_official_event_data,2024-25,Liverpool,Premier League,LIV_PL_2024_25_29,29,2025-03-05,Ipswich Town,home,46,37,winning,Mohamed Salah,FW,108.0,40.0,94.5,34.0,Z085,10.5,38.43,1,0,central,penalty_area,left_foot,power,penalty,0,0,3.38,2,1,0.9837,1,1,1
SYN_SHOT_002314,synthetic_modelled_not_official_event_data,2024-25,Liverpool,Premier League,LIV_PL_2024_25_34,34,2025-04-10,Nottingham Forest,away,6,35,winning,Alexis Mac Allister,MF,118.64,42.27,103.81,35.93,Z093,2.26,133.49,1,1,central,six_yard_box,head,first_time,open_play,1,0,3.51,1,1,0.8786,1,1,1
SYN_SHOT_002315,synthetic_modelled_not_official_event_data,2024-25,Liverpool,Premier League,LIV_PL_2024_25_25,25,2025-02-05,Chelsea,home,81,12,winning,Kieran Morrison,MF,102.58,48.88,89.76,41.55,Z085,17.01,22.02,1,0,central,penalty_area,left_foot,normal,open_play,0,0,1.82,1,0,0.0529,0,0,0
SYN_SHOT_002316,synthetic_modelled_not_official_event_data,2024-25,Liverpool,Premier League,LIV_PL_2024_25_24,24,2025-02-01,Brighton,away,86,44,drawing,Mohamed Salah,FW,99.97,17.5,87.47,14.88,Z074,25.94,11.01,0,0,left_wing,final_third_outside_box,left_foot,power,open_play,1,0,3.83,2,0,0.0084,0,0,0
SYN_SHOT_002317,synthetic_modelled_not_official_event_data,2024-25,Liverpool,Premier League,LIV_PL_2024_25_09,9,2024-10-16,Fulham,home,93,24,drawing,Dominik Szoboszlai,MF,107.89,62.52,94.4,53.14,Z087,21.88,9.46,1,0,right_wing,wide_final_third,right_foot,normal,open_play,0,1,5.27,2,1,0.1134,0,0,0
SYN_SHOT_002318,synthetic_modelled_not_official_event_data,2024-25,Liverpool,Premier League,LIV_PL_2024_25_28,28,2025-02-27,Fulham,away,33,10,drawing,Mohamed Salah,FW,108.0,40.0,94.5,34.0,Z085,10.5,38.43,1,0,central,penalty_area,left_foot,normal,penalty,0,0,5.93,1,1,0.9837,1,1,1
SYN_SHOT_002319,synthetic_modelled_not_official_event_data,2024-25,Liverpool,Premier League,LIV_PL_2024_25_35,35,2025-04-19,Southampton,home,43,4,winning,Mohamed Salah,FW,94.44,28.45,82.64,24.18,Z075,24.42,15.68,0,0,left_half_space,final_third_outside_box,right_foot,volley,counter_attack,0,1,6.43,4,1,0.0524,0,0,0
SYN_SHOT_002320,synthetic_modelled_not_official_event_data,2024-25,Liverpool,Premier League,LIV_PL_2024_25_01,1,2024-08-22,Arsenal,home,72,4,losing,Luis Díaz,FW,86.47,32.87,75.66,27.94,Z068,29.96,13.65,0,0,central,final_third_outside_box,right_foot,normal,open_play,1,0,1.03,1,0,0.0044,0,0,0
SYN_SHOT_002321,synthetic_modelled_not_official_event_data,2024-25,Liverpool,Premier League,LIV_PL_2024_25_20,20,2025-01-01,Arsenal,away,24,45,winning,Diogo Jota,FW,115.11,51.94,100.72,44.15,Z094,11.02,16.19,1,0,right_half_space,penalty_area,right_foot,normal,open_play,0,0,1.85,2,0,0.1144,1,1,1
SYN_SHOT_002322,synthetic_modelled_not_official_event_data,2024-25,Liverpool,Premier League,LIV_PL_2024_25_15,15,2024-11-27,Nottingham Forest,home,84,40,drawing,Mohamed Salah,FW,98.07,19.61,85.81,16.67,Z074,25.86,12.1,0,0,left_wing,final_third_outside_box,left_foot,curled,open_play,0,0,1.49,3,0,0.0059,0,0,0
SYN_SHOT_002323,synthetic_modelled_not_official_event_data,2024-25,Liverpool,Premier League,LIV_PL_2024_25_22,22,2025-01-18,Bournemouth,away,93,17,winning,Cody Gakpo,FW,112.16,33.62,98.14,28.58,Z092,8.74,38.55,1,0,central,six_yard_box,right_foot,first_time,open_play,0,0,5.09,1,0,0.3489,1,0,0
SYN_SHOT_002324,synthetic_modelled_not_official_event_data,2024-25,Liverpool,Premier League,LIV_PL_2024_25_38,38,2025-05-08,Wolverhampton Wanderers,away,2,1,drawing,Mohamed Salah,FW,84.21,60.05,73.68,51.05,Z071,35.66,10.33,0,0,right_wing,final_third_outside_box,left_foot,curled,open_play,0,0,0.5,4,0,0.0018,1,0,0
SYN_SHOT_002325,synthetic_modelled_not_official_event_data,2024-25,Liverpool,Premier League,LIV_PL_2024_25_04,4,2024-09-13,Brentford,away,69,53,drawing,Mohamed Salah,FW,104.99,44.4,91.86,37.74,Z085,13.66,29.05,1,0,central,penalty_area,left_foot,chip,counter_attack,0,0,3.85,3,0,0.1795,0,0,0
SYN_SHOT_002326,synthetic_modelled_not_official_event_data,2024-25,Liverpool,Premier League,LIV_PL_2024_25_22,22,2025-01-18,Bournemouth,away,32,38,drawing,Luis Díaz,FW,112.06,43.64,98.05,37.09,Z093,7.6,48.86,1,0,central,six_yard_box,right_foot,first_time,open_play,0,0,2.79,1,0,0.3786,1,1,1
SYN_SHOT_002327,synthetic_modelled_not_official_event_data,2024-25,Liverpool,Premier League,LIV_PL_2024_25_29,29,2025-03-09,Ipswich Town,home,70,7,winning,Federico Chiesa,FW,100.23,49.03,87.7,41.67,Z085,18.93,20.17,0,0,central,penalty_area,right_foot,placed,open_play,1,0,4.8,5,0,0.0119,0,0,0
SYN_SHOT_002328,synthetic_modelled_not_official_event_data,2024-25,Liverpool,Premier League,LIV_PL_2024_25_29,29,2025-03-07,Ipswich Town,home,19,22,drawing,Mohamed Salah,FW,73.68,60.06,64.47,51.05,Z063,43.97,8.78,0,0,right_wing,middle_third,left_foot,volley,high_press_recovery,0,0,2.96,2,0,0.0012,1,0,0
SYN_SHOT_002329,synthetic_modelled_not_official_event_data,2024-25,Liverpool,Premier League,LIV_PL_2024_25_35,35,2025-04-19,Southampton,home,49,46,drawing,Mohamed Salah,FW,98.63,2.05,86.3,1.74,Z073,37.29,5.68,0,0,left_wing,final_third_outside_box,right_foot,normal,free_kick_indirect,0,0,1.26,1,0,0.002,0,0,0
SYN_SHOT_002330,synthetic_modelled_not_official_event_data,2024-25,Liverpool,Premier League,LIV_PL_2024_25_25,25,2025-02-07,Chelsea,home,16,24,winning,Cody Gakpo,FW,119.5,10.74,104.56,9.13,Z090,24.87,0.3,0,0,left_wing,wide_final_third,right_foot,volley,open_play,0,0,0.5,5,0,0.0038,0,0,0
SYN_SHOT_002331,synthetic_modelled_not_official_event_data,2024-25,Liverpool,Premier League,LIV_PL_2024_25_29,29,2025-03-09,Ipswich Town,home,20,16,losing,Mohamed Salah,FW,93.34,34.5,81.67,29.33,Z076,23.79,17.17,0,0,central,final_third_outside_box,right_foot,normal,direct_free_kick,1,0,2.79,2,0,0.0097,1,0,0
SYN_SHOT_002332,synthetic_modelled_not_official_event_data,2024-25,Liverpool,Premier League,LIV_PL_2024_25_04,4,2024-09-13,Brentford,away,45,44,winning,Tyler Morton,MF,96.43,48.68,84.37,41.38,Z077,21.91,17.93,0,0,central,final_third_outside_box,head,normal,counter_attack,0,0,1.32,4,0,0.0065,0,0,0
SYN_SHOT_002333,synthetic_modelled_not_official_event_data,2024-25,Liverpool,Premier League,LIV_PL_2024_25_26,26,2025-02-13,Crystal Palace,away,58,18,winning,Wataru Endo,MF,102.0,30.76,89.25,26.15,Z084,17.6,21.26,1,0,central,penalty_area,right_foot,normal,open_play,1,0,2.06,1,0,0.0346,0,0,0
SYN_SHOT_002334,synthetic_modelled_not_official_event_data,2024-25,Liverpool,Premier League,LIV_PL_2024_25_34,34,2025-04-13,Nottingham Forest,away,54,41,winning,Ryan Gravenberch,MF,111.27,1.0,97.36,0.85,Z089,34.02,2.8,0,0,left_wing,wide_final_third,right_foot,normal,open_play,1,0,4.2,1,0,0.0018,0,0,0
SYN_SHOT_002335,synthetic_modelled_not_official_event_data,2024-25,Liverpool,Premier League,LIV_PL_2024_25_29,29,2025-03-07,Ipswich Town,home,93,14,winning,Luis Díaz,FW,96.44,15.39,84.39,13.08,Z074,29.37,10.08,0,0,left_wing,final_third_outside_box,right_foot,normal,open_play,0,0,2.63,3,0,0.003,0,0,0
SYN_SHOT_002336,synthetic_modelled_not_official_event_data,2024-25,Liverpool,Premier League,LIV_PL_2024_25_18,18,2024-12-21,West Ham United,away,24,46,winning,Mohamed Salah,FW,106.19,1.0,92.92,0.85,Z081,35.28,4.11,0,0,left_wing,wide_final_third,head,volley,open_play,0,0,3.97,1,0,0.0021,0,0,0
SYN_SHOT_002337,synthetic_modelled_not_official_event_data,2024-25,Liverpool,Premier League,LIV_PL_2024_25_25,25,2025-02-06,Chelsea,home,8,20,winning,Dominik Szoboszlai,MF,103.81,43.64,90.83,37.09,Z085,14.5,27.78,1,0,central,penalty_area,right_foot,half_volley,counter_attack,0,0,1.59,1,0,0.1408,0,0,0
SYN_SHOT_002338,synthetic_modelled_not_official_event_data,2024-25,Liverpool,Premier League,LIV_PL_2024_25_02,2,2024-08-31,Aston Villa,away,68,30,drawing,Mohamed Salah,FW,99.32,46.92,86.9,39.88,Z077,19.03,20.8,0,0,central,final_third_outside_box,head,normal,direct_free_kick,1,0,2.15,2,0,0.012,1,0,0
SYN_SHOT_002339,synthetic_modelled_not_official_event_data,2024-25,Liverpool,Premier League,LIV_PL_2024_25_02,2,2024-09-01,Aston Villa,away,9,41,drawing,Cody Gakpo,FW,103.67,31.23,90.71,26.55,Z084,16.11,23.01,1,0,central,penalty_area,right_foot,curled,counter_attack,1,0,2.02,4,0,0.0439,0,0,0
SYN_SHOT_002340,synthetic_modelled_not_official_event_data,2024-25,Liverpool,Premier League,LIV_PL_2024_25_34,34,2025-04-12,Nottingham Forest,away,48,33,winning,Alexis Mac Allister,MF,114.08,24.09,99.82,20.48,Z091,14.48,10.93,1,0,left_half_space,penalty_area,right_foot,normal,high_press_recovery,0,0,4.7,1,0,0.0811,1,0,0
SYN_SHOT_002341,synthetic_modelled_not_official_event_data,2024-25,Liverpool,Premier League,LIV_PL_2024_25_13,13,2024-11-14,Manchester United,home,21,32,winning,Cody Gakpo,FW,105.96,40.42,92.72,34.36,Z085,12.29,33.16,1,0,central,penalty_area,right_foot,first_time,open_play,1,0,3.71,2,0,0.174,1,0,0
SYN_SHOT_002342,synthetic_modelled_not_official_event_data,2024-25,Liverpool,Premier League,LIV_PL_2024_25_07,7,2024-10-02,Crystal Palace,home,63,0,losing,Diogo Jota,FW,90.37,22.19,79.07,18.86,Z075,30.03,12.06,0,0,left_half_space,final_third_outside_box,left_foot,first_time,counter_attack,1,1,6.72,1,1,0.0261,0,0,0
SYN_SHOT_002343,synthetic_modelled_not_official_event_data,2024-25,Liverpool,Premier League,LIV_PL_2024_25_23,23,2025-01-26,Brentford,home,93,49,losing,Curtis Jones,MF,115.21,55.8,100.81,47.43,Z094,14.07,9.43,1,0,right_half_space,penalty_area,head,normal,corner,0,0,2.81,2,0,0.0228,0,0,0
SYN_SHOT_002344,synthetic_modelled_not_official_event_data,2024-25,Liverpool,Premier League,LIV_PL_2024_25_16,16,2024-12-06,Southampton,away,66,21,losing,Cody Gakpo,FW,88.85,38.73,77.75,32.92,Z068,27.27,15.27,0,0,central,final_third_outside_box,right_foot,volley,open_play,0,0,0.5,2,0,0.0093,0,0,0
SYN_SHOT_002345,synthetic_modelled_not_official_event_data,2024-25,Liverpool,Premier League,LIV_PL_2024_25_06,6,2024-09-28,Chelsea,away,74,27,losing,Trent Kone-Doherty,FW,101.17,33.83,88.53,28.76,Z084,17.29,22.9,1,0,central,penalty_area,head,normal,open_play,1,0,0.5,0,0,0.0396,1,1,1
SYN_SHOT_002346,synthetic_modelled_not_official_event_data,2024-25,Liverpool,Premier League,LIV_PL_2024_25_38,38,2025-05-11,Wolverhampton Wanderers,away,70,32,drawing,Ryan Gravenberch,MF,108.0,40.0,94.5,34.0,Z085,10.5,38.43,1,0,central,penalty_area,right_foot,power,penalty,0,0,0.74,1,1,0.9677,1,1,1
SYN_SHOT_002347,synthetic_modelled_not_official_event_data,2024-25,Liverpool,Premier League,LIV_PL_2024_25_27,27,2025-02-23,Everton,home,84,22,winning,Ryan Gravenberch,MF,95.1,17.35,83.21,14.75,Z074,29.08,10.85,0,0,left_wing,final_third_outside_box,right_foot,normal,open_play,0,0,4.06,2,0,0.0058,0,0,0
SYN_SHOT_002348,synthetic_modelled_not_official_event_data,2024-25,Liverpool,Premier League,LIV_PL_2024_25_17,17,2024-12-15,Tottenham Hotspur,home,84,50,losing,Alexis Mac Allister,MF,80.63,57.27,70.55,48.68,Z070,37.44,10.29,0,0,right_half_space,final_third_outside_box,right_foot,placed,free_kick_indirect,0,0,2.09,1,0,0.0018,0,0,0
SYN_SHOT_002349,synthetic_modelled_not_official_event_data,2024-25,Liverpool,Premier League,LIV_PL_2024_25_07,7,2024-10-04,Crystal Palace,home,35,58,winning,Mohamed Salah,FW,97.39,4.46,85.21,3.79,Z073,36.11,6.4,0,0,left_wing,final_third_outside_box,head,volley,throw_in,1,0,3.65,3,0,0.0009,0,0,0
SYN_SHOT_002350,synthetic_modelled_not_official_event_data,2024-25,Liverpool,Premier League,LIV_PL_2024_25_37,37,2025-05-03,West Ham United,home,31,21,winning,Luis Díaz,FW,110.27,1.28,96.49,1.09,Z089,33.99,3.12,0,0,left_wing,wide_final_third,right_foot,normal,open_play,0,0,1.73,1,0,0.0022,0,0,0
SYN_SHOT_002351,synthetic_modelled_not_official_event_data,2024-25,Liverpool,Premier League,LIV_PL_2024_25_31,31,2025-03-23,Manchester City,home,19,29,losing,Dominik Szoboszlai,MF,107.87,14.57,94.39,12.39,Z082,24.08,7.81,0,0,left_wing,wide_final_third,right_foot,normal,corner,0,0,3.85,2,0,0.0073,0,0,0
SYN_SHOT_002352,synthetic_modelled_not_official_event_data,2024-25,Liverpool,Premier League,LIV_PL_2024_25_28,28,2025-02-27,Fulham,away,37,49,drawing,Alexis Mac Allister,MF,118.82,42.87,103.97,36.44,Z093,2.65,130.17,1,1,central,six_yard_box,left_foot,normal,free_kick_indirect,0,0,2.61,2,0,0.8436,1,1,1
SYN_SHOT_002353,synthetic_modelled_not_official_event_data,2024-25,Liverpool,Premier League,LIV_PL_2024_25_21,21,2025-01-11,Aston Villa,home,86,29,drawing,Luis Díaz,FW,109.49,10.5,95.8,8.93,Z082,26.71,5.49,0,0,left_wing,wide_final_third,right_foot,normal,open_play,0,0,4.06,2,0,0.0073,0,0,0
SYN_SHOT_002354,synthetic_modelled_not_official_event_data,2024-25,Liverpool,Premier League,LIV_PL_2024_25_26,26,2025-02-12,Crystal Palace,away,4,55,winning,Darwin Núñez,FW,74.23,79.0,64.95,67.15,Z064,51.99,6.22,0,0,right_wing,middle_third,left_foot,normal,open_play,1,0,3.92,2,0,0.0003,0,0,0
SYN_SHOT_002355,synthetic_modelled_not_official_event_data,2024-25,Liverpool,Premier League,LIV_PL_2024_25_17,17,2024-12-14,Tottenham Hotspur,home,70,6,drawing,Luis Díaz,FW,86.26,65.05,75.48,55.29,Z071,36.4,9.36,0,0,right_wing,final_third_outside_box,left_foot,power,open_play,1,0,3.93,4,0,0.0012,0,0,0
SYN_SHOT_002356,synthetic_modelled_not_official_event_data,2024-25,Liverpool,Premier League,LIV_PL_2024_25_28,28,2025-02-26,Fulham,away,66,59,winning,Ryan Gravenberch,MF,109.8,21.07,96.07,17.91,Z083,18.4,11.36,1,0,left_half_space,penalty_area,right_foot,normal,open_play,1,0,2.94,3,0,0.0149,0,0,0
SYN_SHOT_002357,synthetic_modelled_not_official_event_data,2024-25,Liverpool,Premier League,LIV_PL_2024_25_10,10,2024-10-25,Ipswich Town,away,8,56,drawing,Alexis Mac Allister,MF,71.07,2.57,62.18,2.18,Z057,53.34,6.32,0,0,left_wing,middle_third,right_foot,normal,open_play,0,0,4.57,1,0,0.0003,1,0,0
SYN_SHOT_002358,synthetic_modelled_not_official_event_data,2024-25,Liverpool,Premier League,LIV_PL_2024_25_36,36,2025-04-27,Tottenham Hotspur,away,80,35,drawing,Cody Gakpo,FW,117.73,58.66,103.02,49.86,Z094,15.98,3.43,1,0,right_half_space,penalty_area,left_foot,volley,open_play,1,0,4.67,1,0,0.0389,0,0,0
SYN_SHOT_002359,synthetic_modelled_not_official_event_data,2024-25,Liverpool,Premier League,LIV_PL_2024_25_22,22,2025-01-17,Bournemouth,away,34,13,winning,Luis Díaz,FW,99.33,36.07,86.92,30.66,Z076,18.39,22.18,0,0,central,final_third_outside_box,left_foot,first_time,open_play,0,0,3.41,6,0,0.0264,0,0,0
SYN_SHOT_002360,synthetic_modelled_not_official_event_data,2024-25,Liverpool,Premier League,LIV_PL_2024_25_01,1,2024-08-25,Arsenal,home,45,41,winning,Cody Gakpo,FW,114.97,33.68,100.6,28.63,Z092,6.94,42.8,1,1,central,six_yard_box,head,first_time,corner,0,0,0.87,1,1,0.6278,1,1,1
SYN_SHOT_002361,synthetic_modelled_not_official_event_data,2024-25,Liverpool,Premier League,LIV_PL_2024_25_05,5,2024-09-18,Brighton,home,37,48,winning,Dominik Szoboszlai,MF,119.5,55.99,104.56,47.59,Z094,13.6,1.07,1,0,right_half_space,penalty_area,right_foot,curled,counter_attack,1,0,4.2,1,0,0.0532,0,0,0
SYN_SHOT_002362,synthetic_modelled_not_official_event_data,2024-25,Liverpool,Premier League,LIV_PL_2024_25_24,24,2025-02-01,Brighton,away,71,7,winning,Dominik Szoboszlai,MF,119.2,26.77,104.3,22.75,Z091,11.27,2.6,1,0,left_half_space,penalty_area,left_foot,normal,open_play,0,0,3.89,0,0,0.0988,0,0,0
SYN_SHOT_002363,synthetic_modelled_not_official_event_data,2024-25,Liverpool,Premier League,LIV_PL_2024_25_21,21,2025-01-12,Aston Villa,home,1,1,winning,Mohamed Salah,FW,100.08,79.0,87.57,67.15,Z088,37.45,5.25,0,0,right_wing,wide_final_third,right_foot,first_time,open_play,1,0,2.88,1,0,0.0014,0,0,0
SYN_SHOT_002364,synthetic_modelled_not_official_event_data,2024-25,Liverpool,Premier League,LIV_PL_2024_25_06,6,2024-09-25,Chelsea,away,65,51,winning,Cody Gakpo,FW,109.75,45.55,96.03,38.72,Z085,10.14,36.31,1,0,central,penalty_area,left_foot,volley,open_play,0,0,2.08,0,0,0.2875,1,1,1
SYN_SHOT_002365,synthetic_modelled_not_official_event_data,2024-25,Liverpool,Premier League,LIV_PL_2024_25_02,2,2024-08-31,Aston Villa,away,46,35,winning,Luis Díaz,FW,98.28,34.16,86.0,29.04,Z076,19.64,20.48,0,0,central,final_third_outside_box,right_foot,normal,open_play,0,0,2.98,4,0,0.0162,0,0,0
SYN_SHOT_002366,synthetic_modelled_not_official_event_data,2024-25,Liverpool,Premier League,LIV_PL_2024_25_31,31,2025-03-20,Manchester City,home,59,58,drawing,Alexis Mac Allister,MF,93.05,56.86,81.42,48.33,Z078,27.59,12.99,0,0,right_half_space,final_third_outside_box,right_foot,first_time,direct_free_kick,0,0,2.49,2,0,0.0046,0,0,0
SYN_SHOT_002367,synthetic_modelled_not_official_event_data,2024-25,Liverpool,Premier League,LIV_PL_2024_25_10,10,2024-10-27,Ipswich Town,away,88,46,losing,Luis Díaz,FW,119.5,13.59,104.56,11.55,Z090,22.45,0.37,0,0,left_wing,wide_final_third,left_foot,power,open_play,0,0,3.46,2,0,0.0101,0,0,0
SYN_SHOT_002368,synthetic_modelled_not_official_event_data,2024-25,Liverpool,Premier League,LIV_PL_2024_25_29,29,2025-03-05,Ipswich Town,home,43,17,winning,Diogo Jota,FW,90.71,58.69,79.37,49.88,Z078,30.15,11.83,0,0,right_half_space,final_third_outside_box,other,power,open_play,1,0,5.22,1,0,0.0021,1,0,0
SYN_SHOT_002369,synthetic_modelled_not_official_event_data,2024-25,Liverpool,Premier League,LIV_PL_2024_25_28,28,2025-03-02,Fulham,away,8,41,losing,Virgil van Dijk,DF,105.71,14.94,92.5,12.7,Z082,24.7,8.72,0,0,left_wing,wide_final_third,head,power,open_play,0,0,3.18,0,0,0.0057,0,0,0
SYN_SHOT_002370,synthetic_modelled_not_official_event_data,2024-25,Liverpool,Premier League,LIV_PL_2024_25_27,27,2025-02-23,Everton,home,78,19,drawing,Mohamed Salah,FW,108.57,20.43,95.0,17.37,Z083,19.41,11.39,1,0,left_half_space,penalty_area,right_foot,power,open_play,0,0,2.45,2,0,0.0427,0,0,0
SYN_SHOT_002371,synthetic_modelled_not_official_event_data,2024-25,Liverpool,Premier League,LIV_PL_2024_25_08,8,2024-10-09,Everton,away,25,28,winning,Darwin Núñez,FW,113.95,67.36,99.71,57.26,Z095,23.85,3.99,0,0,right_wing,wide_final_third,head,normal,open_play,1,0,2.75,3,0,0.0019,0,0,0
SYN_SHOT_002372,synthetic_modelled_not_official_event_data,2024-25,Liverpool,Premier League,LIV_PL_2024_25_10,10,2024-10-23,Ipswich Town,away,5,19,losing,Luis Díaz,FW,110.19,32.93,96.41,27.99,Z092,10.48,33.09,1,0,central,six_yard_box,left_foot,chip,open_play,1,0,1.75,4,0,0.1051,0,0,0
SYN_SHOT_002373,synthetic_modelled_not_official_event_data,2024-25,Liverpool,Premier League,LIV_PL_2024_25_07,7,2024-10-05,Crystal Palace,home,91,37,winning,Luis Díaz,FW,118.51,46.9,103.69,39.86,Z093,6.01,22.86,1,1,central,six_yard_box,head,curled,open_play,0,0,4.23,2,0,0.4594,1,1,1
SYN_SHOT_002374,synthetic_modelled_not_official_event_data,2024-25,Liverpool,Premier League,LIV_PL_2024_25_04,4,2024-09-11,Brentford,away,35,21,losing,Mohamed Salah,FW,86.31,16.74,75.52,14.23,Z066,35.49,9.82,0,0,left_wing,final_third_outside_box,right_foot,placed,open_play,1,0,0.5,1,0,0.002,0,0,0
SYN_SHOT_002375,synthetic_modelled_not_official_event_data,2024-25,Liverpool,Premier League,LIV_PL_2024_25_37,37,2025-05-04,West Ham United,home,73,54,winning,Mohamed Salah,FW,102.12,38.06,89.36,32.35,Z084,15.73,26.07,1,0,central,penalty_area,left_foot,power,counter_attack,1,1,7.5,1,1,0.412,1,0,0
SYN_SHOT_002376,synthetic_modelled_not_official_event_data,2024-25,Liverpool,Premier League,LIV_PL_2024_25_29,29,2025-03-05,Ipswich Town,home,13,29,winning,Mohamed Salah,FW,117.26,41.51,102.6,35.28,Z093,2.72,108.84,1,1,central,six_yard_box,left_foot,power,open_play,0,0,3.75,2,0,0.9086,1,1,1
SYN_SHOT_002377,synthetic_modelled_not_official_event_data,2024-25,Liverpool,Premier League,LIV_PL_2024_25_10,10,2024-10-27,Ipswich Town,away,3,26,losing,Darwin Núñez,FW,104.33,39.43,91.29,33.52,Z084,13.72,29.85,1,0,central,penalty_area,head,chip,open_play,1,0,2.48,5,0,0.0418,0,0,0
SYN_SHOT_002378,synthetic_modelled_not_official_event_data,2024-25,Liverpool,Premier League,LIV_PL_2024_25_22,22,2025-01-16,Bournemouth,away,29,29,losing,Mohamed Salah,FW,110.24,16.47,96.46,14.0,Z090,21.74,7.75,1,0,left_wing,wide_final_third,right_foot,normal,counter_attack,0,0,2.95,2,0,0.0374,0,0,0
SYN_SHOT_002379,synthetic_modelled_not_official_event_data,2024-25,Liverpool,Premier League,LIV_PL_2024_25_38,38,2025-05-07,Wolverhampton Wanderers,away,71,12,drawing,Diogo Jota,FW,87.72,72.13,76.76,61.31,Z072,39.29,7.69,0,0,right_wing,final_third_outside_box,right_foot,normal,open_play,0,0,1.78,1,0,0.0016,0,0,0
SYN_SHOT_002380,synthetic_modelled_not_official_event_data,2024-25,Liverpool,Premier League,LIV_PL_2024_25_29,29,2025-03-07,Ipswich Town,home,86,2,winning,Cody Gakpo,FW,96.34,59.54,84.3,50.61,Z078,26.54,12.37,0,0,right_half_space,final_third_outside_box,head,normal,open_play,1,0,3.22,4,0,0.0028,0,0,0
SYN_SHOT_002381,synthetic_modelled_not_official_event_data,2024-25,Liverpool,Premier League,LIV_PL_2024_25_27,27,2025-02-23,Everton,home,17,30,drawing,Luis Díaz,FW,115.88,40.43,101.39,34.37,Z093,3.63,90.51,1,1,central,six_yard_box,right_foot,curled,open_play,0,0,4.43,1,1,0.9384,1,1,1
SYN_SHOT_002382,synthetic_modelled_not_official_event_data,2024-25,Liverpool,Premier League,LIV_PL_2024_25_29,29,2025-03-05,Ipswich Town,home,84,58,drawing,Diogo Jota,FW,105.62,39.04,92.42,33.18,Z084,12.61,32.32,1,0,central,penalty_area,right_foot,curled,open_play,1,0,3.82,0,0,0.2223,0,0,0
SYN_SHOT_002383,synthetic_modelled_not_official_event_data,2024-25,Liverpool,Premier League,LIV_PL_2024_25_19,19,2024-12-25,Wolverhampton Wanderers,home,39,31,losing,Alexis Mac Allister,MF,109.32,33.76,95.66,28.69,Z084,10.74,33.83,1,0,central,penalty_area,head,normal,high_press_recovery,0,0,0.5,1,0,0.1483,0,0,0
SYN_SHOT_002384,synthetic_modelled_not_official_event_data,2024-25,Liverpool,Premier League,LIV_PL_2024_25_14,14,2024-11-24,Newcastle United,away,75,55,losing,Mohamed Salah,FW,111.1,50.69,97.21,43.09,Z094,11.97,23.7,1,0,right_half_space,penalty_area,left_foot,first_time,open_play,1,0,3.63,1,0,0.13,0,0,0
SYN_SHOT_002385,synthetic_modelled_not_official_event_data,2024-25,Liverpool,Premier League,LIV_PL_2024_25_33,33,2025-04-03,Newcastle United,home,94,30,losing,Luis Díaz,FW,105.59,16.24,92.39,13.8,Z082,23.81,9.47,0,0,left_wing,wide_final_third,left_foot,normal,counter_attack,0,0,3.06,4,0,0.0095,0,0,0
SYN_SHOT_002386,synthetic_modelled_not_official_event_data,2024-25,Liverpool,Premier League,LIV_PL_2024_25_10,10,2024-10-27,Ipswich Town,away,7,37,winning,Mohamed Salah,FW,108.04,48.65,94.54,41.35,Z085,12.79,27.03,1,0,central,penalty_area,left_foot,normal,open_play,1,0,3.54,3,0,0.0882,1,0,0
SYN_SHOT_002387,synthetic_modelled_not_official_event_data,2024-25,Liverpool,Premier League,LIV_PL_2024_25_06,6,2024-09-29,Chelsea,away,90,3,losing,Mohamed Salah,FW,96.44,63.23,84.39,53.75,Z079,28.55,10.66,0,0,right_wing,final_third_outside_box,left_foot,normal,open_play,0,0,2.13,2,0,0.0065,0,0,0
SYN_SHOT_002388,synthetic_modelled_not_official_event_data,2024-25,Liverpool,Premier League,LIV_PL_2024_25_35,35,2025-04-18,Southampton,home,13,56,winning,Cody Gakpo,FW,115.21,3.08,100.81,2.62,Z089,31.66,1.78,0,0,left_wing,wide_final_third,left_foot,volley,open_play,1,0,1.77,3,0,0.0013,0,0,0
SYN_SHOT_002389,synthetic_modelled_not_official_event_data,2024-25,Liverpool,Premier League,LIV_PL_2024_25_34,34,2025-04-12,Nottingham Forest,away,71,21,drawing,Diogo Jota,FW,83.01,58.22,72.63,49.49,Z070,35.88,10.53,0,0,right_half_space,final_third_outside_box,right_foot,normal,open_play,0,0,1.16,1,0,0.0026,1,0,0
SYN_SHOT_002390,synthetic_modelled_not_official_event_data,2024-25,Liverpool,Premier League,LIV_PL_2024_25_38,38,2025-05-09,Wolverhampton Wanderers,away,65,49,drawing,Mohamed Salah,FW,83.52,39.3,73.08,33.41,Z068,31.93,13.08,0,0,central,final_third_outside_box,other,normal,open_play,0,0,2.86,3,0,0.0017,0,0,0
SYN_SHOT_002391,synthetic_modelled_not_official_event_data,2024-25,Liverpool,Premier League,LIV_PL_2024_25_35,35,2025-04-20,Southampton,home,78,31,losing,Andy Robertson,DF,106.68,33.71,93.35,28.65,Z084,12.82,29.47,1,0,central,penalty_area,head,normal,corner,1,0,1.81,2,0,0.0448,0,0,0
SYN_SHOT_002392,synthetic_modelled_not_official_event_data,2024-25,Liverpool,Premier League,LIV_PL_2024_25_17,17,2024-12-15,Tottenham Hotspur,home,8,56,losing,Diogo Jota,FW,115.47,41.72,101.04,35.46,Z093,4.22,81.33,1,1,central,six_yard_box,right_foot,normal,open_play,0,0,4.64,0,1,0.9554,1,1,1
SYN_SHOT_002393,synthetic_modelled_not_official_event_data,2024-25,Liverpool,Premier League,LIV_PL_2024_25_25,25,2025-02-05,Chelsea,home,86,44,drawing,Luis Díaz,FW,91.81,44.22,80.34,37.59,Z077,24.92,16.54,0,0,central,final_third_outside_box,left_foot,normal,open_play,0,0,1.03,0,0,0.0156,0,0,0
SYN_SHOT_002394,synthetic_modelled_not_official_event_data,2024-25,Liverpool,Premier League,LIV_PL_2024_25_30,30,2025-03-13,Leicester City,away,89,36,losing,Cody Gakpo,FW,98.59,19.06,86.27,16.2,Z074,25.84,11.84,0,0,left_wing,final_third_outside_box,right_foot,normal,open_play,1,0,5.34,5,0,0.0047,0,0,0
SYN_SHOT_002395,synthetic_modelled_not_official_event_data,2024-25,Liverpool,Premier League,LIV_PL_2024_25_17,17,2024-12-14,Tottenham Hotspur,home,26,15,drawing,Mohamed Salah,FW,104.32,44.15,91.28,37.53,Z085,14.16,28.21,1,0,central,penalty_area,right_foot,first_time,high_press_recovery,0,0,1.04,1,0,0.1743,0,0,0
SYN_SHOT_002396,synthetic_modelled_not_official_event_data,2024-25,Liverpool,Premier League,LIV_PL_2024_25_34,34,2025-04-10,Nottingham Forest,away,36,24,drawing,Wataru Endo,MF,104.87,41.52,91.76,35.29,Z085,13.3,30.65,1,0,central,penalty_area,left_foot,normal,open_play,0,0,3.41,2,0,0.1643,1,0,0
SYN_SHOT_002397,synthetic_modelled_not_official_event_data,2024-25,Liverpool,Premier League,LIV_PL_2024_25_23,23,2025-01-22,Brentford,home,10,53,drawing,Luis Díaz,FW,100.93,37.19,88.31,31.61,Z084,16.86,24.28,0,0,central,penalty_area,left_foot,curled,open_play,0,0,4.23,3,0,0.0334,0,0,0
SYN_SHOT_002398,synthetic_modelled_not_official_event_data,2024-25,Liverpool,Premier League,LIV_PL_2024_25_15,15,2024-11-29,Nottingham Forest,home,4,49,winning,Alexis Mac Allister,MF,114.12,47.97,99.85,40.77,Z093,8.5,32.59,1,1,central,six_yard_box,right_foot,normal,open_play,1,0,2.04,1,1,0.579,1,1,1
SYN_SHOT_002399,synthetic_modelled_not_official_event_data,2024-25,Liverpool,Premier League,LIV_PL_2024_25_26,26,2025-02-14,Crystal Palace,away,73,9,drawing,Mohamed Salah,FW,111.79,14.23,97.82,12.1,Z090,23.05,5.8,0,0,left_wing,wide_final_third,head,volley,throw_in,1,0,2.9,1,0,0.0047,1,0,0
SYN_SHOT_002400,synthetic_modelled_not_official_event_data,2024-25,Liverpool,Premier League,LIV_PL_2024_25_01,1,2024-08-23,Arsenal,home,89,35,winning,Cody Gakpo,FW,87.38,48.16,76.45,40.94,Z069,29.38,13.82,0,0,central,final_third_outside_box,left_foot,power,open_play,0,0,4.14,3,0,0.0047,0,0,0
SYN_SHOT_002401,synthetic_modelled_not_official_event_data,2024-25,Liverpool,Premier League,LIV_PL_2024_25_25,25,2025-02-09,Chelsea,home,29,7,winning,Mohamed Salah,FW,81.87,79.0,71.64,67.15,Z072,47.03,6.34,0,0,right_wing,final_third_outside_box,right_foot,volley,throw_in,0,0,0.5,2,0,0.0007,0,0,0
SYN_SHOT_002402,synthetic_modelled_not_official_event_data,2024-25,Liverpool,Premier League,LIV_PL_2024_25_28,28,2025-03-02,Fulham,away,74,16,drawing,Dominik Szoboszlai,MF,87.34,16.38,76.43,13.93,Z066,34.92,9.84,0,0,left_wing,final_third_outside_box,right_foot,normal,open_play,1,0,0.5,1,0,0.0017,0,0,0
SYN_SHOT_002403,synthetic_modelled_not_official_event_data,2024-25,Liverpool,Premier League,LIV_PL_2024_25_16,16,2024-12-06,Southampton,away,46,16,losing,Diogo Jota,FW,94.33,38.1,82.54,32.38,Z076,22.52,18.42,0,0,central,final_third_outside_box,right_foot,normal,open_play,0,0,6.45,2,0,0.0267,1,0,0
SYN_SHOT_002404,synthetic_modelled_not_official_event_data,2024-25,Liverpool,Premier League,LIV_PL_2024_25_35,35,2025-04-19,Southampton,home,80,25,losing,James McConnell,MF,111.62,69.49,97.67,59.07,Z095,26.12,4.59,0,0,right_wing,wide_final_third,head,normal,open_play,1,0,4.08,1,0,0.003,0,0,0
SYN_SHOT_002405,synthetic_modelled_not_official_event_data,2024-25,Liverpool,Premier League,LIV_PL_2024_25_03,3,2024-09-06,Bournemouth,home,62,34,losing,Mohamed Salah,FW,93.73,41.1,82.02,34.93,Z077,23.0,18.07,0,0,central,final_third_outside_box,left_foot,chip,free_kick_indirect,0,0,2.73,1,0,0.0198,0,0,0
SYN_SHOT_002406,synthetic_modelled_not_official_event_data,2024-25,Liverpool,Premier League,LIV_PL_2024_25_24,24,2025-01-29,Brighton,away,83,17,drawing,Cody Gakpo,FW,118.43,37.64,103.63,32.0,Z092,2.43,126.73,1,1,central,six_yard_box,other,first_time,open_play,0,0,3.26,1,1,0.886,1,1,1
SYN_SHOT_002407,synthetic_modelled_not_official_event_data,2024-25,Liverpool,Premier League,LIV_PL_2024_25_20,20,2025-01-01,Arsenal,away,35,54,losing,Ryan Gravenberch,MF,102.17,21.68,89.39,18.43,Z083,22.04,13.59,1,0,left_half_space,penalty_area,left_foot,normal,open_play,0,0,0.5,2,0,0.0232,0,0,0
SYN_SHOT_002408,synthetic_modelled_not_official_event_data,2024-25,Liverpool,Premier League,LIV_PL_2024_25_19,19,2024-12-29,Wolverhampton Wanderers,home,1,54,winning,Luis Díaz,FW,81.69,21.66,71.48,18.41,Z067,36.97,10.28,0,0,left_half_space,final_third_outside_box,left_foot,first_time,open_play,0,0,2.23,1,0,0.002,0,0,0
SYN_SHOT_002409,synthetic_modelled_not_official_event_data,2024-25,Liverpool,Premier League,LIV_PL_2024_25_01,1,2024-08-23,Arsenal,home,62,17,winning,Mohamed Salah,FW,112.66,16.31,98.58,13.87,Z090,21.13,6.19,1,0,left_wing,wide_final_third,head,normal,corner,0,0,3.85,4,0,0.0118,1,0,0
SYN_SHOT_002410,synthetic_modelled_not_official_event_data,2024-25,Liverpool,Premier League,LIV_PL_2024_25_03,3,2024-09-06,Bournemouth,home,46,41,drawing,Mohamed Salah,FW,99.65,42.99,87.19,36.55,Z077,17.99,22.79,0,0,central,final_third_outside_box,left_foot,normal,open_play,0,0,3.88,4,0,0.0348,0,0,0
SYN_SHOT_002411,synthetic_modelled_not_official_event_data,2024-25,Liverpool,Premier League,LIV_PL_2024_25_27,27,2025-02-23,Everton,home,10,26,losing,Ryan Gravenberch,MF,113.49,38.12,99.3,32.4,Z092,5.92,62.59,1,0,central,six_yard_box,right_foot,chip,open_play,1,0,4.61,1,0,0.4795,1,0,0
SYN_SHOT_002412,synthetic_modelled_not_official_event_data,2024-25,Liverpool,Premier League,LIV_PL_2024_25_15,15,2024-12-01,Nottingham Forest,home,47,41,drawing,Alexis Mac Allister,MF,108.51,46.67,94.94,39.67,Z085,11.55,31.55,1,0,central,penalty_area,right_foot,normal,open_play,0,0,1.22,5,0,0.1125,0,0,0
SYN_SHOT_002413,synthetic_modelled_not_official_event_data,2024-25,Liverpool,Premier League,LIV_PL_2024_25_13,13,2024-11-14,Manchester United,home,12,50,winning,Dominik Szoboszlai,MF,104.73,14.37,91.64,12.21,Z082,25.56,8.69,0,0,left_wing,wide_final_third,head,normal,free_kick_indirect,1,0,0.5,1,0,0.003,1,0,0
SYN_SHOT_002414,synthetic_modelled_not_official_event_data,2024-25,Liverpool,Premier League,LIV_PL_2024_25_37,37,2025-05-02,West Ham United,home,45,20,winning,Mohamed Salah,FW,88.28,52.42,77.25,44.55,Z070,29.69,13.17,0,0,right_half_space,final_third_outside_box,head,normal,open_play,0,0,1.1,4,0,0.0025,0,0,0
SYN_SHOT_002415,synthetic_modelled_not_official_event_data,2024-25,Liverpool,Premier League,LIV_PL_2024_25_19,19,2024-12-29,Wolverhampton Wanderers,home,86,15,losing,Alexis Mac Allister,MF,116.7,41.15,102.11,34.98,Z093,3.05,100.95,1,1,central,six_yard_box,head,first_time,counter_attack,1,0,2.43,3,0,0.6546,1,0,0
SYN_SHOT_002416,synthetic_modelled_not_official_event_data,2024-25,Liverpool,Premier League,LIV_PL_2024_25_10,10,2024-10-23,Ipswich Town,away,21,8,drawing,Curtis Jones,MF,104.97,46.33,91.85,39.38,Z085,14.21,27.05,1,0,central,penalty_area,right_foot,placed,counter_attack,0,0,3.22,2,0,0.1682,1,1,1
SYN_SHOT_002417,synthetic_modelled_not_official_event_data,2024-25,Liverpool,Premier League,LIV_PL_2024_25_20,20,2025-01-05,Arsenal,away,86,16,drawing,Darwin Núñez,FW,113.97,28.58,99.73,24.29,Z091,11.05,19.56,1,0,left_half_space,penalty_area,right_foot,normal,open_play,0,1,4.62,2,1,0.3869,1,1,1
SYN_SHOT_002418,synthetic_modelled_not_official_event_data,2024-25,Liverpool,Premier League,LIV_PL_2024_25_29,29,2025-03-08,Ipswich Town,home,31,35,winning,Alexis Mac Allister,MF,95.69,28.4,83.73,24.14,Z075,23.44,16.19,0,0,left_half_space,final_third_outside_box,right_foot,normal,direct_free_kick,0,0,4.49,1,0,0.0111,1,0,0
SYN_SHOT_002419,synthetic_modelled_not_official_event_data,2024-25,Liverpool,Premier League,LIV_PL_2024_25_28,28,2025-02-27,Fulham,away,34,43,winning,Mohamed Salah,FW,106.77,39.05,93.42,33.19,Z084,11.6,34.95,1,0,central,penalty_area,left_foot,normal,open_play,0,0,2.84,2,0,0.2331,1,1,1
SYN_SHOT_002420,synthetic_modelled_not_official_event_data,2024-25,Liverpool,Premier League,LIV_PL_2024_25_24,24,2025-01-29,Brighton,away,70,11,drawing,Luis Díaz,FW,110.43,35.9,96.62,30.52,Z092,9.07,41.66,1,0,central,six_yard_box,left_foot,normal,open_play,0,0,3.0,1,0,0.2891,1,1,1
SYN_SHOT_002421,synthetic_modelled_not_official_event_data,2024-25,Liverpool,Premier League,LIV_PL_2024_25_22,22,2025-01-15,Bournemouth,away,64,49,winning,Dominik Szoboszlai,MF,97.78,46.73,85.56,39.72,Z077,20.26,19.71,0,0,central,final_third_outside_box,right_foot,normal,open_play,0,0,3.04,3,0,0.0192,0,0,0
SYN_SHOT_002422,synthetic_modelled_not_official_event_data,2024-25,Liverpool,Premier League,LIV_PL_2024_25_30,30,2025-03-13,Leicester City,away,68,58,drawing,Mohamed Salah,FW,101.25,59.65,88.59,50.7,Z086,23.41,12.66,1,0,right_half_space,penalty_area,left_foot,normal,high_press_recovery,0,0,0.75,1,0,0.033,0,0,0
SYN_SHOT_002423,synthetic_modelled_not_official_event_data,2024-25,Liverpool,Premier League,LIV_PL_2024_25_37,37,2025-05-03,West Ham United,home,57,8,drawing,Dominik Szoboszlai,MF,110.1,32.56,96.34,27.68,Z092,10.72,31.96,1,0,central,six_yard_box,head,first_time,throw_in,1,0,1.11,0,0,0.1154,0,0,0
SYN_SHOT_002424,synthetic_modelled_not_official_event_data,2024-25,Liverpool,Premier League,LIV_PL_2024_25_29,29,2025-03-07,Ipswich Town,home,95,36,losing,Mohamed Salah,FW,95.63,40.35,83.67,34.29,Z077,21.33,19.47,0,0,central,final_third_outside_box,right_foot,normal,direct_free_kick,1,0,6.25,0,0,0.0238,0,0,0
SYN_SHOT_002425,synthetic_modelled_not_official_event_data,2024-25,Liverpool,Premier League,LIV_PL_2024_25_22,22,2025-01-18,Bournemouth,away,39,44,drawing,Mohamed Salah,FW,89.48,42.65,78.29,36.25,Z069,26.8,15.5,0,0,central,final_third_outside_box,left_foot,normal,free_kick_indirect,1,0,0.72,1,0,0.0084,0,0,0
SYN_SHOT_002426,synthetic_modelled_not_official_event_data,2024-25,Liverpool,Premier League,LIV_PL_2024_25_23,23,2025-01-22,Brentford,home,60,38,winning,Luis Díaz,FW,108.0,40.0,94.5,34.0,Z085,10.5,38.43,1,0,central,penalty_area,right_foot,normal,penalty,0,0,2.02,3,1,0.9581,1,1,1
SYN_SHOT_002427,synthetic_modelled_not_official_event_data,2024-25,Liverpool,Premier League,LIV_PL_2024_25_05,5,2024-09-20,Brighton,home,27,37,winning,Mohamed Salah,FW,108.0,40.0,94.5,34.0,Z085,10.5,38.43,1,0,central,penalty_area,left_foot,chip,penalty,0,0,2.18,3,1,0.9661,1,1,1
SYN_SHOT_002428,synthetic_modelled_not_official_event_data,2024-25,Liverpool,Premier League,LIV_PL_2024_25_34,34,2025-04-13,Nottingham Forest,away,10,14,winning,Mohamed Salah,FW,102.41,49.64,89.61,42.19,Z085,17.43,21.19,1,0,central,penalty_area,left_foot,normal,open_play,1,0,3.61,0,0,0.0862,0,0,0
SYN_SHOT_002429,synthetic_modelled_not_official_event_data,2024-25,Liverpool,Premier League,LIV_PL_2024_25_16,16,2024-12-06,Southampton,away,32,14,winning,Mohamed Salah,FW,100.06,68.68,87.55,58.37,Z087,29.98,8.21,0,0,right_wing,wide_final_third,right_foot,normal,open_play,1,0,0.5,2,0,0.0036,0,0,0
SYN_SHOT_002430,synthetic_modelled_not_official_event_data,2024-25,Liverpool,Premier League,LIV_PL_2024_25_01,1,2024-08-22,Arsenal,home,38,13,winning,Mohamed Salah,FW,97.86,45.91,85.63,39.03,Z077,20.01,20.12,0,0,central,final_third_outside_box,right_foot,normal,open_play,0,0,2.74,0,0,0.0376,1,0,0
SYN_SHOT_002431,synthetic_modelled_not_official_event_data,2024-25,Liverpool,Premier League,LIV_PL_2024_25_25,25,2025-02-05,Chelsea,home,70,50,drawing,Luis Díaz,FW,98.41,35.34,86.11,30.04,Z076,19.3,21.06,0,0,central,final_third_outside_box,right_foot,normal,open_play,0,0,3.8,2,0,0.0356,0,0,0
SYN_SHOT_002432,synthetic_modelled_not_official_event_data,2024-25,Liverpool,Premier League,LIV_PL_2024_25_05,5,2024-09-21,Brighton,home,86,42,drawing,Mohamed Salah,FW,106.04,19.36,92.79,16.46,Z082,21.38,11.4,1,0,left_wing,wide_final_third,left_foot,normal,counter_attack,0,1,5.63,3,1,0.1376,1,0,0
SYN_SHOT_002433,synthetic_modelled_not_official_event_data,2024-25,Liverpool,Premier League,LIV_PL_2024_25_35,35,2025-04-16,Southampton,home,38,55,winning,Mohamed Salah,FW,75.45,7.52,66.02,6.39,Z057,47.77,7.17,0,0,left_wing,middle_third,left_foot,power,open_play,1,0,2.05,5,0,0.0003,0,0,0
SYN_SHOT_002434,synthetic_modelled_not_official_event_data,2024-25,Liverpool,Premier League,LIV_PL_2024_25_37,37,2025-05-01,West Ham United,home,16,45,drawing,Mohamed Salah,FW,87.04,50.21,76.16,42.68,Z070,30.12,13.29,0,0,right_half_space,final_third_outside_box,right_foot,first_time,high_press_recovery,0,1,3.45,1,1,0.0363,1,0,0
SYN_SHOT_002435,synthetic_modelled_not_official_event_data,2024-25,Liverpool,Premier League,LIV_PL_2024_25_35,35,2025-04-18,Southampton,home,11,33,losing,Ryan Gravenberch,MF,97.04,63.5,84.91,53.97,Z079,28.33,10.56,0,0,right_wing,final_third_outside_box,right_foot,curled,open_play,0,0,1.39,5,0,0.003,1,0,0
SYN_SHOT_002436,synthetic_modelled_not_official_event_data,2024-25,Liverpool,Premier League,LIV_PL_2024_25_17,17,2024-12-11,Tottenham Hotspur,home,5,7,winning,Cody Gakpo,FW,112.09,32.78,98.08,27.87,Z092,9.25,35.08,1,0,central,six_yard_box,right_foot,volley,open_play,0,1,6.66,0,1,0.7015,0,0,0
SYN_SHOT_002437,synthetic_modelled_not_official_event_data,2024-25,Liverpool,Premier League,LIV_PL_2024_25_20,20,2025-01-05,Arsenal,away,46,46,winning,Luis Díaz,FW,101.1,51.16,88.46,43.48,Z086,19.07,19.08,0,0,right_half_space,penalty_area,right_foot,first_time,throw_in,1,0,4.24,2,0,0.0191,0,0,0
SYN_SHOT_002438,synthetic_modelled_not_official_event_data,2024-25,Liverpool,Premier League,LIV_PL_2024_25_16,16,2024-12-05,Southampton,away,82,43,winning,Virgil van Dijk,DF,102.09,45.96,89.33,39.07,Z085,16.47,23.98,1,0,central,penalty_area,right_foot,normal,free_kick_indirect,1,0,0.5,1,0,0.0493,1,1,1
SYN_SHOT_002439,synthetic_modelled_not_official_event_data,2024-25,Liverpool,Premier League,LIV_PL_2024_25_19,19,2024-12-26,Wolverhampton Wanderers,home,11,13,winning,Ryan Gravenberch,MF,100.81,43.42,88.21,36.91,Z085,17.04,23.92,0,0,central,penalty_area,right_foot,volley,open_play,1,0,2.09,3,0,0.0151,0,0,0
SYN_SHOT_002440,synthetic_modelled_not_official_event_data,2024-25,Liverpool,Premier League,LIV_PL_2024_25_16,16,2024-12-05,Southampton,away,39,4,winning,Mohamed Salah,FW,104.13,11.99,91.11,10.19,Z082,27.56,7.76,0,0,left_wing,wide_final_third,right_foot,power,high_press_recovery,1,0,1.43,4,0,0.0034,0,0,0
SYN_SHOT_002441,synthetic_modelled_not_official_event_data,2024-25,Liverpool,Premier League,LIV_PL_2024_25_08,8,2024-10-13,Everton,away,83,39,winning,Dominik Szoboszlai,MF,91.53,38.24,80.09,32.51,Z076,24.96,16.66,0,0,central,final_third_outside_box,right_foot,normal,throw_in,0,0,1.29,6,0,0.0076,1,0,0
SYN_SHOT_002442,synthetic_modelled_not_official_event_data,2024-25,Liverpool,Premier League,LIV_PL_2024_25_27,27,2025-02-20,Everton,home,64,53,drawing,Cody Gakpo,FW,103.43,29.79,90.5,25.32,Z083,16.9,21.31,1,0,left_half_space,penalty_area,right_foot,placed,open_play,0,0,2.67,0,0,0.0812,0,0,0
SYN_SHOT_002443,synthetic_modelled_not_official_event_data,2024-25,Liverpool,Premier League,LIV_PL_2024_25_19,19,2024-12-28,Wolverhampton Wanderers,home,13,43,drawing,Darwin Núñez,FW,106.35,15.57,93.05,13.23,Z082,23.96,8.87,0,0,left_wing,wide_final_third,right_foot,normal,open_play,1,0,4.63,4,0,0.0047,1,0,0
SYN_SHOT_002444,synthetic_modelled_not_official_event_data,2024-25,Liverpool,Premier League,LIV_PL_2024_25_32,32,2025-03-28,Manchester United,away,35,37,winning,Mohamed Salah,FW,88.39,33.75,77.34,28.69,Z068,28.16,14.55,0,0,central,final_third_outside_box,right_foot,first_time,open_play,1,0,2.66,4,0,0.0044,0,0,0
SYN_SHOT_002445,synthetic_modelled_not_official_event_data,2024-25,Liverpool,Premier League,LIV_PL_2024_25_08,8,2024-10-13,Everton,away,81,11,winning,Ryan Gravenberch,MF,105.8,52.7,92.57,44.8,Z086,16.46,19.45,1,0,right_half_space,penalty_area,head,normal,corner,1,0,0.5,2,0,0.017,1,0,0
SYN_SHOT_002446,synthetic_modelled_not_official_event_data,2024-25,Liverpool,Premier League,LIV_PL_2024_25_11,11,2024-11-02,Leicester City,home,43,18,winning,Luis Díaz,FW,99.87,24.81,87.38,21.09,Z075,21.84,15.54,0,0,left_half_space,final_third_outside_box,right_foot,first_time,free_kick_indirect,0,0,1.7,2,0,0.0131,0,0,0
SYN_SHOT_002447,synthetic_modelled_not_official_event_data,2024-25,Liverpool,Premier League,LIV_PL_2024_25_12,12,2024-11-08,Manchester City,away,58,43,drawing,Harvey Elliott,MF,103.45,70.15,90.52,59.63,Z088,29.43,7.08,0,0,right_wing,wide_final_third,other,normal,open_play,0,0,1.39,0,0,0.002,0,0,0
SYN_SHOT_002448,synthetic_modelled_not_official_event_data,2024-25,Liverpool,Premier League,LIV_PL_2024_25_34,34,2025-04-11,Nottingham Forest,away,10,42,drawing,Luis Díaz,FW,113.86,28.45,99.62,24.18,Z091,11.19,19.38,1,0,left_half_space,penalty_area,head,placed,corner,0,0,2.4,1,0,0.051,0,0,0
SYN_SHOT_002449,synthetic_modelled_not_official_event_data,2024-25,Liverpool,Premier League,LIV_PL_2024_25_17,17,2024-12-14,Tottenham Hotspur,home,62,18,drawing,Alexis Mac Allister,MF,116.77,24.65,102.17,20.95,Z091,13.35,7.16,1,0,left_half_space,penalty_area,left_foot,normal,counter_attack,0,0,4.68,3,0,0.0589,0,0,0
SYN_SHOT_002450,synthetic_modelled_not_official_event_data,2024-25,Liverpool,Premier League,LIV_PL_2024_25_35,35,2025-04-17,Southampton,home,77,46,losing,Diogo Jota,FW,117.53,63.9,102.84,54.32,Z095,20.43,2.24,0,0,right_wing,wide_final_third,other,normal,open_play,0,0,0.84,3,0,0.0032,0,0,0
SYN_SHOT_002451,synthetic_modelled_not_official_event_data,2024-25,Liverpool,Premier League,LIV_PL_2024_25_10,10,2024-10-26,Ipswich Town,away,45,41,winning,Dominik Szoboszlai,MF,118.33,49.39,103.54,41.98,Z093,8.11,11.53,1,1,central,six_yard_box,head,normal,corner,0,0,0.5,1,1,0.2679,1,0,0
SYN_SHOT_002452,synthetic_modelled_not_official_event_data,2024-25,Liverpool,Premier League,LIV_PL_2024_25_19,19,2024-12-29,Wolverhampton Wanderers,home,72,23,losing,Mohamed Salah,FW,79.21,50.3,69.31,42.75,Z062,36.75,11.06,0,0,right_half_space,middle_third,left_foot,normal,open_play,0,0,2.93,4,0,0.0016,0,0,0
SYN_SHOT_002453,synthetic_modelled_not_official_event_data,2024-25,Liverpool,Premier League,LIV_PL_2024_25_30,30,2025-03-14,Leicester City,away,27,23,drawing,Diogo Jota,FW,115.68,24.17,101.22,20.55,Z091,13.97,8.66,1,0,left_half_space,penalty_area,right_foot,curled,corner,1,0,4.46,1,0,0.0459,0,0,0
SYN_SHOT_002454,synthetic_modelled_not_official_event_data,2024-25,Liverpool,Premier League,LIV_PL_2024_25_18,18,2024-12-21,West Ham United,away,33,33,losing,Jayden Danns,FW,110.9,27.98,97.04,23.78,Z091,12.96,20.68,1,0,left_half_space,penalty_area,left_foot,normal,open_play,1,1,6.71,0,1,0.2967,0,0,0
SYN_SHOT_002455,synthetic_modelled_not_official_event_data,2024-25,Liverpool,Premier League,LIV_PL_2024_25_14,14,2024-11-23,Newcastle United,away,94,53,drawing,Mohamed Salah,FW,114.42,54.59,100.11,46.4,Z094,13.33,12.29,1,0,right_half_space,penalty_area,left_foot,chip,open_play,0,0,3.93,1,0,0.111,1,1,1
SYN_SHOT_002456,synthetic_modelled_not_official_event_data,2024-25,Liverpool,Premier League,LIV_PL_2024_25_22,22,2025-01-18,Bournemouth,away,27,7,drawing,Mohamed Salah,FW,106.12,12.94,92.86,11.0,Z082,26.01,7.63,0,0,left_wing,wide_final_third,left_foot,curled,open_play,0,0,4.02,2,0,0.0105,0,0,0
SYN_SHOT_002457,synthetic_modelled_not_official_event_data,2024-25,Liverpool,Premier League,LIV_PL_2024_25_27,27,2025-02-22,Everton,home,55,5,drawing,Diogo Jota,FW,81.36,29.22,71.19,24.84,Z067,35.03,11.52,0,0,left_half_space,final_third_outside_box,left_foot,normal,open_play,1,0,2.09,1,0,0.0021,1,0,0
SYN_SHOT_002458,synthetic_modelled_not_official_event_data,2024-25,Liverpool,Premier League,LIV_PL_2024_25_12,12,2024-11-08,Manchester City,away,63,45,drawing,Darwin Núñez,FW,112.21,52.19,98.18,44.36,Z094,12.4,19.57,1,0,right_half_space,penalty_area,right_foot,power,open_play,0,0,1.25,3,0,0.0592,1,0,0
SYN_SHOT_002459,synthetic_modelled_not_official_event_data,2024-25,Liverpool,Premier League,LIV_PL_2024_25_36,36,2025-04-25,Tottenham Hotspur,away,81,3,drawing,Mohamed Salah,FW,85.44,24.92,74.76,21.18,Z067,32.84,11.74,0,0,left_half_space,final_third_outside_box,left_foot,normal,high_press_recovery,1,1,2.72,1,1,0.0135,0,0,0
SYN_SHOT_002460,synthetic_modelled_not_official_event_data,2024-25,Liverpool,Premier League,LIV_PL_2024_25_08,8,2024-10-13,Everton,away,38,10,drawing,Mohamed Salah,FW,101.78,66.01,89.06,56.11,Z087,27.26,9.09,0,0,right_wing,wide_final_third,other,first_time,free_kick_indirect,1,0,0.5,2,0,0.0022,0,0,0
SYN_SHOT_002461,synthetic_modelled_not_official_event_data,2024-25,Liverpool,Premier League,LIV_PL_2024_25_24,24,2025-02-02,Brighton,away,94,55,winning,Mohamed Salah,FW,108.82,49.43,95.22,42.01,Z085,12.64,26.05,1,0,central,penalty_area,left_foot,curled,high_press_recovery,0,0,1.64,1,0,0.1543,0,0,0
SYN_SHOT_002462,synthetic_modelled_not_official_event_data,2024-25,Liverpool,Premier League,LIV_PL_2024_25_16,16,2024-12-04,Southampton,away,46,36,winning,Dominik Szoboszlai,MF,79.71,55.54,69.75,47.21,Z062,37.65,10.42,0,0,right_half_space,middle_third,head,power,counter_attack,1,0,7.11,2,0,0.0014,1,0,0
SYN_SHOT_002463,synthetic_modelled_not_official_event_data,2024-25,Liverpool,Premier League,LIV_PL_2024_25_38,38,2025-05-09,Wolverhampton Wanderers,away,71,57,drawing,Mohamed Salah,FW,106.21,69.06,92.94,58.7,Z087,27.49,6.78,0,0,right_wing,wide_final_third,head,normal,corner,0,0,4.24,1,0,0.0039,0,0,0
SYN_SHOT_002464,synthetic_modelled_not_official_event_data,2024-25,Liverpool,Premier League,LIV_PL_2024_25_21,21,2025-01-11,Aston Villa,home,2,8,winning,Mohamed Salah,FW,110.94,35.61,97.07,30.27,Z092,8.76,42.48,1,0,central,six_yard_box,other,normal,open_play,1,0,0.5,0,0,0.1726,0,0,0
SYN_SHOT_002465,synthetic_modelled_not_official_event_data,2024-25,Liverpool,Premier League,LIV_PL_2024_25_03,3,2024-09-06,Bournemouth,home,33,47,winning,Luis Díaz,FW,116.76,58.23,102.16,49.49,Z094,15.75,5.06,1,0,right_half_space,penalty_area,right_foot,curled,throw_in,0,0,1.96,1,0,0.0425,0,0,0
SYN_SHOT_002466,synthetic_modelled_not_official_event_data,2024-25,Liverpool,Premier League,LIV_PL_2024_25_26,26,2025-02-15,Crystal Palace,away,7,3,drawing,Dominik Szoboszlai,MF,96.99,29.36,84.86,24.95,Z075,22.08,17.28,0,0,left_half_space,final_third_outside_box,left_foot,normal,free_kick_indirect,1,0,0.94,3,0,0.0059,0,0,0
SYN_SHOT_002467,synthetic_modelled_not_official_event_data,2024-25,Liverpool,Premier League,LIV_PL_2024_25_36,36,2025-04-26,Tottenham Hotspur,away,95,27,drawing,Federico Chiesa,FW,103.9,37.25,90.91,31.66,Z084,14.28,28.42,1,0,central,penalty_area,other,placed,open_play,0,0,0.5,1,0,0.0541,0,0,0
SYN_SHOT_002468,synthetic_modelled_not_official_event_data,2024-25,Liverpool,Premier League,LIV_PL_2024_25_06,6,2024-09-27,Chelsea,away,80,6,winning,Mohamed Salah,FW,114.75,28.97,100.41,24.62,Z091,10.44,19.37,1,0,left_half_space,penalty_area,right_foot,first_time,free_kick_indirect,0,0,1.83,0,0,0.1727,0,0,0
SYN_SHOT_002469,synthetic_modelled_not_official_event_data,2024-25,Liverpool,Premier League,LIV_PL_2024_25_29,29,2025-03-06,Ipswich Town,home,27,40,drawing,Mohamed Salah,FW,114.71,63.28,100.37,53.79,Z095,20.33,4.85,1,0,right_wing,wide_final_third,head,volley,corner,1,1,5.52,4,1,0.0346,0,0,0
SYN_SHOT_002470,synthetic_modelled_not_official_event_data,2024-25,Liverpool,Premier League,LIV_PL_2024_25_09,9,2024-10-19,Fulham,home,7,32,winning,Darwin Núñez,FW,90.15,7.73,78.88,6.57,Z073,37.88,7.66,0,0,left_wing,final_third_outside_box,right_foot,curled,counter_attack,1,0,2.71,2,0,0.0014,0,0,0
SYN_SHOT_002471,synthetic_modelled_not_official_event_data,2024-25,Liverpool,Premier League,LIV_PL_2024_25_09,9,2024-10-18,Fulham,home,18,42,drawing,Mohamed Salah,FW,92.46,31.4,80.9,26.69,Z076,25.18,15.86,0,0,central,final_third_outside_box,left_foot,normal,open_play,1,0,2.71,0,0,0.0102,0,0,0
SYN_SHOT_002472,synthetic_modelled_not_official_event_data,2024-25,Liverpool,Premier League,LIV_PL_2024_25_28,28,2025-02-27,Fulham,away,68,9,winning,Mohamed Salah,FW,99.65,43.47,87.2,36.95,Z077,18.05,22.65,0,0,central,final_third_outside_box,right_foot,normal,throw_in,1,0,3.77,2,0,0.0379,0,0,0
SYN_SHOT_002473,synthetic_modelled_not_official_event_data,2024-25,Liverpool,Premier League,LIV_PL_2024_25_09,9,2024-10-18,Fulham,home,6,13,losing,Trey Nyoni,MF,109.73,47.19,96.01,40.12,Z085,10.87,32.12,1,0,central,penalty_area,head,normal,corner,0,0,4.51,1,0,0.1092,0,0,0
SYN_SHOT_002474,synthetic_modelled_not_official_event_data,2024-25,Liverpool,Premier League,LIV_PL_2024_25_15,15,2024-12-01,Nottingham Forest,home,56,6,winning,Mohamed Salah,FW,102.97,8.09,90.1,6.87,Z081,30.95,6.59,0,0,left_wing,wide_final_third,left_foot,normal,open_play,0,0,2.43,2,0,0.0043,0,0,0
SYN_SHOT_002475,synthetic_modelled_not_official_event_data,2024-25,Liverpool,Premier League,LIV_PL_2024_25_21,21,2025-01-11,Aston Villa,home,77,14,winning,Mohamed Salah,FW,107.37,55.39,93.95,47.08,Z086,17.12,16.12,1,0,right_half_space,penalty_area,right_foot,placed,open_play,1,0,6.57,4,0,0.0395,0,0,0
SYN_SHOT_002476,synthetic_modelled_not_official_event_data,2024-25,Liverpool,Premier League,LIV_PL_2024_25_06,6,2024-09-29,Chelsea,away,34,3,winning,Cody Gakpo,FW,107.08,54.18,93.7,46.05,Z086,16.52,17.68,1,0,right_half_space,penalty_area,right_foot,chip,counter_attack,1,0,5.19,2,0,0.0723,1,0,0
SYN_SHOT_002477,synthetic_modelled_not_official_event_data,2024-25,Liverpool,Premier League,LIV_PL_2024_25_07,7,2024-10-05,Crystal Palace,home,10,26,drawing,Mohamed Salah,FW,108.96,69.82,95.34,59.35,Z087,27.13,5.59,0,0,right_wing,wide_final_third,left_foot,normal,open_play,0,0,5.08,1,0,0.0087,1,0,0
SYN_SHOT_002478,synthetic_modelled_not_official_event_data,2024-25,Liverpool,Premier League,LIV_PL_2024_25_19,19,2024-12-25,Wolverhampton Wanderers,home,31,55,winning,Luis Díaz,FW,116.59,44.28,102.01,37.64,Z093,4.71,68.2,1,1,central,six_yard_box,left_foot,half_volley,counter_attack,1,0,0.87,0,1,0.9205,1,1,1
SYN_SHOT_002479,synthetic_modelled_not_official_event_data,2024-25,Liverpool,Premier League,LIV_PL_2024_25_15,15,2024-11-30,Nottingham Forest,home,6,37,winning,Mohamed Salah,FW,105.43,38.76,92.25,32.95,Z084,12.79,31.85,1,0,central,penalty_area,right_foot,normal,counter_attack,1,0,1.62,1,0,0.1783,1,1,1
SYN_SHOT_002480,synthetic_modelled_not_official_event_data,2024-25,Liverpool,Premier League,LIV_PL_2024_25_19,19,2024-12-27,Wolverhampton Wanderers,home,61,56,drawing,Luis Díaz,FW,96.39,46.84,84.34,39.81,Z077,21.46,18.68,0,0,central,final_third_outside_box,right_foot,volley,direct_free_kick,0,0,0.5,3,0,0.0062,0,0,0
SYN_SHOT_002481,synthetic_modelled_not_official_event_data,2024-25,Liverpool,Premier League,LIV_PL_2024_25_19,19,2024-12-27,Wolverhampton Wanderers,home,30,0,winning,Mohamed Salah,FW,77.2,24.6,67.55,20.91,Z059,39.67,9.97,0,0,left_half_space,middle_third,other,normal,open_play,0,0,1.35,3,0,0.0005,0,0,0
SYN_SHOT_002482,synthetic_modelled_not_official_event_data,2024-25,Liverpool,Premier League,LIV_PL_2024_25_23,23,2025-01-23,Brentford,home,2,51,winning,Mohamed Salah,FW,109.8,8.4,96.07,7.14,Z081,28.31,4.74,0,0,left_wing,wide_final_third,right_foot,half_volley,open_play,0,0,1.66,2,0,0.0055,0,0,0
SYN_SHOT_002483,synthetic_modelled_not_official_event_data,2024-25,Liverpool,Premier League,LIV_PL_2024_25_37,37,2025-05-03,West Ham United,home,30,2,drawing,Mohamed Salah,FW,99.18,46.21,86.78,39.28,Z077,18.97,21.06,0,0,central,final_third_outside_box,left_foot,normal,high_press_recovery,1,0,2.04,2,0,0.0281,0,0,0
SYN_SHOT_002484,synthetic_modelled_not_official_event_data,2024-25,Liverpool,Premier League,LIV_PL_2024_25_23,23,2025-01-26,Brentford,home,88,53,drawing,Diogo Jota,FW,85.83,19.81,75.1,16.84,Z066,34.47,10.55,0,0,left_wing,final_third_outside_box,right_foot,normal,open_play,1,0,4.83,2,0,0.0029,0,0,0
SYN_SHOT_002485,synthetic_modelled_not_official_event_data,2024-25,Liverpool,Premier League,LIV_PL_2024_25_35,35,2025-04-16,Southampton,home,40,37,drawing,Ryan Gravenberch,MF,85.83,23.1,75.1,19.64,Z067,33.17,11.38,0,0,left_half_space,final_third_outside_box,right_foot,normal,open_play,1,0,5.12,1,0,0.0026,0,0,0
SYN_SHOT_002486,synthetic_modelled_not_official_event_data,2024-25,Liverpool,Premier League,LIV_PL_2024_25_38,38,2025-05-11,Wolverhampton Wanderers,away,49,55,drawing,Luis Díaz,FW,117.0,34.21,102.37,29.08,Z092,5.58,47.35,1,1,central,six_yard_box,left_foot,first_time,open_play,1,1,5.43,2,1,0.8992,1,1,1
SYN_SHOT_002487,synthetic_modelled_not_official_event_data,2024-25,Liverpool,Premier League,LIV_PL_2024_25_28,28,2025-02-27,Fulham,away,32,49,losing,Trent Kone-Doherty,FW,106.5,28.81,93.19,24.49,Z083,15.16,21.77,1,0,left_half_space,penalty_area,right_foot,normal,open_play,0,0,7.97,3,0,0.0556,0,0,0
SYN_SHOT_002488,synthetic_modelled_not_official_event_data,2024-25,Liverpool,Premier League,LIV_PL_2024_25_32,32,2025-03-26,Manchester United,away,6,57,losing,Mohamed Salah,FW,119.5,24.55,104.56,20.87,Z091,13.14,1.15,1,0,left_half_space,penalty_area,right_foot,normal,open_play,1,0,0.61,0,0,0.0561,0,0,0
SYN_SHOT_002489,synthetic_modelled_not_official_event_data,2024-25,Liverpool,Premier League,LIV_PL_2024_25_16,16,2024-12-05,Southampton,away,51,3,winning,Mohamed Salah,FW,98.87,31.14,86.51,26.47,Z076,19.96,19.36,0,0,central,final_third_outside_box,right_foot,half_volley,free_kick_indirect,0,0,1.33,3,0,0.0146,0,0,0
SYN_SHOT_002490,synthetic_modelled_not_official_event_data,2024-25,Liverpool,Premier League,LIV_PL_2024_25_14,14,2024-11-20,Newcastle United,away,81,59,winning,Dominik Szoboszlai,MF,107.15,21.93,93.75,18.64,Z083,19.04,13.28,1,0,left_half_space,penalty_area,left_foot,volley,open_play,0,1,5.12,4,1,0.1136,0,0,0
SYN_SHOT_002491,synthetic_modelled_not_official_event_data,2024-25,Liverpool,Premier League,LIV_PL_2024_25_08,8,2024-10-12,Everton,away,14,15,losing,Curtis Jones,MF,108.47,22.35,94.91,19.0,Z083,18.08,13.25,1,0,left_half_space,penalty_area,right_foot,first_time,open_play,0,0,0.5,0,0,0.0454,1,0,0
SYN_SHOT_002492,synthetic_modelled_not_official_event_data,2024-25,Liverpool,Premier League,LIV_PL_2024_25_09,9,2024-10-18,Fulham,home,22,5,winning,Luis Díaz,FW,74.66,79.0,65.33,67.15,Z064,51.7,6.23,0,0,right_wing,middle_third,right_foot,curled,open_play,0,0,2.38,1,0,0.0003,0,0,0
SYN_SHOT_002493,synthetic_modelled_not_official_event_data,2024-25,Liverpool,Premier League,LIV_PL_2024_25_19,19,2024-12-26,Wolverhampton Wanderers,home,69,26,winning,Mohamed Salah,FW,119.5,56.12,104.56,47.7,Z094,13.71,1.05,1,0,right_half_space,penalty_area,left_foot,half_volley,open_play,0,0,6.02,1,0,0.0764,0,0,0
SYN_SHOT_002494,synthetic_modelled_not_official_event_data,2024-25,Liverpool,Premier League,LIV_PL_2024_25_31,31,2025-03-20,Manchester City,home,90,5,drawing,Mohamed Salah,FW,85.72,35.4,75.0,30.09,Z068,30.25,13.68,0,0,central,final_third_outside_box,right_foot,normal,open_play,1,0,1.67,3,0,0.0034,0,0,0
SYN_SHOT_002495,synthetic_modelled_not_official_event_data,2024-25,Liverpool,Premier League,LIV_PL_2024_25_07,7,2024-10-05,Crystal Palace,home,25,11,drawing,Mohamed Salah,FW,108.2,71.82,94.68,61.04,Z088,28.95,5.24,0,0,right_wing,wide_final_third,right_foot,normal,counter_attack,0,0,1.87,3,0,0.0042,0,0,0
SYN_SHOT_002496,synthetic_modelled_not_official_event_data,2024-25,Liverpool,Premier League,LIV_PL_2024_25_08,8,2024-10-10,Everton,away,47,7,losing,Cody Gakpo,FW,110.29,48.36,96.5,41.11,Z093,11.08,29.65,1,0,central,six_yard_box,left_foot,normal,high_press_recovery,0,1,6.88,2,1,0.5291,1,0,0
SYN_SHOT_002497,synthetic_modelled_not_official_event_data,2024-25,Liverpool,Premier League,LIV_PL_2024_25_11,11,2024-11-03,Leicester City,home,67,16,drawing,Alexis Mac Allister,MF,108.64,37.79,95.06,32.12,Z084,10.12,39.27,1,0,central,penalty_area,left_foot,normal,open_play,1,0,0.98,1,0,0.1753,1,1,1
SYN_SHOT_002498,synthetic_modelled_not_official_event_data,2024-25,Liverpool,Premier League,LIV_PL_2024_25_13,13,2024-11-17,Manchester United,home,35,16,losing,Curtis Jones,MF,79.03,21.11,69.15,17.94,Z059,39.28,9.73,0,0,left_half_space,middle_third,head,normal,free_kick_indirect,0,0,6.11,2,0,0.0011,0,0,0
SYN_SHOT_002499,synthetic_modelled_not_official_event_data,2024-25,Liverpool,Premier League,LIV_PL_2024_25_26,26,2025-02-15,Crystal Palace,away,64,58,winning,Cody Gakpo,FW,110.12,64.76,96.36,55.05,Z095,22.75,7.15,0,0,right_wing,wide_final_third,right_foot,half_volley,open_play,0,0,4.62,2,0,0.0126,0,0,0
SYN_SHOT_002500,synthetic_modelled_not_official_event_data,2024-25,Liverpool,Premier League,LIV_PL_2024_25_32,32,2025-03-30,Manchester United,away,52,45,losing,Mohamed Salah,FW,111.56,49.92,97.61,42.43,Z093,11.21,25.72,1,0,central,six_yard_box,right_foot,volley,open_play,0,0,1.86,0,0,0.1904,0,0,0
